hour_of_year,timestamp,load_mwh,wind_speed_m_s,solar_radiation_kw_m2
1,2023-01-01 00:00:00,21.23946396251068,6.52,0.0
2,2023-01-01 01:00:00,19.91199746485376,6.74,0.0
3,2023-01-01 02:00:00,20.70847736344791,7.0,0.0
4,2023-01-01 03:00:00,21.23946396251068,7.03,0.0
5,2023-01-01 04:00:00,22.03594386110483,6.81,0.0
6,2023-01-01 05:00:00,22.83242375969898,7.13,0.0
7,2023-01-01 06:00:00,23.62890365829313,7.27,0.0
8,2023-01-01 07:00:00,23.89439695782451,7.32,0.0
9,2023-01-01 08:00:00,24.42538355688728,7.31,0.046
10,2023-01-01 09:00:00,25.221863455481422,7.29,0.239
11,2023-01-01 10:00:00,24.95637015595005,7.15,0.441
12,2023-01-01 11:00:00,25.48735675501281,6.77,0.595
13,2023-01-01 12:00:00,25.48735675501281,6.8,0.727
14,2023-01-01 13:00:00,24.95637015595005,7.19,0.767
15,2023-01-01 14:00:00,23.89439695782451,7.78,0.739
16,2023-01-01 15:00:00,23.89439695782451,7.83,0.621
17,2023-01-01 16:00:00,24.690876856418654,7.68,0.444
18,2023-01-01 17:00:00,25.48735675501281,7.42,0.237
19,2023-01-01 18:00:00,26.549329953138344,7.7,0.073
20,2023-01-01 19:00:00,26.549329953138344,8.14,0.002
21,2023-01-01 20:00:00,26.28383665360696,8.1,0.0
22,2023-01-01 21:00:00,24.95637015595005,8.14,0.0
23,2023-01-01 22:00:00,22.30143716063621,8.08,0.0
24,2023-01-01 23:00:00,22.03594386110483,8.54,0.0
25,2023-01-02 00:00:00,30.082055409239292,8.86,0.0
26,2023-01-02 01:00:00,28.20192694616184,8.93,0.0
27,2023-01-02 02:00:00,29.330004024008307,8.79,0.0
28,2023-01-02 03:00:00,30.082055409239292,9.12,0.0
29,2023-01-02 04:00:00,31.210132487085765,9.54,0.0
30,2023-01-02 05:00:00,32.33820956493224,9.47,0.0
31,2023-01-02 06:00:00,33.46628664277871,9.69,0.0
32,2023-01-02 07:00:00,33.842312335394205,9.92,0.0
33,2023-01-02 08:00:00,34.59436372062519,9.97,0.053
34,2023-01-02 09:00:00,35.72244079847166,9.6,0.213
35,2023-01-02 10:00:00,35.346415105856174,9.14,0.421
36,2023-01-02 11:00:00,36.09846649108715,8.41,0.592
37,2023-01-02 12:00:00,36.09846649108715,7.96,0.712
38,2023-01-02 13:00:00,35.346415105856174,7.84,0.748
39,2023-01-02 14:00:00,33.842312335394205,7.64,0.735
40,2023-01-02 15:00:00,33.842312335394205,7.41,0.595
41,2023-01-02 16:00:00,34.97038941324068,7.32,0.391
42,2023-01-02 17:00:00,36.09846649108715,7.41,0.2
43,2023-01-02 18:00:00,37.60256926154912,7.63,0.053
44,2023-01-02 19:00:00,37.60256926154912,8.28,0.002
45,2023-01-02 20:00:00,37.22654356893362,8.99,0.0
46,2023-01-02 21:00:00,35.346415105856174,9.06,0.0
47,2023-01-02 22:00:00,31.58615817970125,9.25,0.0
48,2023-01-02 23:00:00,31.210132487085765,9.01,0.0
49,2023-01-03 00:00:00,31.327490824271496,8.99,0.0
50,2023-01-03 01:00:00,29.36952264775453,9.49,0.0
51,2023-01-03 02:00:00,30.5443035536647,9.94,0.0
52,2023-01-03 03:00:00,31.327490824271496,10.22,0.0
53,2023-01-03 04:00:00,32.502271730181675,10.57,0.0
54,2023-01-03 05:00:00,33.67705263609186,10.92,0.0
55,2023-01-03 06:00:00,34.85183354200204,10.99,0.0
56,2023-01-03 07:00:00,35.243427177305435,10.85,0.0
57,2023-01-03 08:00:00,36.02661444791222,10.83,0.057
58,2023-01-03 09:00:00,37.2013953538224,10.34,0.251
59,2023-01-03 10:00:00,36.809801718519005,9.62,0.463
60,2023-01-03 11:00:00,37.59298898912579,9.55,0.628
61,2023-01-03 12:00:00,37.59298898912579,9.01,0.649
62,2023-01-03 13:00:00,36.809801718519005,8.75,0.625
63,2023-01-03 14:00:00,35.243427177305435,8.51,0.775
64,2023-01-03 15:00:00,35.243427177305435,8.54,0.66
65,2023-01-03 16:00:00,36.41820808321561,8.08,0.362
66,2023-01-03 17:00:00,37.59298898912579,6.84,0.208
67,2023-01-03 18:00:00,39.15936353033937,6.96,0.065
68,2023-01-03 19:00:00,39.15936353033937,7.74,0.002
69,2023-01-03 20:00:00,38.767769895035975,8.32,0.0
70,2023-01-03 21:00:00,36.809801718519005,8.79,0.0
71,2023-01-03 22:00:00,32.89386536548506,8.69,0.0
72,2023-01-03 23:00:00,32.502271730181675,9.17,0.0
73,2023-01-04 00:00:00,30.529134788994448,8.95,0.0
74,2023-01-04 01:00:00,28.62106386468229,8.81,0.0
75,2023-01-04 02:00:00,29.765906419269584,8.63,0.0
76,2023-01-04 03:00:00,30.529134788994448,8.86,0.0
77,2023-01-04 04:00:00,31.673977343581736,8.73,0.0
78,2023-01-04 05:00:00,32.81881989816903,8.73,0.0
79,2023-01-04 06:00:00,33.963662452756324,9.14,0.0
80,2023-01-04 07:00:00,34.34527663761875,9.09,0.0
81,2023-01-04 08:00:00,35.10850500734361,9.04,0.05
82,2023-01-04 09:00:00,36.253347561930894,8.5,0.245
83,2023-01-04 10:00:00,35.871733377068466,8.46,0.454
84,2023-01-04 11:00:00,36.63496174679333,8.44,0.623
85,2023-01-04 12:00:00,36.63496174679333,8.18,0.684
86,2023-01-04 13:00:00,35.871733377068466,8.28,0.711
87,2023-01-04 14:00:00,34.34527663761875,8.21,0.755
88,2023-01-04 15:00:00,34.34527663761875,7.99,0.663
89,2023-01-04 16:00:00,35.49011919220604,7.71,0.507
90,2023-01-04 17:00:00,36.63496174679333,7.57,0.303
91,2023-01-04 18:00:00,38.16141848624306,7.28,0.1
92,2023-01-04 19:00:00,38.16141848624306,7.49,0.002
93,2023-01-04 20:00:00,37.77980430138062,7.96,0.0
94,2023-01-04 21:00:00,35.871733377068466,7.78,0.0
95,2023-01-04 22:00:00,32.05559152844417,7.65,0.0
96,2023-01-04 23:00:00,31.673977343581736,8.54,0.0
97,2023-01-05 00:00:00,31.934241411082056,8.8,0.0
98,2023-01-05 01:00:00,29.938351322889424,8.55,0.0
99,2023-01-05 02:00:00,31.135885375805,8.33,0.0
100,2023-01-05 03:00:00,31.934241411082056,8.46,0.0
101,2023-01-05 04:00:00,33.131775463997634,8.64,0.0
102,2023-01-05 05:00:00,34.329309516913206,8.55,0.0
103,2023-01-05 06:00:00,35.526843569828785,8.78,0.0
104,2023-01-05 07:00:00,35.92602158746731,8.95,0.0
105,2023-01-05 08:00:00,36.72437762274437,8.9,0.05
106,2023-01-05 09:00:00,37.921911675659935,8.36,0.239
107,2023-01-05 10:00:00,37.52273365802141,8.22,0.442
108,2023-01-05 11:00:00,38.32108969329847,8.2,0.622
109,2023-01-05 12:00:00,38.32108969329847,8.71,0.742
110,2023-01-05 13:00:00,37.52273365802141,8.75,0.788
111,2023-01-05 14:00:00,35.92602158746731,8.61,0.75
112,2023-01-05 15:00:00,35.92602158746731,8.48,0.634
113,2023-01-05 16:00:00,37.12355564038289,8.3,0.444
114,2023-01-05 17:00:00,38.32108969329847,8.07,0.246
115,2023-01-05 18:00:00,39.91780176385257,7.86,0.084
116,2023-01-05 19:00:00,39.91780176385257,8.08,0.002
117,2023-01-05 20:00:00,39.51862374621405,8.06,0.0
118,2023-01-05 21:00:00,37.52273365802141,8.19,0.0
119,2023-01-05 22:00:00,33.53095348163616,8.36,0.0
120,2023-01-05 23:00:00,33.131775463997634,8.14,0.0
121,2023-01-06 00:00:00,31.135885375805,8.1,0.0
122,2023-01-06 01:00:00,29.18989253981719,7.96,0.0
123,2023-01-06 02:00:00,30.35748824140988,7.92,0.0
124,2023-01-06 03:00:00,31.135885375805,7.92,0.0
125,2023-01-06 04:00:00,32.303481077397684,8.21,0.0
126,2023-01-06 05:00:00,33.47107677899038,8.67,0.0
127,2023-01-06 06:00:00,34.63867248058306,8.89,0.0
128,2023-01-06 07:00:00,35.02787104778063,9.33,0.0
129,2023-01-06 08:00:00,35.80626818217576,9.36,0.053
130,2023-01-06 09:00:00,36.97386388376844,9.08,0.194
131,2023-01-06 10:00:00,36.58466531657088,9.34,0.398
132,2023-01-06 11:00:00,37.363062450966005,9.64,0.579
133,2023-01-06 12:00:00,37.363062450966005,9.35,0.719
134,2023-01-06 13:00:00,36.58466531657088,9.21,0.713
135,2023-01-06 14:00:00,35.02787104778063,8.99,0.677
136,2023-01-06 15:00:00,35.02787104778063,8.72,0.616
137,2023-01-06 16:00:00,36.19546674937332,8.75,0.51
138,2023-01-06 17:00:00,37.363062450966005,8.71,0.296
139,2023-01-06 18:00:00,38.91985671975626,8.71,0.092
140,2023-01-06 19:00:00,38.91985671975626,9.49,0.003
141,2023-01-06 20:00:00,38.5306581525587,9.58,0.0
142,2023-01-06 21:00:00,36.58466531657088,9.22,0.0
143,2023-01-06 22:00:00,32.69267964459525,8.92,0.0
144,2023-01-06 23:00:00,32.303481077397684,9.4,0.0
145,2023-01-07 00:00:00,21.929243576990046,9.25,0.0
146,2023-01-07 01:00:00,20.558665853428167,8.81,0.0
147,2023-01-07 02:00:00,21.381012487565297,8.41,0.0
148,2023-01-07 03:00:00,21.929243576990046,8.05,0.0
149,2023-01-07 04:00:00,22.751590211127173,8.5,0.0
150,2023-01-07 05:00:00,23.573936845264303,8.82,0.0
151,2023-01-07 06:00:00,24.396283479401426,8.77,0.0
152,2023-01-07 07:00:00,24.67039902411381,9.17,0.0
153,2023-01-07 08:00:00,25.218630113538552,9.93,0.013
154,2023-01-07 09:00:00,26.04097674767568,10.16,0.059
155,2023-01-07 10:00:00,25.766861202963312,10.11,0.191
156,2023-01-07 11:00:00,26.31509229238806,10.43,0.192
157,2023-01-07 12:00:00,26.31509229238806,10.69,0.254
158,2023-01-07 13:00:00,25.766861202963312,10.11,0.31
159,2023-01-07 14:00:00,24.67039902411381,9.62,0.267
160,2023-01-07 15:00:00,24.67039902411381,8.9,0.292
161,2023-01-07 16:00:00,25.49274565825093,8.88,0.242
162,2023-01-07 17:00:00,26.31509229238806,9.14,0.124
163,2023-01-07 18:00:00,27.41155447123756,9.44,0.048
164,2023-01-07 19:00:00,27.41155447123756,9.63,0.002
165,2023-01-07 20:00:00,27.13743892652518,9.42,0.0
166,2023-01-07 21:00:00,25.766861202963312,9.38,0.0
167,2023-01-07 22:00:00,23.02570575583956,9.42,0.0
168,2023-01-07 23:00:00,22.751590211127173,9.31,0.0
169,2023-01-08 00:00:00,21.23946396251068,10.02,0.0
170,2023-01-08 01:00:00,19.91199746485376,9.44,0.0
171,2023-01-08 02:00:00,20.70847736344791,9.73,0.0
172,2023-01-08 03:00:00,21.23946396251068,9.49,0.0
173,2023-01-08 04:00:00,22.03594386110483,9.1,0.0
174,2023-01-08 05:00:00,22.83242375969898,10.01,0.0
175,2023-01-08 06:00:00,23.62890365829313,9.75,0.0
176,2023-01-08 07:00:00,23.89439695782451,9.58,0.0
177,2023-01-08 08:00:00,24.42538355688728,9.42,0.042
178,2023-01-08 09:00:00,25.221863455481422,9.27,0.219
179,2023-01-08 10:00:00,24.95637015595005,8.89,0.434
180,2023-01-08 11:00:00,25.48735675501281,9.98,0.624
181,2023-01-08 12:00:00,25.48735675501281,9.75,0.691
182,2023-01-08 13:00:00,24.95637015595005,9.35,0.778
183,2023-01-08 14:00:00,23.89439695782451,8.82,0.488
184,2023-01-08 15:00:00,23.89439695782451,8.5,0.649
185,2023-01-08 16:00:00,24.690876856418654,7.71,0.438
186,2023-01-08 17:00:00,25.48735675501281,7.65,0.282
187,2023-01-08 18:00:00,26.549329953138344,7.72,0.109
188,2023-01-08 19:00:00,26.549329953138344,7.78,0.003
189,2023-01-08 20:00:00,26.28383665360696,8.28,0.0
190,2023-01-08 21:00:00,24.95637015595005,8.94,0.0
191,2023-01-08 22:00:00,22.30143716063621,8.59,0.0
192,2023-01-08 23:00:00,22.03594386110483,9.79,0.0
193,2023-01-09 00:00:00,30.082055409239292,9.84,0.0
194,2023-01-09 01:00:00,28.20192694616184,9.67,0.0
195,2023-01-09 02:00:00,29.330004024008307,9.42,0.0
196,2023-01-09 03:00:00,30.082055409239292,9.15,0.0
197,2023-01-09 04:00:00,31.210132487085765,8.54,0.0
198,2023-01-09 05:00:00,32.33820956493224,7.99,0.0
199,2023-01-09 06:00:00,33.46628664277871,8.13,0.0
200,2023-01-09 07:00:00,33.842312335394205,8.14,0.0
201,2023-01-09 08:00:00,34.59436372062519,7.69,0.051
202,2023-01-09 09:00:00,35.72244079847166,7.51,0.239
203,2023-01-09 10:00:00,35.346415105856174,8.23,0.449
204,2023-01-09 11:00:00,36.09846649108715,8.71,0.627
205,2023-01-09 12:00:00,36.09846649108715,8.32,0.748
206,2023-01-09 13:00:00,35.346415105856174,8.41,0.792
207,2023-01-09 14:00:00,33.842312335394205,8.03,0.767
208,2023-01-09 15:00:00,33.842312335394205,7.44,0.671
209,2023-01-09 16:00:00,34.97038941324068,7.14,0.507
210,2023-01-09 17:00:00,36.09846649108715,6.65,0.315
211,2023-01-09 18:00:00,37.60256926154912,6.64,0.112
212,2023-01-09 19:00:00,37.60256926154912,6.74,0.003
213,2023-01-09 20:00:00,37.22654356893362,7.16,0.0
214,2023-01-09 21:00:00,35.346415105856174,7.63,0.0
215,2023-01-09 22:00:00,31.58615817970125,7.78,0.0
216,2023-01-09 23:00:00,31.210132487085765,8.77,0.0
217,2023-01-10 00:00:00,31.327490824271496,8.64,0.0
218,2023-01-10 01:00:00,29.36952264775453,8.1,0.0
219,2023-01-10 02:00:00,30.5443035536647,7.79,0.0
220,2023-01-10 03:00:00,31.327490824271496,7.47,0.0
221,2023-01-10 04:00:00,32.502271730181675,7.93,0.0
222,2023-01-10 05:00:00,33.67705263609186,8.04,0.0
223,2023-01-10 06:00:00,34.85183354200204,7.83,0.0
224,2023-01-10 07:00:00,35.243427177305435,7.69,0.0
225,2023-01-10 08:00:00,36.02661444791222,7.83,0.049
226,2023-01-10 09:00:00,37.2013953538224,7.48,0.231
227,2023-01-10 10:00:00,36.809801718519005,7.83,0.439
228,2023-01-10 11:00:00,37.59298898912579,8.59,0.613
229,2023-01-10 12:00:00,37.59298898912579,8.88,0.734
230,2023-01-10 13:00:00,36.809801718519005,9.08,0.788
231,2023-01-10 14:00:00,35.243427177305435,9.27,0.766
232,2023-01-10 15:00:00,35.243427177305435,9.71,0.674
233,2023-01-10 16:00:00,36.41820808321561,9.77,0.516
234,2023-01-10 17:00:00,37.59298898912579,9.66,0.32
235,2023-01-10 18:00:00,39.15936353033937,10.18,0.113
236,2023-01-10 19:00:00,39.15936353033937,10.83,0.004
237,2023-01-10 20:00:00,38.767769895035975,10.96,0.0
238,2023-01-10 21:00:00,36.809801718519005,11.49,0.0
239,2023-01-10 22:00:00,32.89386536548506,11.62,0.0
240,2023-01-10 23:00:00,32.502271730181675,11.23,0.0
241,2023-01-11 00:00:00,30.529134788994448,11.26,0.0
242,2023-01-11 01:00:00,28.62106386468229,11.04,0.0
243,2023-01-11 02:00:00,29.765906419269584,11.01,0.0
244,2023-01-11 03:00:00,30.529134788994448,10.98,0.0
245,2023-01-11 04:00:00,31.673977343581736,11.32,0.0
246,2023-01-11 05:00:00,32.81881989816903,11.54,0.0
247,2023-01-11 06:00:00,33.963662452756324,11.68,0.0
248,2023-01-11 07:00:00,34.34527663761875,11.73,0.0
249,2023-01-11 08:00:00,35.10850500734361,11.4,0.05
250,2023-01-11 09:00:00,36.253347561930894,10.91,0.238
251,2023-01-11 10:00:00,35.871733377068466,10.62,0.45
252,2023-01-11 11:00:00,36.63496174679333,10.54,0.627
253,2023-01-11 12:00:00,36.63496174679333,10.46,0.746
254,2023-01-11 13:00:00,35.871733377068466,10.35,0.798
255,2023-01-11 14:00:00,34.34527663761875,10.07,0.776
256,2023-01-11 15:00:00,34.34527663761875,9.69,0.683
257,2023-01-11 16:00:00,35.49011919220604,9.44,0.527
258,2023-01-11 17:00:00,36.63496174679333,9.36,0.325
259,2023-01-11 18:00:00,38.16141848624306,9.82,0.116
260,2023-01-11 19:00:00,38.16141848624306,10.35,0.004
261,2023-01-11 20:00:00,37.77980430138062,10.88,0.0
262,2023-01-11 21:00:00,35.871733377068466,11.11,0.0
263,2023-01-11 22:00:00,32.05559152844417,11.61,0.0
264,2023-01-11 23:00:00,31.673977343581736,12.32,0.0
265,2023-01-12 00:00:00,31.934241411082056,11.94,0.0
266,2023-01-12 01:00:00,29.938351322889424,11.84,0.0
267,2023-01-12 02:00:00,31.135885375805,11.7,0.0
268,2023-01-12 03:00:00,31.934241411082056,11.42,0.0
269,2023-01-12 04:00:00,33.131775463997634,11.39,0.0
270,2023-01-12 05:00:00,34.329309516913206,11.61,0.0
271,2023-01-12 06:00:00,35.526843569828785,11.51,0.0
272,2023-01-12 07:00:00,35.92602158746731,11.76,0.0
273,2023-01-12 08:00:00,36.72437762274437,12.02,0.05
274,2023-01-12 09:00:00,37.921911675659935,11.99,0.237
275,2023-01-12 10:00:00,37.52273365802141,11.94,0.448
276,2023-01-12 11:00:00,38.32108969329847,11.57,0.627
277,2023-01-12 12:00:00,38.32108969329847,11.61,0.745
278,2023-01-12 13:00:00,37.52273365802141,11.55,0.794
279,2023-01-12 14:00:00,35.92602158746731,11.45,0.78
280,2023-01-12 15:00:00,35.92602158746731,11.27,0.687
281,2023-01-12 16:00:00,37.12355564038289,10.87,0.53
282,2023-01-12 17:00:00,38.32108969329847,10.78,0.328
283,2023-01-12 18:00:00,39.91780176385257,11.11,0.118
284,2023-01-12 19:00:00,39.91780176385257,11.19,0.004
285,2023-01-12 20:00:00,39.51862374621405,10.97,0.0
286,2023-01-12 21:00:00,37.52273365802141,10.64,0.0
287,2023-01-12 22:00:00,33.53095348163616,10.25,0.0
288,2023-01-12 23:00:00,33.131775463997634,10.15,0.0
289,2023-01-13 00:00:00,31.135885375805,9.96,0.0
290,2023-01-13 01:00:00,29.18989253981719,9.84,0.0
291,2023-01-13 02:00:00,30.35748824140988,10.02,0.0
292,2023-01-13 03:00:00,31.135885375805,10.15,0.0
293,2023-01-13 04:00:00,32.303481077397684,10.06,0.0
294,2023-01-13 05:00:00,33.47107677899038,10.28,0.0
295,2023-01-13 06:00:00,34.63867248058306,10.4,0.0
296,2023-01-13 07:00:00,35.02787104778063,10.34,0.0
297,2023-01-13 08:00:00,35.80626818217576,10.12,0.05
298,2023-01-13 09:00:00,36.97386388376844,9.55,0.237
299,2023-01-13 10:00:00,36.58466531657088,9.46,0.447
300,2023-01-13 11:00:00,37.363062450966005,9.25,0.628
301,2023-01-13 12:00:00,37.363062450966005,9.06,0.748
302,2023-01-13 13:00:00,36.58466531657088,8.69,0.803
303,2023-01-13 14:00:00,35.02787104778063,8.38,0.781
304,2023-01-13 15:00:00,35.02787104778063,8.15,0.688
305,2023-01-13 16:00:00,36.19546674937332,7.93,0.531
306,2023-01-13 17:00:00,37.363062450966005,7.47,0.33
307,2023-01-13 18:00:00,38.91985671975626,6.58,0.12
308,2023-01-13 19:00:00,38.91985671975626,6.45,0.005
309,2023-01-13 20:00:00,38.5306581525587,6.59,0.0
310,2023-01-13 21:00:00,36.58466531657088,7.09,0.0
311,2023-01-13 22:00:00,32.69267964459525,7.4,0.0
312,2023-01-13 23:00:00,32.303481077397684,7.84,0.0
313,2023-01-14 00:00:00,21.929243576990046,7.62,0.0
314,2023-01-14 01:00:00,20.558665853428167,7.59,0.0
315,2023-01-14 02:00:00,21.381012487565297,7.6,0.0
316,2023-01-14 03:00:00,21.929243576990046,7.42,0.0
317,2023-01-14 04:00:00,22.751590211127173,7.65,0.0
318,2023-01-14 05:00:00,23.573936845264303,8.01,0.0
319,2023-01-14 06:00:00,24.396283479401426,8.78,0.0
320,2023-01-14 07:00:00,24.67039902411381,9.24,0.0
321,2023-01-14 08:00:00,25.218630113538552,9.17,0.049
322,2023-01-14 09:00:00,26.04097674767568,8.54,0.238
323,2023-01-14 10:00:00,25.766861202963312,8.79,0.452
324,2023-01-14 11:00:00,26.31509229238806,9.3,0.632
325,2023-01-14 12:00:00,26.31509229238806,9.14,0.756
326,2023-01-14 13:00:00,25.766861202963312,8.82,0.808
327,2023-01-14 14:00:00,24.67039902411381,8.63,0.787
328,2023-01-14 15:00:00,24.67039902411381,8.45,0.693
329,2023-01-14 16:00:00,25.49274565825093,8.51,0.536
330,2023-01-14 17:00:00,26.31509229238806,8.45,0.334
331,2023-01-14 18:00:00,27.41155447123756,8.59,0.122
332,2023-01-14 19:00:00,27.41155447123756,8.86,0.005
333,2023-01-14 20:00:00,27.13743892652518,9.06,0.0
334,2023-01-14 21:00:00,25.766861202963312,9.02,0.0
335,2023-01-14 22:00:00,23.02570575583956,8.89,0.0
336,2023-01-14 23:00:00,22.751590211127173,9.66,0.0
337,2023-01-15 00:00:00,21.23946396251068,9.53,0.0
338,2023-01-15 01:00:00,19.91199746485376,9.41,0.0
339,2023-01-15 02:00:00,20.70847736344791,9.44,0.0
340,2023-01-15 03:00:00,21.23946396251068,9.2,0.0
341,2023-01-15 04:00:00,22.03594386110483,8.98,0.0
342,2023-01-15 05:00:00,22.83242375969898,8.83,0.0
343,2023-01-15 06:00:00,23.62890365829313,8.79,0.0
344,2023-01-15 07:00:00,23.89439695782451,8.95,0.0
345,2023-01-15 08:00:00,24.42538355688728,8.89,0.05
346,2023-01-15 09:00:00,25.221863455481422,8.52,0.24
347,2023-01-15 10:00:00,24.95637015595005,8.39,0.454
348,2023-01-15 11:00:00,25.48735675501281,8.34,0.636
349,2023-01-15 12:00:00,25.48735675501281,8.29,0.758
350,2023-01-15 13:00:00,24.95637015595005,8.28,0.812
351,2023-01-15 14:00:00,23.89439695782451,8.01,0.791
352,2023-01-15 15:00:00,23.89439695782451,7.56,0.697
353,2023-01-15 16:00:00,24.690876856418654,7.16,0.54
354,2023-01-15 17:00:00,25.48735675501281,6.74,0.337
355,2023-01-15 18:00:00,26.549329953138344,6.79,0.125
356,2023-01-15 19:00:00,26.549329953138344,7.4,0.005
357,2023-01-15 20:00:00,26.28383665360696,7.75,0.0
358,2023-01-15 21:00:00,24.95637015595005,7.88,0.0
359,2023-01-15 22:00:00,22.30143716063621,7.84,0.0
360,2023-01-15 23:00:00,22.03594386110483,8.3,0.0
361,2023-01-16 00:00:00,30.082055409239292,7.98,0.0
362,2023-01-16 01:00:00,28.20192694616184,7.48,0.0
363,2023-01-16 02:00:00,29.330004024008307,7.45,0.0
364,2023-01-16 03:00:00,30.082055409239292,7.6,0.0
365,2023-01-16 04:00:00,31.210132487085765,8.0,0.0
366,2023-01-16 05:00:00,32.33820956493224,8.13,0.0
367,2023-01-16 06:00:00,33.46628664277871,7.94,0.0
368,2023-01-16 07:00:00,33.842312335394205,7.84,0.0
369,2023-01-16 08:00:00,34.59436372062519,8.14,0.03
370,2023-01-16 09:00:00,35.72244079847166,7.76,0.147
371,2023-01-16 10:00:00,35.346415105856174,7.65,0.417
372,2023-01-16 11:00:00,36.09846649108715,7.49,0.449
373,2023-01-16 12:00:00,36.09846649108715,7.36,0.369
374,2023-01-16 13:00:00,35.346415105856174,7.2,0.311
375,2023-01-16 14:00:00,33.842312335394205,7.08,0.25
376,2023-01-16 15:00:00,33.842312335394205,6.73,0.368
377,2023-01-16 16:00:00,34.97038941324068,5.81,0.292
378,2023-01-16 17:00:00,36.09846649108715,5.48,0.206
379,2023-01-16 18:00:00,37.60256926154912,5.59,0.064
380,2023-01-16 19:00:00,37.60256926154912,4.91,0.005
381,2023-01-16 20:00:00,37.22654356893362,4.92,0.0
382,2023-01-16 21:00:00,35.346415105856174,5.32,0.0
383,2023-01-16 22:00:00,31.58615817970125,6.0,0.0
384,2023-01-16 23:00:00,31.210132487085765,8.48,0.0
385,2023-01-17 00:00:00,31.327490824271496,8.7,0.0
386,2023-01-17 01:00:00,29.36952264775453,7.88,0.0
387,2023-01-17 02:00:00,30.5443035536647,7.79,0.0
388,2023-01-17 03:00:00,31.327490824271496,8.3,0.0
389,2023-01-17 04:00:00,32.502271730181675,7.91,0.0
390,2023-01-17 05:00:00,33.67705263609186,8.13,0.0
391,2023-01-17 06:00:00,34.85183354200204,8.51,0.0
392,2023-01-17 07:00:00,35.243427177305435,9.2,0.0
393,2023-01-17 08:00:00,36.02661444791222,10.77,0.014
394,2023-01-17 09:00:00,37.2013953538224,9.76,0.088
395,2023-01-17 10:00:00,36.809801718519005,8.95,0.228
396,2023-01-17 11:00:00,37.59298898912579,10.83,0.295
397,2023-01-17 12:00:00,37.59298898912579,9.66,0.458
398,2023-01-17 13:00:00,36.809801718519005,7.97,0.386
399,2023-01-17 14:00:00,35.243427177305435,7.31,0.407
400,2023-01-17 15:00:00,35.243427177305435,7.38,0.289
401,2023-01-17 16:00:00,36.41820808321561,7.75,0.23
402,2023-01-17 17:00:00,37.59298898912579,7.56,0.149
403,2023-01-17 18:00:00,39.15936353033937,8.23,0.105
404,2023-01-17 19:00:00,39.15936353033937,9.3,0.005
405,2023-01-17 20:00:00,38.767769895035975,10.44,0.0
406,2023-01-17 21:00:00,36.809801718519005,10.05,0.0
407,2023-01-17 22:00:00,32.89386536548506,9.75,0.0
408,2023-01-17 23:00:00,32.502271730181675,10.96,0.0
409,2023-01-18 00:00:00,30.529134788994448,11.37,0.0
410,2023-01-18 01:00:00,28.62106386468229,10.78,0.0
411,2023-01-18 02:00:00,29.765906419269584,10.78,0.0
412,2023-01-18 03:00:00,30.529134788994448,11.6,0.0
413,2023-01-18 04:00:00,31.673977343581736,11.62,0.0
414,2023-01-18 05:00:00,32.81881989816903,11.55,0.0
415,2023-01-18 06:00:00,33.963662452756324,11.2,0.0
416,2023-01-18 07:00:00,34.34527663761875,11.41,0.0
417,2023-01-18 08:00:00,35.10850500734361,11.27,0.048
418,2023-01-18 09:00:00,36.253347561930894,11.01,0.237
419,2023-01-18 10:00:00,35.871733377068466,10.52,0.452
420,2023-01-18 11:00:00,36.63496174679333,9.76,0.634
421,2023-01-18 12:00:00,36.63496174679333,10.03,0.759
422,2023-01-18 13:00:00,35.871733377068466,10.06,0.817
423,2023-01-18 14:00:00,34.34527663761875,9.62,0.799
424,2023-01-18 15:00:00,34.34527663761875,9.37,0.707
425,2023-01-18 16:00:00,35.49011919220604,9.44,0.549
426,2023-01-18 17:00:00,36.63496174679333,9.34,0.345
427,2023-01-18 18:00:00,38.16141848624306,10.81,0.131
428,2023-01-18 19:00:00,38.16141848624306,11.61,0.006
429,2023-01-18 20:00:00,37.77980430138062,11.61,0.0
430,2023-01-18 21:00:00,35.871733377068466,11.38,0.0
431,2023-01-18 22:00:00,32.05559152844417,11.29,0.0
432,2023-01-18 23:00:00,31.673977343581736,12.18,0.0
433,2023-01-19 00:00:00,31.934241411082056,12.41,0.0
434,2023-01-19 01:00:00,29.938351322889424,12.29,0.0
435,2023-01-19 02:00:00,31.135885375805,12.02,0.0
436,2023-01-19 03:00:00,31.934241411082056,11.27,0.0
437,2023-01-19 04:00:00,33.131775463997634,10.38,0.0
438,2023-01-19 05:00:00,34.329309516913206,10.89,0.0
439,2023-01-19 06:00:00,35.526843569828785,11.38,0.0
440,2023-01-19 07:00:00,35.92602158746731,11.23,0.0
441,2023-01-19 08:00:00,36.72437762274437,11.67,0.048
442,2023-01-19 09:00:00,37.921911675659935,11.27,0.236
443,2023-01-19 10:00:00,37.52273365802141,10.91,0.45
444,2023-01-19 11:00:00,38.32108969329847,11.45,0.63
445,2023-01-19 12:00:00,38.32108969329847,11.09,0.757
446,2023-01-19 13:00:00,37.52273365802141,10.69,0.813
447,2023-01-19 14:00:00,35.92602158746731,10.38,0.794
448,2023-01-19 15:00:00,35.92602158746731,10.47,0.702
449,2023-01-19 16:00:00,37.12355564038289,10.47,0.547
450,2023-01-19 17:00:00,38.32108969329847,10.47,0.344
451,2023-01-19 18:00:00,39.91780176385257,10.91,0.131
452,2023-01-19 19:00:00,39.91780176385257,11.18,0.007
453,2023-01-19 20:00:00,39.51862374621405,11.4,0.0
454,2023-01-19 21:00:00,37.52273365802141,11.45,0.0
455,2023-01-19 22:00:00,33.53095348163616,11.41,0.0
456,2023-01-19 23:00:00,33.131775463997634,10.83,0.0
457,2023-01-20 00:00:00,31.135885375805,10.63,0.0
458,2023-01-20 01:00:00,29.18989253981719,10.85,0.0
459,2023-01-20 02:00:00,30.35748824140988,11.05,0.0
460,2023-01-20 03:00:00,31.135885375805,11.25,0.0
461,2023-01-20 04:00:00,32.303481077397684,11.52,0.0
462,2023-01-20 05:00:00,33.47107677899038,11.55,0.0
463,2023-01-20 06:00:00,34.63867248058306,11.5,0.0
464,2023-01-20 07:00:00,35.02787104778063,11.59,0.0
465,2023-01-20 08:00:00,35.80626818217576,11.41,0.047
466,2023-01-20 09:00:00,36.97386388376844,11.63,0.229
467,2023-01-20 10:00:00,36.58466531657088,11.49,0.43
468,2023-01-20 11:00:00,37.363062450966005,10.7,0.62
469,2023-01-20 12:00:00,37.363062450966005,9.98,0.752
470,2023-01-20 13:00:00,36.58466531657088,9.94,0.794
471,2023-01-20 14:00:00,35.02787104778063,9.84,0.774
472,2023-01-20 15:00:00,35.02787104778063,9.75,0.674
473,2023-01-20 16:00:00,36.19546674937332,9.48,0.544
474,2023-01-20 17:00:00,37.363062450966005,9.3,0.332
475,2023-01-20 18:00:00,38.91985671975626,8.94,0.13
476,2023-01-20 19:00:00,38.91985671975626,8.56,0.007
477,2023-01-20 20:00:00,38.5306581525587,9.66,0.0
478,2023-01-20 21:00:00,36.58466531657088,9.97,0.0
479,2023-01-20 22:00:00,32.69267964459525,10.06,0.0
480,2023-01-20 23:00:00,32.303481077397684,10.24,0.0
481,2023-01-21 00:00:00,21.929243576990046,10.02,0.0
482,2023-01-21 01:00:00,20.558665853428167,9.8,0.0
483,2023-01-21 02:00:00,21.381012487565297,9.89,0.0
484,2023-01-21 03:00:00,21.929243576990046,9.66,0.0
485,2023-01-21 04:00:00,22.751590211127173,10.33,0.0
486,2023-01-21 05:00:00,23.573936845264303,9.88,0.0
487,2023-01-21 06:00:00,24.396283479401426,10.38,0.0
488,2023-01-21 07:00:00,24.67039902411381,10.33,0.0
489,2023-01-21 08:00:00,25.218630113538552,10.16,0.035
490,2023-01-21 09:00:00,26.04097674767568,10.62,0.183
491,2023-01-21 10:00:00,25.766861202963312,9.71,0.425
492,2023-01-21 11:00:00,26.31509229238806,10.24,0.607
493,2023-01-21 12:00:00,26.31509229238806,9.84,0.688
494,2023-01-21 13:00:00,25.766861202963312,9.58,0.751
495,2023-01-21 14:00:00,24.67039902411381,9.42,0.755
496,2023-01-21 15:00:00,24.67039902411381,9.08,0.686
497,2023-01-21 16:00:00,25.49274565825093,9.18,0.543
498,2023-01-21 17:00:00,26.31509229238806,8.93,0.317
499,2023-01-21 18:00:00,27.41155447123756,8.22,0.125
500,2023-01-21 19:00:00,27.41155447123756,7.82,0.008
501,2023-01-21 20:00:00,27.13743892652518,8.35,0.0
502,2023-01-21 21:00:00,25.766861202963312,7.91,0.0
503,2023-01-21 22:00:00,23.02570575583956,8.01,0.0
504,2023-01-21 23:00:00,22.751590211127173,7.47,0.0
505,2023-01-22 00:00:00,21.23946396251068,7.66,0.0
506,2023-01-22 01:00:00,19.91199746485376,7.18,0.0
507,2023-01-22 02:00:00,20.70847736344791,6.87,0.0
508,2023-01-22 03:00:00,21.23946396251068,8.35,0.0
509,2023-01-22 04:00:00,22.03594386110483,7.5,0.0
510,2023-01-22 05:00:00,22.83242375969898,7.31,0.0
511,2023-01-22 06:00:00,23.62890365829313,6.68,0.0
512,2023-01-22 07:00:00,23.89439695782451,6.31,0.0
513,2023-01-22 08:00:00,24.42538355688728,6.77,0.043
514,2023-01-22 09:00:00,25.221863455481422,7.46,0.164
515,2023-01-22 10:00:00,24.95637015595005,7.87,0.304
516,2023-01-22 11:00:00,25.48735675501281,7.75,0.378
517,2023-01-22 12:00:00,25.48735675501281,7.87,0.766
518,2023-01-22 13:00:00,24.95637015595005,7.69,0.837
519,2023-01-22 14:00:00,23.89439695782451,8.77,0.824
520,2023-01-22 15:00:00,23.89439695782451,9.12,0.735
521,2023-01-22 16:00:00,24.690876856418654,8.51,0.557
522,2023-01-22 17:00:00,25.48735675501281,8.26,0.354
523,2023-01-22 18:00:00,26.549329953138344,7.54,0.143
524,2023-01-22 19:00:00,26.549329953138344,7.18,0.008
525,2023-01-22 20:00:00,26.28383665360696,6.82,0.0
526,2023-01-22 21:00:00,24.95637015595005,6.36,0.0
527,2023-01-22 22:00:00,22.30143716063621,7.08,0.0
528,2023-01-22 23:00:00,22.03594386110483,6.61,0.0
529,2023-01-23 00:00:00,30.082055409239292,6.32,0.0
530,2023-01-23 01:00:00,28.20192694616184,6.13,0.0
531,2023-01-23 02:00:00,29.330004024008307,5.76,0.0
532,2023-01-23 03:00:00,30.082055409239292,5.59,0.0
533,2023-01-23 04:00:00,31.210132487085765,5.42,0.0
534,2023-01-23 05:00:00,32.33820956493224,5.33,0.0
535,2023-01-23 06:00:00,33.46628664277871,5.79,0.0
536,2023-01-23 07:00:00,33.842312335394205,5.97,0.0
537,2023-01-23 08:00:00,34.59436372062519,6.43,0.048
538,2023-01-23 09:00:00,35.72244079847166,7.15,0.226
539,2023-01-23 10:00:00,35.346415105856174,7.56,0.403
540,2023-01-23 11:00:00,36.09846649108715,7.35,0.624
541,2023-01-23 12:00:00,36.09846649108715,7.8,0.767
542,2023-01-23 13:00:00,35.346415105856174,8.01,0.769
543,2023-01-23 14:00:00,33.842312335394205,8.03,0.795
544,2023-01-23 15:00:00,33.842312335394205,8.04,0.718
545,2023-01-23 16:00:00,34.97038941324068,8.05,0.569
546,2023-01-23 17:00:00,36.09846649108715,7.79,0.363
547,2023-01-23 18:00:00,37.60256926154912,7.45,0.142
548,2023-01-23 19:00:00,37.60256926154912,7.61,0.009
549,2023-01-23 20:00:00,37.22654356893362,7.4,0.0
550,2023-01-23 21:00:00,35.346415105856174,7.06,0.0
551,2023-01-23 22:00:00,31.58615817970125,6.77,0.0
552,2023-01-23 23:00:00,31.210132487085765,6.33,0.0
553,2023-01-24 00:00:00,31.327490824271496,5.82,0.0
554,2023-01-24 01:00:00,29.36952264775453,5.36,0.0
555,2023-01-24 02:00:00,30.5443035536647,5.14,0.0
556,2023-01-24 03:00:00,31.327490824271496,5.4,0.0
557,2023-01-24 04:00:00,32.502271730181675,5.43,0.0
558,2023-01-24 05:00:00,33.67705263609186,5.25,0.0
559,2023-01-24 06:00:00,34.85183354200204,5.22,0.0
560,2023-01-24 07:00:00,35.243427177305435,5.6,0.0
561,2023-01-24 08:00:00,36.02661444791222,5.97,0.05
562,2023-01-24 09:00:00,37.2013953538224,5.63,0.244
563,2023-01-24 10:00:00,36.809801718519005,5.95,0.45
564,2023-01-24 11:00:00,37.59298898912579,5.96,0.642
565,2023-01-24 12:00:00,37.59298898912579,5.69,0.772
566,2023-01-24 13:00:00,36.809801718519005,5.5,0.823
567,2023-01-24 14:00:00,35.243427177305435,4.84,0.813
568,2023-01-24 15:00:00,35.243427177305435,3.91,0.728
569,2023-01-24 16:00:00,36.41820808321561,3.58,0.575
570,2023-01-24 17:00:00,37.59298898912579,3.07,0.36
571,2023-01-24 18:00:00,39.15936353033937,3.42,0.145
572,2023-01-24 19:00:00,39.15936353033937,4.0,0.009
573,2023-01-24 20:00:00,38.767769895035975,4.72,0.0
574,2023-01-24 21:00:00,36.809801718519005,5.01,0.0
575,2023-01-24 22:00:00,32.89386536548506,3.98,0.0
576,2023-01-24 23:00:00,32.502271730181675,2.72,0.0
577,2023-01-25 00:00:00,30.529134788994448,2.53,0.0
578,2023-01-25 01:00:00,28.62106386468229,2.5,0.0
579,2023-01-25 02:00:00,29.765906419269584,2.09,0.0
580,2023-01-25 03:00:00,30.529134788994448,2.02,0.0
581,2023-01-25 04:00:00,31.673977343581736,2.6,0.0
582,2023-01-25 05:00:00,32.81881989816903,2.8,0.0
583,2023-01-25 06:00:00,33.963662452756324,3.42,0.0
584,2023-01-25 07:00:00,34.34527663761875,3.65,0.0
585,2023-01-25 08:00:00,35.10850500734361,3.11,0.048
586,2023-01-25 09:00:00,36.253347561930894,2.9,0.229
587,2023-01-25 10:00:00,35.871733377068466,3.18,0.458
588,2023-01-25 11:00:00,36.63496174679333,3.55,0.648
589,2023-01-25 12:00:00,36.63496174679333,2.97,0.716
590,2023-01-25 13:00:00,35.871733377068466,2.02,0.81
591,2023-01-25 14:00:00,34.34527663761875,1.61,0.791
592,2023-01-25 15:00:00,34.34527663761875,1.25,0.716
593,2023-01-25 16:00:00,35.49011919220604,0.8,0.563
594,2023-01-25 17:00:00,36.63496174679333,1.7,0.357
595,2023-01-25 18:00:00,38.16141848624306,3.04,0.145
596,2023-01-25 19:00:00,38.16141848624306,4.59,0.01
597,2023-01-25 20:00:00,37.77980430138062,5.4,0.0
598,2023-01-25 21:00:00,35.871733377068466,4.82,0.0
599,2023-01-25 22:00:00,32.05559152844417,4.83,0.0
600,2023-01-25 23:00:00,31.673977343581736,4.44,0.0
601,2023-01-26 00:00:00,31.934241411082056,3.64,0.0
602,2023-01-26 01:00:00,29.938351322889424,3.1,0.0
603,2023-01-26 02:00:00,31.135885375805,2.42,0.0
604,2023-01-26 03:00:00,31.934241411082056,1.56,0.0
605,2023-01-26 04:00:00,33.131775463997634,1.12,0.0
606,2023-01-26 05:00:00,34.329309516913206,1.9,0.0
607,2023-01-26 06:00:00,35.526843569828785,2.43,0.0
608,2023-01-26 07:00:00,35.92602158746731,2.57,0.0
609,2023-01-26 08:00:00,36.72437762274437,2.53,0.048
610,2023-01-26 09:00:00,37.921911675659935,2.6,0.225
611,2023-01-26 10:00:00,37.52273365802141,2.47,0.455
612,2023-01-26 11:00:00,38.32108969329847,3.58,0.642
613,2023-01-26 12:00:00,38.32108969329847,3.82,0.775
614,2023-01-26 13:00:00,37.52273365802141,3.96,0.827
615,2023-01-26 14:00:00,35.92602158746731,3.81,0.808
616,2023-01-26 15:00:00,35.92602158746731,3.14,0.718
617,2023-01-26 16:00:00,37.12355564038289,3.38,0.562
618,2023-01-26 17:00:00,38.32108969329847,4.43,0.359
619,2023-01-26 18:00:00,39.91780176385257,5.59,0.143
620,2023-01-26 19:00:00,39.91780176385257,6.3,0.01
621,2023-01-26 20:00:00,39.51862374621405,6.71,0.0
622,2023-01-26 21:00:00,37.52273365802141,7.0,0.0
623,2023-01-26 22:00:00,33.53095348163616,7.51,0.0
624,2023-01-26 23:00:00,33.131775463997634,7.03,0.0
625,2023-01-27 00:00:00,31.135885375805,7.16,0.0
626,2023-01-27 01:00:00,29.18989253981719,7.07,0.0
627,2023-01-27 02:00:00,30.35748824140988,6.77,0.0
628,2023-01-27 03:00:00,31.135885375805,6.65,0.0
629,2023-01-27 04:00:00,32.303481077397684,7.11,0.0
630,2023-01-27 05:00:00,33.47107677899038,7.2,0.0
631,2023-01-27 06:00:00,34.63867248058306,7.6,0.0
632,2023-01-27 07:00:00,35.02787104778063,7.61,0.0
633,2023-01-27 08:00:00,35.80626818217576,7.5,0.05
634,2023-01-27 09:00:00,36.97386388376844,7.18,0.243
635,2023-01-27 10:00:00,36.58466531657088,7.42,0.459
636,2023-01-27 11:00:00,37.363062450966005,7.18,0.642
637,2023-01-27 12:00:00,37.363062450966005,6.94,0.767
638,2023-01-27 13:00:00,36.58466531657088,7.18,0.825
639,2023-01-27 14:00:00,35.02787104778063,7.52,0.805
640,2023-01-27 15:00:00,35.02787104778063,7.74,0.715
641,2023-01-27 16:00:00,36.19546674937332,8.1,0.561
642,2023-01-27 17:00:00,37.363062450966005,8.65,0.36
643,2023-01-27 18:00:00,38.91985671975626,8.91,0.146
644,2023-01-27 19:00:00,38.91985671975626,9.26,0.01
645,2023-01-27 20:00:00,38.5306581525587,9.39,0.0
646,2023-01-27 21:00:00,36.58466531657088,9.65,0.0
647,2023-01-27 22:00:00,32.69267964459525,9.9,0.0
648,2023-01-27 23:00:00,32.303481077397684,10.6,0.0
649,2023-01-28 00:00:00,21.929243576990046,10.65,0.0
650,2023-01-28 01:00:00,20.558665853428167,10.36,0.0
651,2023-01-28 02:00:00,21.381012487565297,10.58,0.0
652,2023-01-28 03:00:00,21.929243576990046,10.94,0.0
653,2023-01-28 04:00:00,22.751590211127173,10.96,0.0
654,2023-01-28 05:00:00,23.573936845264303,11.02,0.0
655,2023-01-28 06:00:00,24.396283479401426,11.1,0.0
656,2023-01-28 07:00:00,24.67039902411381,10.72,0.0
657,2023-01-28 08:00:00,25.218630113538552,10.36,0.05
658,2023-01-28 09:00:00,26.04097674767568,9.84,0.239
659,2023-01-28 10:00:00,25.766861202963312,9.93,0.459
660,2023-01-28 11:00:00,26.31509229238806,10.6,0.645
661,2023-01-28 12:00:00,26.31509229238806,10.78,0.768
662,2023-01-28 13:00:00,25.766861202963312,10.96,0.829
663,2023-01-28 14:00:00,24.67039902411381,10.69,0.816
664,2023-01-28 15:00:00,24.67039902411381,10.51,0.723
665,2023-01-28 16:00:00,25.49274565825093,10.47,0.573
666,2023-01-28 17:00:00,26.31509229238806,10.11,0.371
667,2023-01-28 18:00:00,27.41155447123756,10.02,0.152
668,2023-01-28 19:00:00,27.41155447123756,10.65,0.011
669,2023-01-28 20:00:00,27.13743892652518,10.78,0.0
670,2023-01-28 21:00:00,25.766861202963312,10.69,0.0
671,2023-01-28 22:00:00,23.02570575583956,9.98,0.0
672,2023-01-28 23:00:00,22.751590211127173,9.75,0.0
673,2023-01-29 00:00:00,21.23946396251068,8.59,0.0
674,2023-01-29 01:00:00,19.91199746485376,8.68,0.0
675,2023-01-29 02:00:00,20.70847736344791,9.04,0.0
676,2023-01-29 03:00:00,21.23946396251068,9.17,0.0
677,2023-01-29 04:00:00,22.03594386110483,8.86,0.0
678,2023-01-29 05:00:00,22.83242375969898,8.65,0.0
679,2023-01-29 06:00:00,23.62890365829313,9.18,0.0
680,2023-01-29 07:00:00,23.89439695782451,10.15,0.0
681,2023-01-29 08:00:00,24.42538355688728,10.69,0.05
682,2023-01-29 09:00:00,25.221863455481422,11.5,0.236
683,2023-01-29 10:00:00,24.95637015595005,12.19,0.444
684,2023-01-29 11:00:00,25.48735675501281,12.04,0.644
685,2023-01-29 12:00:00,25.48735675501281,11.63,0.769
686,2023-01-29 13:00:00,24.95637015595005,10.92,0.806
687,2023-01-29 14:00:00,23.89439695782451,10.47,0.801
688,2023-01-29 15:00:00,23.89439695782451,10.33,0.711
689,2023-01-29 16:00:00,24.690876856418654,10.2,0.576
690,2023-01-29 17:00:00,25.48735675501281,10.24,0.359
691,2023-01-29 18:00:00,26.549329953138344,10.39,0.148
692,2023-01-29 19:00:00,26.549329953138344,10.82,0.011
693,2023-01-29 20:00:00,26.28383665360696,11.05,0.0
694,2023-01-29 21:00:00,24.95637015595005,11.11,0.0
695,2023-01-29 22:00:00,22.30143716063621,10.86,0.0
696,2023-01-29 23:00:00,22.03594386110483,10.24,0.0
697,2023-01-30 00:00:00,30.082055409239292,10.29,0.0
698,2023-01-30 01:00:00,28.20192694616184,10.26,0.0
699,2023-01-30 02:00:00,29.330004024008307,9.53,0.0
700,2023-01-30 03:00:00,30.082055409239292,9.14,0.0
701,2023-01-30 04:00:00,31.210132487085765,8.94,0.0
702,2023-01-30 05:00:00,32.33820956493224,8.49,0.0
703,2023-01-30 06:00:00,33.46628664277871,8.77,0.0
704,2023-01-30 07:00:00,33.842312335394205,8.88,0.0
705,2023-01-30 08:00:00,34.59436372062519,9.07,0.047
706,2023-01-30 09:00:00,35.72244079847166,9.68,0.216
707,2023-01-30 10:00:00,35.346415105856174,9.49,0.429
708,2023-01-30 11:00:00,36.09846649108715,8.81,0.644
709,2023-01-30 12:00:00,36.09846649108715,8.58,0.758
710,2023-01-30 13:00:00,35.346415105856174,8.66,0.838
711,2023-01-30 14:00:00,33.842312335394205,8.39,0.799
712,2023-01-30 15:00:00,33.842312335394205,8.41,0.71
713,2023-01-30 16:00:00,34.97038941324068,8.38,0.577
714,2023-01-30 17:00:00,36.09846649108715,7.9,0.372
715,2023-01-30 18:00:00,37.60256926154912,7.81,0.154
716,2023-01-30 19:00:00,37.60256926154912,8.21,0.012
717,2023-01-30 20:00:00,37.22654356893362,8.7,0.0
718,2023-01-30 21:00:00,35.346415105856174,9.01,0.0
719,2023-01-30 22:00:00,31.58615817970125,9.43,0.0
720,2023-01-30 23:00:00,31.210132487085765,8.64,0.0
721,2023-01-31 00:00:00,31.327490824271496,8.49,0.0
722,2023-01-31 01:00:00,29.36952264775453,8.2,0.0
723,2023-01-31 02:00:00,30.5443035536647,8.13,0.0
724,2023-01-31 03:00:00,31.327490824271496,7.64,0.0
725,2023-01-31 04:00:00,32.502271730181675,7.57,0.0
726,2023-01-31 05:00:00,33.67705263609186,7.38,0.0
727,2023-01-31 06:00:00,34.85183354200204,7.14,0.0
728,2023-01-31 07:00:00,35.243427177305435,7.22,0.0
729,2023-01-31 08:00:00,36.02661444791222,7.58,0.047
730,2023-01-31 09:00:00,37.2013953538224,7.98,0.22
731,2023-01-31 10:00:00,36.809801718519005,8.13,0.442
732,2023-01-31 11:00:00,37.59298898912579,7.82,0.655
733,2023-01-31 12:00:00,37.59298898912579,8.32,0.789
734,2023-01-31 13:00:00,36.809801718519005,8.81,0.849
735,2023-01-31 14:00:00,35.243427177305435,9.08,0.831
736,2023-01-31 15:00:00,35.243427177305435,9.3,0.735
737,2023-01-31 16:00:00,36.41820808321561,9.44,0.585
738,2023-01-31 17:00:00,37.59298898912579,9.7,0.368
739,2023-01-31 18:00:00,39.15936353033937,9.94,0.156
740,2023-01-31 19:00:00,39.15936353033937,10.58,0.012
741,2023-01-31 20:00:00,38.767769895035975,11.47,0.0
742,2023-01-31 21:00:00,36.809801718519005,11.54,0.0
743,2023-01-31 22:00:00,32.89386536548506,11.24,0.0
744,2023-01-31 23:00:00,32.502271730181675,10.46,0.0
745,2023-02-01 00:00:00,31.48972892963176,10.1,0.0
746,2023-02-01 01:00:00,29.521620871529777,9.76,0.0
747,2023-02-01 02:00:00,30.70248570639096,9.68,0.0
748,2023-02-01 03:00:00,31.48972892963176,9.65,0.0
749,2023-02-01 04:00:00,32.67059376449295,9.35,0.0
750,2023-02-01 05:00:00,33.85145859935414,9.51,0.0
751,2023-02-01 06:00:00,35.03232343421533,9.66,0.0
752,2023-02-01 07:00:00,35.425945045835725,9.66,0.0
753,2023-02-01 08:00:00,36.21318826907652,9.43,0.051
754,2023-02-01 09:00:00,37.39405310393771,9.82,0.252
755,2023-02-01 10:00:00,37.00043149231732,9.78,0.475
756,2023-02-01 11:00:00,37.78767471555811,9.54,0.665
757,2023-02-01 12:00:00,37.78767471555811,9.36,0.777
758,2023-02-01 13:00:00,37.00043149231732,9.76,0.844
759,2023-02-01 14:00:00,35.425945045835725,10.16,0.827
760,2023-02-01 15:00:00,35.425945045835725,10.35,0.739
761,2023-02-01 16:00:00,36.60680988069692,10.29,0.587
762,2023-02-01 17:00:00,37.78767471555811,10.15,0.383
763,2023-02-01 18:00:00,39.3621611620397,9.98,0.161
764,2023-02-01 19:00:00,39.3621611620397,10.17,0.013
765,2023-02-01 20:00:00,38.9685395504193,10.58,0.0
766,2023-02-01 21:00:00,37.00043149231732,11.09,0.0
767,2023-02-01 22:00:00,33.064215376113346,11.45,0.0
768,2023-02-01 23:00:00,32.67059376449295,10.96,0.0
769,2023-02-02 00:00:00,32.93904699752276,10.87,0.0
770,2023-02-02 01:00:00,30.88035656017759,10.96,0.0
771,2023-02-02 02:00:00,32.115570822584694,10.78,0.0
772,2023-02-02 03:00:00,32.93904699752276,10.69,0.0
773,2023-02-02 04:00:00,34.174261259929864,10.69,0.0
774,2023-02-02 05:00:00,35.40947552233696,11.14,0.0
775,2023-02-02 06:00:00,36.64468978474408,11.68,0.0
776,2023-02-02 07:00:00,37.05642787221311,12.08,0.0
777,2023-02-02 08:00:00,37.87990404715117,12.08,0.054
778,2023-02-02 09:00:00,39.11511830955828,11.63,0.252
779,2023-02-02 10:00:00,38.70338022208925,10.83,0.476
780,2023-02-02 11:00:00,39.52685639702731,10.94,0.663
781,2023-02-02 12:00:00,39.52685639702731,11.07,0.795
782,2023-02-02 13:00:00,38.70338022208925,11.33,0.852
783,2023-02-02 14:00:00,37.05642787221311,11.49,0.834
784,2023-02-02 15:00:00,37.05642787221311,11.26,0.749
785,2023-02-02 16:00:00,38.29164213462021,11.13,0.594
786,2023-02-02 17:00:00,39.52685639702731,10.88,0.385
787,2023-02-02 18:00:00,41.173808746903454,11.07,0.164
788,2023-02-02 19:00:00,41.173808746903454,11.48,0.013
789,2023-02-02 20:00:00,40.76207065943442,11.86,0.0
790,2023-02-02 21:00:00,38.70338022208925,11.68,0.0
791,2023-02-02 22:00:00,34.585999347398904,11.36,0.0
792,2023-02-02 23:00:00,34.174261259929864,9.57,0.0
793,2023-02-03 00:00:00,32.115570822584694,8.6,0.0
794,2023-02-03 01:00:00,30.10834764617315,8.16,0.0
795,2023-02-03 02:00:00,31.312681552020077,8.55,0.0
796,2023-02-03 03:00:00,32.115570822584694,8.73,0.0
797,2023-02-03 04:00:00,33.31990472843162,8.92,0.0
798,2023-02-03 05:00:00,34.52423863427855,9.65,0.0
799,2023-02-03 06:00:00,35.72857254012547,9.7,0.0
800,2023-02-03 07:00:00,36.13001717540778,10.07,0.0
801,2023-02-03 08:00:00,36.93290644597239,10.55,0.053
802,2023-02-03 09:00:00,38.13724035181932,10.77,0.256
803,2023-02-03 10:00:00,37.73579571653701,10.92,0.484
804,2023-02-03 11:00:00,38.538684987101625,9.44,0.674
805,2023-02-03 12:00:00,38.538684987101625,9.37,0.807
806,2023-02-03 13:00:00,37.73579571653701,9.52,0.868
807,2023-02-03 14:00:00,36.13001717540778,9.46,0.851
808,2023-02-03 15:00:00,36.13001717540778,9.87,0.759
809,2023-02-03 16:00:00,37.3343510812547,9.77,0.597
810,2023-02-03 17:00:00,38.538684987101625,9.6,0.386
811,2023-02-03 18:00:00,40.14446352823087,9.2,0.167
812,2023-02-03 19:00:00,40.14446352823087,9.24,0.014
813,2023-02-03 20:00:00,39.74301889294856,9.34,0.0
814,2023-02-03 21:00:00,37.73579571653701,9.36,0.0
815,2023-02-03 22:00:00,33.72134936371393,9.8,0.0
816,2023-02-03 23:00:00,33.31990472843162,10.15,0.0
817,2023-02-04 00:00:00,22.61924357319888,10.63,0.0
818,2023-02-04 01:00:00,21.20554084987395,10.37,0.0
819,2023-02-04 02:00:00,22.05376248386891,10.12,0.0
820,2023-02-04 03:00:00,22.61924357319888,9.56,0.0
821,2023-02-04 04:00:00,23.46746520719384,9.1,0.0
822,2023-02-04 05:00:00,24.3156868411888,8.9,0.0
823,2023-02-04 06:00:00,25.16390847518376,9.08,0.0
824,2023-02-04 07:00:00,25.446649019848746,9.62,0.0
825,2023-02-04 08:00:00,26.012130109178717,9.96,0.051
826,2023-02-04 09:00:00,26.86035174317367,10.38,0.235
827,2023-02-04 10:00:00,26.577611198508684,10.92,0.44
828,2023-02-04 11:00:00,27.143092287838652,11.13,0.624
829,2023-02-04 12:00:00,27.143092287838652,10.92,0.729
830,2023-02-04 13:00:00,26.577611198508684,10.14,0.842
831,2023-02-04 14:00:00,25.446649019848746,9.86,0.847
832,2023-02-04 15:00:00,25.446649019848746,9.73,0.659
833,2023-02-04 16:00:00,26.29487065384369,9.55,0.431
834,2023-02-04 17:00:00,27.143092287838652,9.75,0.388
835,2023-02-04 18:00:00,28.274054466498605,9.96,0.171
836,2023-02-04 19:00:00,28.274054466498605,9.98,0.013
837,2023-02-04 20:00:00,27.991313921833616,9.75,0.0
838,2023-02-04 21:00:00,26.577611198508684,9.73,0.0
839,2023-02-04 22:00:00,23.75020575185883,9.6,0.0
840,2023-02-04 23:00:00,23.46746520719384,9.9,0.0
841,2023-02-05 00:00:00,21.907760158052398,10.11,0.0
842,2023-02-05 01:00:00,20.53852514817412,10.02,0.0
843,2023-02-05 02:00:00,21.36006615410108,10.2,0.0
844,2023-02-05 03:00:00,21.907760158052398,10.11,0.0
845,2023-02-05 04:00:00,22.729301163979358,10.38,0.0
846,2023-02-05 05:00:00,23.55084216990632,10.6,0.0
847,2023-02-05 06:00:00,24.372383175833285,10.91,0.0
848,2023-02-05 07:00:00,24.64623017780894,11.32,0.0
849,2023-02-05 08:00:00,25.19392418176025,11.36,0.057
850,2023-02-05 09:00:00,26.01546518768721,10.67,0.263
851,2023-02-05 10:00:00,25.74161818571156,10.32,0.49
852,2023-02-05 11:00:00,26.28931218966287,9.32,0.682
853,2023-02-05 12:00:00,26.28931218966287,8.96,0.811
854,2023-02-05 13:00:00,25.74161818571156,8.94,0.873
855,2023-02-05 14:00:00,24.64623017780894,8.96,0.858
856,2023-02-05 15:00:00,24.64623017780894,9.08,0.769
857,2023-02-05 16:00:00,25.467771183735906,9.03,0.611
858,2023-02-05 17:00:00,26.28931218966287,9.35,0.402
859,2023-02-05 18:00:00,27.384700197565483,9.71,0.171
860,2023-02-05 19:00:00,27.384700197565483,10.38,0.015
861,2023-02-05 20:00:00,27.11085319558984,11.37,0.0
862,2023-02-05 21:00:00,25.74161818571156,11.64,0.0
863,2023-02-05 22:00:00,23.00314816595501,11.76,0.0
864,2023-02-05 23:00:00,22.729301163979358,12.48,0.0
865,2023-02-06 00:00:00,31.028582271666444,12.52,0.0
866,2023-02-06 01:00:00,29.08929587968729,12.35,0.0
867,2023-02-06 02:00:00,30.25286771487478,12.27,0.0
868,2023-02-06 03:00:00,31.028582271666444,12.35,0.0
869,2023-02-06 04:00:00,32.192154106853934,12.7,0.0
870,2023-02-06 05:00:00,33.35572594204143,13.16,0.0
871,2023-02-06 06:00:00,34.519297777228914,13.57,0.0
872,2023-02-06 07:00:00,34.90715505562475,13.97,0.0
873,2023-02-06 08:00:00,35.68286961241641,13.91,0.048
874,2023-02-06 09:00:00,36.8464414476039,13.73,0.176
875,2023-02-06 10:00:00,36.45858416920807,13.46,0.368
876,2023-02-06 11:00:00,37.23429872599973,13.25,0.686
877,2023-02-06 12:00:00,37.23429872599973,13.12,0.825
878,2023-02-06 13:00:00,36.45858416920807,12.95,0.88
879,2023-02-06 14:00:00,34.90715505562475,12.69,0.858
880,2023-02-06 15:00:00,34.90715505562475,12.69,0.763
881,2023-02-06 16:00:00,36.07072689081224,12.69,0.603
882,2023-02-06 17:00:00,37.23429872599973,12.69,0.396
883,2023-02-06 18:00:00,38.78572783958305,12.88,0.17
884,2023-02-06 19:00:00,38.78572783958305,13.18,0.016
885,2023-02-06 20:00:00,38.397870561187226,13.45,0.0
886,2023-02-06 21:00:00,36.45858416920807,13.68,0.0
887,2023-02-06 22:00:00,32.58001138524976,13.57,0.0
888,2023-02-06 23:00:00,32.192154106853934,14.43,0.0
889,2023-02-07 00:00:00,32.31320510456982,14.24,0.0
890,2023-02-07 01:00:00,30.29362978553421,14.09,0.0
891,2023-02-07 02:00:00,31.50537497695558,13.72,0.0
892,2023-02-07 03:00:00,32.31320510456982,13.32,0.0
893,2023-02-07 04:00:00,33.5249502959912,13.04,0.0
894,2023-02-07 05:00:00,34.73669548741256,12.82,0.0
895,2023-02-07 06:00:00,35.94844067883393,12.84,0.0
896,2023-02-07 07:00:00,36.35235574264106,12.76,0.0
897,2023-02-07 08:00:00,37.1601858702553,12.91,0.056
898,2023-02-07 09:00:00,38.37193106167666,12.95,0.261
899,2023-02-07 10:00:00,37.96801599786954,12.78,0.486
900,2023-02-07 11:00:00,38.77584612548379,12.16,0.671
901,2023-02-07 12:00:00,38.77584612548379,11.95,0.815
902,2023-02-07 13:00:00,37.96801599786954,11.48,0.879
903,2023-02-07 14:00:00,36.35235574264106,11.2,0.852
904,2023-02-07 15:00:00,36.35235574264106,10.99,0.752
905,2023-02-07 16:00:00,37.56410093406242,10.85,0.613
906,2023-02-07 17:00:00,38.77584612548379,10.87,0.398
907,2023-02-07 18:00:00,40.391506380712286,10.86,0.175
908,2023-02-07 19:00:00,40.391506380712286,11.14,0.016
909,2023-02-07 20:00:00,39.98759131690517,11.4,0.0
910,2023-02-07 21:00:00,37.96801599786954,11.65,0.0
911,2023-02-07 22:00:00,33.92886535979832,11.79,0.0
912,2023-02-07 23:00:00,33.5249502959912,11.37,0.0
913,2023-02-08 00:00:00,31.48972892963176,11.01,0.0
914,2023-02-08 01:00:00,29.521620871529777,10.58,0.0
915,2023-02-08 02:00:00,30.70248570639096,10.26,0.0
916,2023-02-08 03:00:00,31.48972892963176,10.03,0.0
917,2023-02-08 04:00:00,32.67059376449295,9.71,0.0
918,2023-02-08 05:00:00,33.85145859935414,9.9,0.0
919,2023-02-08 06:00:00,35.03232343421533,9.59,0.0
920,2023-02-08 07:00:00,35.425945045835725,9.79,0.0
921,2023-02-08 08:00:00,36.21318826907652,9.88,0.054
922,2023-02-08 09:00:00,37.39405310393771,9.62,0.227
923,2023-02-08 10:00:00,37.00043149231732,9.35,0.45
924,2023-02-08 11:00:00,37.78767471555811,9.11,0.496
925,2023-02-08 12:00:00,37.78767471555811,8.88,0.602
926,2023-02-08 13:00:00,37.00043149231732,9.1,0.608
927,2023-02-08 14:00:00,35.425945045835725,8.39,0.705
928,2023-02-08 15:00:00,35.425945045835725,8.05,0.63
929,2023-02-08 16:00:00,36.60680988069692,7.89,0.462
930,2023-02-08 17:00:00,37.78767471555811,7.67,0.314
931,2023-02-08 18:00:00,39.3621611620397,7.67,0.096
932,2023-02-08 19:00:00,39.3621611620397,8.35,0.013
933,2023-02-08 20:00:00,38.9685395504193,7.97,0.0
934,2023-02-08 21:00:00,37.00043149231732,7.89,0.0
935,2023-02-08 22:00:00,33.064215376113346,7.93,0.0
936,2023-02-08 23:00:00,32.67059376449295,7.88,0.0
937,2023-02-09 00:00:00,32.93904699752276,7.71,0.0
938,2023-02-09 01:00:00,30.88035656017759,7.49,0.0
939,2023-02-09 02:00:00,32.115570822584694,7.84,0.0
940,2023-02-09 03:00:00,32.93904699752276,8.1,0.0
941,2023-02-09 04:00:00,34.174261259929864,8.08,0.0
942,2023-02-09 05:00:00,35.40947552233696,8.25,0.0
943,2023-02-09 06:00:00,36.64468978474408,8.76,0.0
944,2023-02-09 07:00:00,37.05642787221311,8.64,0.0
945,2023-02-09 08:00:00,37.87990404715117,7.88,0.052
946,2023-02-09 09:00:00,39.11511830955828,8.26,0.232
947,2023-02-09 10:00:00,38.70338022208925,7.92,0.453
948,2023-02-09 11:00:00,39.52685639702731,6.36,0.646
949,2023-02-09 12:00:00,39.52685639702731,3.71,0.607
950,2023-02-09 13:00:00,38.70338022208925,2.52,0.73
951,2023-02-09 14:00:00,37.05642787221311,3.47,0.76
952,2023-02-09 15:00:00,37.05642787221311,5.41,0.63
953,2023-02-09 16:00:00,38.29164213462021,6.3,0.485
954,2023-02-09 17:00:00,39.52685639702731,6.61,0.376
955,2023-02-09 18:00:00,41.173808746903454,7.16,0.159
956,2023-02-09 19:00:00,41.173808746903454,7.27,0.015
957,2023-02-09 20:00:00,40.76207065943442,7.24,0.0
958,2023-02-09 21:00:00,38.70338022208925,7.59,0.0
959,2023-02-09 22:00:00,34.585999347398904,7.78,0.0
960,2023-02-09 23:00:00,34.174261259929864,7.97,0.0
961,2023-02-10 00:00:00,32.115570822584694,7.79,0.0
962,2023-02-10 01:00:00,30.10834764617315,7.48,0.0
963,2023-02-10 02:00:00,31.312681552020077,7.17,0.0
964,2023-02-10 03:00:00,32.115570822584694,6.84,0.0
965,2023-02-10 04:00:00,33.31990472843162,6.84,0.0
966,2023-02-10 05:00:00,34.52423863427855,6.36,0.0
967,2023-02-10 06:00:00,35.72857254012547,5.77,0.0
968,2023-02-10 07:00:00,36.13001717540778,5.6,0.0
969,2023-02-10 08:00:00,36.93290644597239,5.08,0.057
970,2023-02-10 09:00:00,38.13724035181932,5.24,0.259
971,2023-02-10 10:00:00,37.73579571653701,6.5,0.481
972,2023-02-10 11:00:00,38.538684987101625,7.78,0.669
973,2023-02-10 12:00:00,38.538684987101625,8.5,0.799
974,2023-02-10 13:00:00,37.73579571653701,8.73,0.856
975,2023-02-10 14:00:00,36.13001717540778,8.54,0.835
976,2023-02-10 15:00:00,36.13001717540778,8.36,0.734
977,2023-02-10 16:00:00,37.3343510812547,8.46,0.573
978,2023-02-10 17:00:00,38.538684987101625,8.19,0.355
979,2023-02-10 18:00:00,40.14446352823087,7.69,0.171
980,2023-02-10 19:00:00,40.14446352823087,7.51,0.016
981,2023-02-10 20:00:00,39.74301889294856,8.08,0.0
982,2023-02-10 21:00:00,37.73579571653701,8.6,0.0
983,2023-02-10 22:00:00,33.72134936371393,8.65,0.0
984,2023-02-10 23:00:00,33.31990472843162,7.91,0.0
985,2023-02-11 00:00:00,22.61924357319888,8.06,0.0
986,2023-02-11 01:00:00,21.20554084987395,8.32,0.0
987,2023-02-11 02:00:00,22.05376248386891,8.51,0.0
988,2023-02-11 03:00:00,22.61924357319888,8.75,0.0
989,2023-02-11 04:00:00,23.46746520719384,9.08,0.0
990,2023-02-11 05:00:00,24.3156868411888,9.24,0.0
991,2023-02-11 06:00:00,25.16390847518376,9.3,0.0
992,2023-02-11 07:00:00,25.446649019848746,9.42,0.0
993,2023-02-11 08:00:00,26.012130109178717,9.14,0.055
994,2023-02-11 09:00:00,26.86035174317367,9.09,0.241
995,2023-02-11 10:00:00,26.577611198508684,9.12,0.477
996,2023-02-11 11:00:00,27.143092287838652,8.8,0.618
997,2023-02-11 12:00:00,27.143092287838652,8.98,0.536
998,2023-02-11 13:00:00,26.577611198508684,8.98,0.796
999,2023-02-11 14:00:00,25.446649019848746,9.05,0.791
1000,2023-02-11 15:00:00,25.446649019848746,9.14,0.666
1001,2023-02-11 16:00:00,26.29487065384369,9.15,0.473
1002,2023-02-11 17:00:00,27.143092287838652,8.79,0.334
1003,2023-02-11 18:00:00,28.274054466498605,8.98,0.13
1004,2023-02-11 19:00:00,28.274054466498605,9.62,0.013
1005,2023-02-11 20:00:00,27.991313921833616,10.06,0.0
1006,2023-02-11 21:00:00,26.577611198508684,10.79,0.0
1007,2023-02-11 22:00:00,23.75020575185883,10.52,0.0
1008,2023-02-11 23:00:00,23.46746520719384,9.84,0.0
1009,2023-02-12 00:00:00,21.907760158052398,9.3,0.0
1010,2023-02-12 01:00:00,20.53852514817412,8.97,0.0
1011,2023-02-12 02:00:00,21.36006615410108,8.47,0.0
1012,2023-02-12 03:00:00,21.907760158052398,8.36,0.0
1013,2023-02-12 04:00:00,22.729301163979358,8.51,0.0
1014,2023-02-12 05:00:00,23.55084216990632,8.89,0.0
1015,2023-02-12 06:00:00,24.372383175833285,9.11,0.0
1016,2023-02-12 07:00:00,24.64623017780894,9.3,0.0
1017,2023-02-12 08:00:00,25.19392418176025,9.21,0.049
1018,2023-02-12 09:00:00,26.01546518768721,9.49,0.226
1019,2023-02-12 10:00:00,25.74161818571156,9.88,0.454
1020,2023-02-12 11:00:00,26.28931218966287,11.05,0.513
1021,2023-02-12 12:00:00,26.28931218966287,10.48,0.649
1022,2023-02-12 13:00:00,25.74161818571156,10.09,0.771
1023,2023-02-12 14:00:00,24.64623017780894,9.52,0.807
1024,2023-02-12 15:00:00,24.64623017780894,9.1,0.751
1025,2023-02-12 16:00:00,25.467771183735906,8.93,0.574
1026,2023-02-12 17:00:00,26.28931218966287,9.4,0.349
1027,2023-02-12 18:00:00,27.384700197565483,10.21,0.148
1028,2023-02-12 19:00:00,27.384700197565483,10.75,0.016
1029,2023-02-12 20:00:00,27.11085319558984,11.47,0.0
1030,2023-02-12 21:00:00,25.74161818571156,10.34,0.0
1031,2023-02-12 22:00:00,23.00314816595501,9.7,0.0
1032,2023-02-12 23:00:00,22.729301163979358,10.0,0.0
1033,2023-02-13 00:00:00,31.028582271666444,9.92,0.0
1034,2023-02-13 01:00:00,29.08929587968729,10.2,0.0
1035,2023-02-13 02:00:00,30.25286771487478,10.81,0.0
1036,2023-02-13 03:00:00,31.028582271666444,10.55,0.0
1037,2023-02-13 04:00:00,32.192154106853934,9.71,0.0
1038,2023-02-13 05:00:00,33.35572594204143,9.59,0.0
1039,2023-02-13 06:00:00,34.519297777228914,9.32,0.0
1040,2023-02-13 07:00:00,34.90715505562475,9.73,0.0
1041,2023-02-13 08:00:00,35.68286961241641,10.16,0.049
1042,2023-02-13 09:00:00,36.8464414476039,10.0,0.144
1043,2023-02-13 10:00:00,36.45858416920807,10.04,0.264
1044,2023-02-13 11:00:00,37.23429872599973,9.69,0.331
1045,2023-02-13 12:00:00,37.23429872599973,9.88,0.474
1046,2023-02-13 13:00:00,36.45858416920807,10.21,0.435
1047,2023-02-13 14:00:00,34.90715505562475,10.06,0.4
1048,2023-02-13 15:00:00,34.90715505562475,9.81,0.465
1049,2023-02-13 16:00:00,36.07072689081224,9.84,0.278
1050,2023-02-13 17:00:00,37.23429872599973,10.03,0.175
1051,2023-02-13 18:00:00,38.78572783958305,10.31,0.094
1052,2023-02-13 19:00:00,38.78572783958305,10.25,0.012
1053,2023-02-13 20:00:00,38.397870561187226,10.15,0.0
1054,2023-02-13 21:00:00,36.45858416920807,10.56,0.0
1055,2023-02-13 22:00:00,32.58001138524976,11.0,0.0
1056,2023-02-13 23:00:00,32.192154106853934,10.85,0.0
1057,2023-02-14 00:00:00,32.31320510456982,10.89,0.0
1058,2023-02-14 01:00:00,30.29362978553421,10.87,0.0
1059,2023-02-14 02:00:00,31.50537497695558,10.96,0.0
1060,2023-02-14 03:00:00,32.31320510456982,11.27,0.0
1061,2023-02-14 04:00:00,33.5249502959912,11.54,0.0
1062,2023-02-14 05:00:00,34.73669548741256,11.82,0.0
1063,2023-02-14 06:00:00,35.94844067883393,11.97,0.0
1064,2023-02-14 07:00:00,36.35235574264106,12.14,0.0
1065,2023-02-14 08:00:00,37.1601858702553,11.8,0.061
1066,2023-02-14 09:00:00,38.37193106167666,11.87,0.255
1067,2023-02-14 10:00:00,37.96801599786954,12.04,0.496
1068,2023-02-14 11:00:00,38.77584612548379,12.08,0.69
1069,2023-02-14 12:00:00,38.77584612548379,12.17,0.749
1070,2023-02-14 13:00:00,37.96801599786954,11.9,0.807
1071,2023-02-14 14:00:00,36.35235574264106,11.72,0.846
1072,2023-02-14 15:00:00,36.35235574264106,12.17,0.768
1073,2023-02-14 16:00:00,37.56410093406242,12.22,0.573
1074,2023-02-14 17:00:00,38.77584612548379,12.21,0.415
1075,2023-02-14 18:00:00,40.391506380712286,12.57,0.185
1076,2023-02-14 19:00:00,40.391506380712286,13.16,0.019
1077,2023-02-14 20:00:00,39.98759131690517,14.0,0.0
1078,2023-02-14 21:00:00,37.96801599786954,14.58,0.0
1079,2023-02-14 22:00:00,33.92886535979832,14.67,0.0
1080,2023-02-14 23:00:00,33.5249502959912,15.47,0.0
1081,2023-02-15 00:00:00,31.48972892963176,15.24,0.0
1082,2023-02-15 01:00:00,29.521620871529777,14.52,0.0
1083,2023-02-15 02:00:00,30.70248570639096,14.11,0.0
1084,2023-02-15 03:00:00,31.48972892963176,14.14,0.0
1085,2023-02-15 04:00:00,32.67059376449295,13.85,0.0
1086,2023-02-15 05:00:00,33.85145859935414,13.89,0.0
1087,2023-02-15 06:00:00,35.03232343421533,14.55,0.0
1088,2023-02-15 07:00:00,35.425945045835725,14.23,0.0
1089,2023-02-15 08:00:00,36.21318826907652,13.51,0.068
1090,2023-02-15 09:00:00,37.39405310393771,13.28,0.284
1091,2023-02-15 10:00:00,37.00043149231732,13.35,0.518
1092,2023-02-15 11:00:00,37.78767471555811,13.32,0.714
1093,2023-02-15 12:00:00,37.78767471555811,13.08,0.843
1094,2023-02-15 13:00:00,37.00043149231732,12.85,0.9
1095,2023-02-15 14:00:00,35.425945045835725,12.71,0.886
1096,2023-02-15 15:00:00,35.425945045835725,12.48,0.792
1097,2023-02-15 16:00:00,36.60680988069692,12.35,0.635
1098,2023-02-15 17:00:00,37.78767471555811,12.08,0.42
1099,2023-02-15 18:00:00,39.3621611620397,12.21,0.19
1100,2023-02-15 19:00:00,39.3621611620397,12.34,0.02
1101,2023-02-15 20:00:00,38.9685395504193,12.52,0.0
1102,2023-02-15 21:00:00,37.00043149231732,12.3,0.0
1103,2023-02-15 22:00:00,33.064215376113346,12.15,0.0
1104,2023-02-15 23:00:00,32.67059376449295,12.62,0.0
1105,2023-02-16 00:00:00,32.93904699752276,12.22,0.0
1106,2023-02-16 01:00:00,30.88035656017759,12.43,0.0
1107,2023-02-16 02:00:00,32.115570822584694,11.59,0.0
1108,2023-02-16 03:00:00,32.93904699752276,12.16,0.0
1109,2023-02-16 04:00:00,34.174261259929864,12.25,0.0
1110,2023-02-16 05:00:00,35.40947552233696,13.15,0.0
1111,2023-02-16 06:00:00,36.64468978474408,13.49,0.0
1112,2023-02-16 07:00:00,37.05642787221311,14.01,0.0
1113,2023-02-16 08:00:00,37.87990404715117,13.29,0.064
1114,2023-02-16 09:00:00,39.11511830955828,13.45,0.282
1115,2023-02-16 10:00:00,38.70338022208925,12.55,0.505
1116,2023-02-16 11:00:00,39.52685639702731,11.29,0.711
1117,2023-02-16 12:00:00,39.52685639702731,11.11,0.827
1118,2023-02-16 13:00:00,38.70338022208925,11.11,0.901
1119,2023-02-16 14:00:00,37.05642787221311,11.07,0.888
1120,2023-02-16 15:00:00,37.05642787221311,11.24,0.8
1121,2023-02-16 16:00:00,38.29164213462021,11.33,0.637
1122,2023-02-16 17:00:00,39.52685639702731,11.11,0.423
1123,2023-02-16 18:00:00,41.173808746903454,10.78,0.194
1124,2023-02-16 19:00:00,41.173808746903454,11.18,0.021
1125,2023-02-16 20:00:00,40.76207065943442,11.23,0.0
1126,2023-02-16 21:00:00,38.70338022208925,11.45,0.0
1127,2023-02-16 22:00:00,34.585999347398904,11.45,0.0
1128,2023-02-16 23:00:00,34.174261259929864,11.73,0.0
1129,2023-02-17 00:00:00,32.115570822584694,10.89,0.0
1130,2023-02-17 01:00:00,30.10834764617315,10.2,0.0
1131,2023-02-17 02:00:00,31.312681552020077,10.06,0.0
1132,2023-02-17 03:00:00,32.115570822584694,10.12,0.0
1133,2023-02-17 04:00:00,33.31990472843162,10.42,0.0
1134,2023-02-17 05:00:00,34.52423863427855,10.79,0.0
1135,2023-02-17 06:00:00,35.72857254012547,10.73,0.0
1136,2023-02-17 07:00:00,36.13001717540778,10.6,0.0
1137,2023-02-17 08:00:00,36.93290644597239,10.45,0.061
1138,2023-02-17 09:00:00,38.13724035181932,10.75,0.22
1139,2023-02-17 10:00:00,37.73579571653701,10.86,0.396
1140,2023-02-17 11:00:00,38.538684987101625,11.29,0.685
1141,2023-02-17 12:00:00,38.538684987101625,10.66,0.817
1142,2023-02-17 13:00:00,37.73579571653701,10.76,0.884
1143,2023-02-17 14:00:00,36.13001717540778,10.64,0.846
1144,2023-02-17 15:00:00,36.13001717540778,10.48,0.783
1145,2023-02-17 16:00:00,37.3343510812547,10.25,0.613
1146,2023-02-17 17:00:00,38.538684987101625,9.81,0.422
1147,2023-02-17 18:00:00,40.14446352823087,9.6,0.189
1148,2023-02-17 19:00:00,40.14446352823087,9.36,0.02
1149,2023-02-17 20:00:00,39.74301889294856,9.21,0.0
1150,2023-02-17 21:00:00,37.73579571653701,9.48,0.0
1151,2023-02-17 22:00:00,33.72134936371393,9.53,0.0
1152,2023-02-17 23:00:00,33.31990472843162,9.46,0.0
1153,2023-02-18 00:00:00,22.61924357319888,9.31,0.0
1154,2023-02-18 01:00:00,21.20554084987395,9.37,0.0
1155,2023-02-18 02:00:00,22.05376248386891,9.22,0.0
1156,2023-02-18 03:00:00,22.61924357319888,9.14,0.0
1157,2023-02-18 04:00:00,23.46746520719384,8.89,0.0
1158,2023-02-18 05:00:00,24.3156868411888,9.23,0.0
1159,2023-02-18 06:00:00,25.16390847518376,9.87,0.0
1160,2023-02-18 07:00:00,25.446649019848746,10.06,0.0
1161,2023-02-18 08:00:00,26.012130109178717,10.15,0.07
1162,2023-02-18 09:00:00,26.86035174317367,10.02,0.281
1163,2023-02-18 10:00:00,26.577611198508684,10.06,0.501
1164,2023-02-18 11:00:00,27.143092287838652,9.68,0.681
1165,2023-02-18 12:00:00,27.143092287838652,9.97,0.846
1166,2023-02-18 13:00:00,26.577611198508684,10.85,0.9
1167,2023-02-18 14:00:00,25.446649019848746,10.82,0.891
1168,2023-02-18 15:00:00,25.446649019848746,10.41,0.783
1169,2023-02-18 16:00:00,26.29487065384369,10.4,0.606
1170,2023-02-18 17:00:00,27.143092287838652,10.17,0.388
1171,2023-02-18 18:00:00,28.274054466498605,10.09,0.175
1172,2023-02-18 19:00:00,28.274054466498605,10.63,0.02
1173,2023-02-18 20:00:00,27.991313921833616,11.3,0.0
1174,2023-02-18 21:00:00,26.577611198508684,11.57,0.0
1175,2023-02-18 22:00:00,23.75020575185883,11.23,0.0
1176,2023-02-18 23:00:00,23.46746520719384,11.7,0.0
1177,2023-02-19 00:00:00,21.907760158052398,10.66,0.0
1178,2023-02-19 01:00:00,20.53852514817412,10.21,0.0
1179,2023-02-19 02:00:00,21.36006615410108,9.87,0.0
1180,2023-02-19 03:00:00,21.907760158052398,9.73,0.0
1181,2023-02-19 04:00:00,22.729301163979358,10.3,0.0
1182,2023-02-19 05:00:00,23.55084216990632,10.74,0.0
1183,2023-02-19 06:00:00,24.372383175833285,11.23,0.0
1184,2023-02-19 07:00:00,24.64623017780894,11.33,0.0
1185,2023-02-19 08:00:00,25.19392418176025,11.4,0.058
1186,2023-02-19 09:00:00,26.01546518768721,11.06,0.25
1187,2023-02-19 10:00:00,25.74161818571156,11.15,0.461
1188,2023-02-19 11:00:00,26.28931218966287,10.87,0.71
1189,2023-02-19 12:00:00,26.28931218966287,10.73,0.751
1190,2023-02-19 13:00:00,25.74161818571156,10.55,0.775
1191,2023-02-19 14:00:00,24.64623017780894,10.75,0.829
1192,2023-02-19 15:00:00,24.64623017780894,11.29,0.728
1193,2023-02-19 16:00:00,25.467771183735906,11.13,0.555
1194,2023-02-19 17:00:00,26.28931218966287,10.75,0.377
1195,2023-02-19 18:00:00,27.384700197565483,9.85,0.189
1196,2023-02-19 19:00:00,27.384700197565483,10.07,0.021
1197,2023-02-19 20:00:00,27.11085319558984,10.31,0.0
1198,2023-02-19 21:00:00,25.74161818571156,10.07,0.0
1199,2023-02-19 22:00:00,23.00314816595501,10.55,0.0
1200,2023-02-19 23:00:00,22.729301163979358,12.1,0.0
1201,2023-02-20 00:00:00,31.028582271666444,11.69,0.0
1202,2023-02-20 01:00:00,29.08929587968729,11.71,0.0
1203,2023-02-20 02:00:00,30.25286771487478,11.51,0.0
1204,2023-02-20 03:00:00,31.028582271666444,11.41,0.0
1205,2023-02-20 04:00:00,32.192154106853934,11.79,0.0
1206,2023-02-20 05:00:00,33.35572594204143,11.0,0.0
1207,2023-02-20 06:00:00,34.519297777228914,11.61,0.0
1208,2023-02-20 07:00:00,34.90715505562475,10.64,0.0
1209,2023-02-20 08:00:00,35.68286961241641,9.15,0.051
1210,2023-02-20 09:00:00,36.8464414476039,7.75,0.236
1211,2023-02-20 10:00:00,36.45858416920807,10.28,0.526
1212,2023-02-20 11:00:00,37.23429872599973,12.56,0.653
1213,2023-02-20 12:00:00,37.23429872599973,12.53,0.798
1214,2023-02-20 13:00:00,36.45858416920807,11.89,0.911
1215,2023-02-20 14:00:00,34.90715505562475,11.57,0.897
1216,2023-02-20 15:00:00,34.90715505562475,10.76,0.806
1217,2023-02-20 16:00:00,36.07072689081224,10.58,0.642
1218,2023-02-20 17:00:00,37.23429872599973,10.45,0.427
1219,2023-02-20 18:00:00,38.78572783958305,10.82,0.197
1220,2023-02-20 19:00:00,38.78572783958305,11.92,0.022
1221,2023-02-20 20:00:00,38.397870561187226,12.9,0.0
1222,2023-02-20 21:00:00,36.45858416920807,13.04,0.0
1223,2023-02-20 22:00:00,32.58001138524976,14.17,0.0
1224,2023-02-20 23:00:00,32.192154106853934,14.36,0.0
1225,2023-02-21 00:00:00,32.31320510456982,14.59,0.0
1226,2023-02-21 01:00:00,30.29362978553421,14.41,0.0
1227,2023-02-21 02:00:00,31.50537497695558,14.32,0.0
1228,2023-02-21 03:00:00,32.31320510456982,14.19,0.0
1229,2023-02-21 04:00:00,33.5249502959912,14.0,0.0
1230,2023-02-21 05:00:00,34.73669548741256,14.2,0.0
1231,2023-02-21 06:00:00,35.94844067883393,13.82,0.0
1232,2023-02-21 07:00:00,36.35235574264106,13.19,0.0
1233,2023-02-21 08:00:00,37.1601858702553,13.0,0.063
1234,2023-02-21 09:00:00,38.37193106167666,12.13,0.226
1235,2023-02-21 10:00:00,37.96801599786954,12.56,0.461
1236,2023-02-21 11:00:00,38.77584612548379,13.1,0.709
1237,2023-02-21 12:00:00,38.77584612548379,12.29,0.845
1238,2023-02-21 13:00:00,37.96801599786954,11.74,0.912
1239,2023-02-21 14:00:00,36.35235574264106,11.92,0.897
1240,2023-02-21 15:00:00,36.35235574264106,12.15,0.804
1241,2023-02-21 16:00:00,37.56410093406242,11.48,0.646
1242,2023-02-21 17:00:00,38.77584612548379,11.58,0.424
1243,2023-02-21 18:00:00,40.391506380712286,11.93,0.194
1244,2023-02-21 19:00:00,40.391506380712286,12.96,0.022
1245,2023-02-21 20:00:00,39.98759131690517,12.58,0.0
1246,2023-02-21 21:00:00,37.96801599786954,11.98,0.0
1247,2023-02-21 22:00:00,33.92886535979832,11.98,0.0
1248,2023-02-21 23:00:00,33.5249502959912,13.54,0.0
1249,2023-02-22 00:00:00,31.48972892963176,13.03,0.0
1250,2023-02-22 01:00:00,29.521620871529777,12.18,0.0
1251,2023-02-22 02:00:00,30.70248570639096,11.35,0.0
1252,2023-02-22 03:00:00,31.48972892963176,10.65,0.0
1253,2023-02-22 04:00:00,32.67059376449295,10.63,0.0
1254,2023-02-22 05:00:00,33.85145859935414,11.64,0.0
1255,2023-02-22 06:00:00,35.03232343421533,12.01,0.0
1256,2023-02-22 07:00:00,35.425945045835725,12.15,0.0
1257,2023-02-22 08:00:00,36.21318826907652,11.85,0.075
1258,2023-02-22 09:00:00,37.39405310393771,10.58,0.291
1259,2023-02-22 10:00:00,37.00043149231732,10.53,0.521
1260,2023-02-22 11:00:00,37.78767471555811,12.43,0.715
1261,2023-02-22 12:00:00,37.78767471555811,12.48,0.854
1262,2023-02-22 13:00:00,37.00043149231732,12.22,0.916
1263,2023-02-22 14:00:00,35.425945045835725,11.38,0.89
1264,2023-02-22 15:00:00,35.425945045835725,10.28,0.799
1265,2023-02-22 16:00:00,36.60680988069692,10.26,0.644
1266,2023-02-22 17:00:00,37.78767471555811,10.16,0.431
1267,2023-02-22 18:00:00,39.3621611620397,9.98,0.195
1268,2023-02-22 19:00:00,39.3621611620397,10.43,0.022
1269,2023-02-22 20:00:00,38.9685395504193,10.82,0.0
1270,2023-02-22 21:00:00,37.00043149231732,11.16,0.0
1271,2023-02-22 22:00:00,33.064215376113346,11.6,0.0
1272,2023-02-22 23:00:00,32.67059376449295,13.71,0.0
1273,2023-02-23 00:00:00,32.93904699752276,13.58,0.0
1274,2023-02-23 01:00:00,30.88035656017759,12.8,0.0
1275,2023-02-23 02:00:00,32.115570822584694,12.19,0.0
1276,2023-02-23 03:00:00,32.93904699752276,12.43,0.0
1277,2023-02-23 04:00:00,34.174261259929864,12.23,0.0
1278,2023-02-23 05:00:00,35.40947552233696,12.01,0.0
1279,2023-02-23 06:00:00,36.64468978474408,12.07,0.0
1280,2023-02-23 07:00:00,37.05642787221311,12.91,0.0
1281,2023-02-23 08:00:00,37.87990404715117,13.06,0.071
1282,2023-02-23 09:00:00,39.11511830955828,12.83,0.283
1283,2023-02-23 10:00:00,38.70338022208925,11.65,0.518
1284,2023-02-23 11:00:00,39.52685639702731,11.16,0.671
1285,2023-02-23 12:00:00,39.52685639702731,10.43,0.675
1286,2023-02-23 13:00:00,38.70338022208925,9.69,0.896
1287,2023-02-23 14:00:00,37.05642787221311,9.22,0.896
1288,2023-02-23 15:00:00,37.05642787221311,9.24,0.801
1289,2023-02-23 16:00:00,38.29164213462021,9.77,0.639
1290,2023-02-23 17:00:00,39.52685639702731,9.75,0.405
1291,2023-02-23 18:00:00,41.173808746903454,9.9,0.192
1292,2023-02-23 19:00:00,41.173808746903454,10.42,0.021
1293,2023-02-23 20:00:00,40.76207065943442,10.36,0.0
1294,2023-02-23 21:00:00,38.70338022208925,10.17,0.0
1295,2023-02-23 22:00:00,34.585999347398904,10.51,0.0
1296,2023-02-23 23:00:00,34.174261259929864,11.27,0.0
1297,2023-02-24 00:00:00,32.115570822584694,10.74,0.0
1298,2023-02-24 01:00:00,30.10834764617315,9.89,0.0
1299,2023-02-24 02:00:00,31.312681552020077,8.72,0.0
1300,2023-02-24 03:00:00,32.115570822584694,8.27,0.0
1301,2023-02-24 04:00:00,33.31990472843162,8.63,0.0
1302,2023-02-24 05:00:00,34.52423863427855,9.18,0.0
1303,2023-02-24 06:00:00,35.72857254012547,9.3,0.0
1304,2023-02-24 07:00:00,36.13001717540778,9.35,0.0
1305,2023-02-24 08:00:00,36.93290644597239,9.32,0.076
1306,2023-02-24 09:00:00,38.13724035181932,8.96,0.275
1307,2023-02-24 10:00:00,37.73579571653701,9.04,0.503
1308,2023-02-24 11:00:00,38.538684987101625,9.38,0.693
1309,2023-02-24 12:00:00,38.538684987101625,9.42,0.815
1310,2023-02-24 13:00:00,37.73579571653701,9.49,0.884
1311,2023-02-24 14:00:00,36.13001717540778,9.01,0.883
1312,2023-02-24 15:00:00,36.13001717540778,9.05,0.75
1313,2023-02-24 16:00:00,37.3343510812547,8.99,0.616
1314,2023-02-24 17:00:00,38.538684987101625,8.51,0.425
1315,2023-02-24 18:00:00,40.14446352823087,7.74,0.194
1316,2023-02-24 19:00:00,40.14446352823087,7.52,0.023
1317,2023-02-24 20:00:00,39.74301889294856,8.15,0.0
1318,2023-02-24 21:00:00,37.73579571653701,9.03,0.0
1319,2023-02-24 22:00:00,33.72134936371393,9.26,0.0
1320,2023-02-24 23:00:00,33.31990472843162,8.77,0.0
1321,2023-02-25 00:00:00,22.61924357319888,7.8,0.0
1322,2023-02-25 01:00:00,21.20554084987395,7.34,0.0
1323,2023-02-25 02:00:00,22.05376248386891,7.56,0.0
1324,2023-02-25 03:00:00,22.61924357319888,7.82,0.0
1325,2023-02-25 04:00:00,23.46746520719384,8.23,0.0
1326,2023-02-25 05:00:00,24.3156868411888,7.68,0.0
1327,2023-02-25 06:00:00,25.16390847518376,7.53,0.0
1328,2023-02-25 07:00:00,25.446649019848746,7.91,0.0
1329,2023-02-25 08:00:00,26.012130109178717,7.6,0.08
1330,2023-02-25 09:00:00,26.86035174317367,7.87,0.3
1331,2023-02-25 10:00:00,26.577611198508684,7.84,0.504
1332,2023-02-25 11:00:00,27.143092287838652,8.32,0.718
1333,2023-02-25 12:00:00,27.143092287838652,8.29,0.799
1334,2023-02-25 13:00:00,26.577611198508684,8.51,0.918
1335,2023-02-25 14:00:00,25.446649019848746,8.54,0.9
1336,2023-02-25 15:00:00,25.446649019848746,9.04,0.797
1337,2023-02-25 16:00:00,26.29487065384369,8.98,0.634
1338,2023-02-25 17:00:00,27.143092287838652,9.12,0.424
1339,2023-02-25 18:00:00,28.274054466498605,8.38,0.185
1340,2023-02-25 19:00:00,28.274054466498605,8.32,0.023
1341,2023-02-25 20:00:00,27.991313921833616,8.32,0.0
1342,2023-02-25 21:00:00,26.577611198508684,8.32,0.0
1343,2023-02-25 22:00:00,23.75020575185883,8.3,0.0
1344,2023-02-25 23:00:00,23.46746520719384,7.82,0.0
1345,2023-02-26 00:00:00,21.907760158052398,7.57,0.0
1346,2023-02-26 01:00:00,20.53852514817412,7.38,0.0
1347,2023-02-26 02:00:00,21.36006615410108,7.52,0.0
1348,2023-02-26 03:00:00,21.907760158052398,7.54,0.0
1349,2023-02-26 04:00:00,22.729301163979358,7.41,0.0
1350,2023-02-26 05:00:00,23.55084216990632,7.26,0.0
1351,2023-02-26 06:00:00,24.372383175833285,7.28,0.0
1352,2023-02-26 07:00:00,24.64623017780894,7.62,0.0
1353,2023-02-26 08:00:00,25.19392418176025,7.31,0.079
1354,2023-02-26 09:00:00,26.01546518768721,7.17,0.291
1355,2023-02-26 10:00:00,25.74161818571156,7.62,0.531
1356,2023-02-26 11:00:00,26.28931218966287,7.6,0.723
1357,2023-02-26 12:00:00,26.28931218966287,7.88,0.86
1358,2023-02-26 13:00:00,25.74161818571156,8.13,0.92
1359,2023-02-26 14:00:00,24.64623017780894,8.79,0.902
1360,2023-02-26 15:00:00,24.64623017780894,9.33,0.795
1361,2023-02-26 16:00:00,25.467771183735906,9.74,0.633
1362,2023-02-26 17:00:00,26.28931218966287,9.53,0.414
1363,2023-02-26 18:00:00,27.384700197565483,9.05,0.194
1364,2023-02-26 19:00:00,27.384700197565483,9.01,0.024
1365,2023-02-26 20:00:00,27.11085319558984,9.32,0.0
1366,2023-02-26 21:00:00,25.74161818571156,9.71,0.0
1367,2023-02-26 22:00:00,23.00314816595501,9.85,0.0
1368,2023-02-26 23:00:00,22.729301163979358,9.1,0.0
1369,2023-02-27 00:00:00,31.028582271666444,8.94,0.0
1370,2023-02-27 01:00:00,29.08929587968729,8.92,0.0
1371,2023-02-27 02:00:00,30.25286771487478,9.12,0.0
1372,2023-02-27 03:00:00,31.028582271666444,9.49,0.0
1373,2023-02-27 04:00:00,32.192154106853934,9.43,0.0
1374,2023-02-27 05:00:00,33.35572594204143,9.23,0.0
1375,2023-02-27 06:00:00,34.519297777228914,9.31,0.0
1376,2023-02-27 07:00:00,34.90715505562475,9.75,0.0
1377,2023-02-27 08:00:00,35.68286961241641,9.77,0.084
1378,2023-02-27 09:00:00,36.8464414476039,10.18,0.304
1379,2023-02-27 10:00:00,36.45858416920807,10.41,0.538
1380,2023-02-27 11:00:00,37.23429872599973,10.03,0.739
1381,2023-02-27 12:00:00,37.23429872599973,9.87,0.872
1382,2023-02-27 13:00:00,36.45858416920807,9.84,0.94
1383,2023-02-27 14:00:00,34.90715505562475,10.17,0.916
1384,2023-02-27 15:00:00,34.90715505562475,10.41,0.826
1385,2023-02-27 16:00:00,36.07072689081224,10.5,0.662
1386,2023-02-27 17:00:00,37.23429872599973,10.55,0.445
1387,2023-02-27 18:00:00,38.78572783958305,10.06,0.206
1388,2023-02-27 19:00:00,38.78572783958305,9.9,0.025
1389,2023-02-27 20:00:00,38.397870561187226,10.0,0.0
1390,2023-02-27 21:00:00,36.45858416920807,10.29,0.0
1391,2023-02-27 22:00:00,32.58001138524976,10.34,0.0
1392,2023-02-27 23:00:00,32.192154106853934,9.94,0.0
1393,2023-02-28 00:00:00,32.31320510456982,9.55,0.0
1394,2023-02-28 01:00:00,30.29362978553421,9.56,0.0
1395,2023-02-28 02:00:00,31.50537497695558,9.87,0.0
1396,2023-02-28 03:00:00,32.31320510456982,10.18,0.0
1397,2023-02-28 04:00:00,33.5249502959912,10.92,0.0
1398,2023-02-28 05:00:00,34.73669548741256,11.65,0.0
1399,2023-02-28 06:00:00,35.94844067883393,12.16,0.0
1400,2023-02-28 07:00:00,36.35235574264106,12.38,0.0
1401,2023-02-28 08:00:00,37.1601858702553,11.8,0.089
1402,2023-02-28 09:00:00,38.37193106167666,11.61,0.316
1403,2023-02-28 10:00:00,37.96801599786954,11.29,0.556
1404,2023-02-28 11:00:00,38.77584612548379,10.4,0.754
1405,2023-02-28 12:00:00,38.77584612548379,10.2,0.882
1406,2023-02-28 13:00:00,37.96801599786954,10.12,0.942
1407,2023-02-28 14:00:00,36.35235574264106,10.18,0.924
1408,2023-02-28 15:00:00,36.35235574264106,10.06,0.828
1409,2023-02-28 16:00:00,37.56410093406242,9.71,0.663
1410,2023-02-28 17:00:00,38.77584612548379,9.62,0.446
1411,2023-02-28 18:00:00,40.391506380712286,9.49,0.206
1412,2023-02-28 19:00:00,40.391506380712286,9.62,0.025
1413,2023-02-28 20:00:00,39.98759131690517,9.65,0.0
1414,2023-02-28 21:00:00,37.96801599786954,9.43,0.0
1415,2023-02-28 22:00:00,33.92886535979832,9.36,0.0
1416,2023-02-28 23:00:00,33.5249502959912,10.25,0.0
1417,2023-03-01 00:00:00,34.56302476319598,10.53,0.0
1418,2023-03-01 01:00:00,34.56302476319598,10.7,0.0
1419,2023-03-01 02:00:00,33.75923348963329,10.89,0.0
1420,2023-03-01 03:00:00,33.35733785285194,10.87,0.0
1421,2023-03-01 04:00:00,33.75923348963329,10.67,0.0
1422,2023-03-01 05:00:00,33.75923348963329,10.91,0.0
1423,2023-03-01 06:00:00,34.96492039997734,11.28,0.0
1424,2023-03-01 07:00:00,36.17060731032138,11.46,0.0
1425,2023-03-01 08:00:00,38.18008549422812,11.2,0.088
1426,2023-03-01 09:00:00,39.385772404572165,10.15,0.312
1427,2023-03-01 10:00:00,39.78766804135352,10.19,0.546
1428,2023-03-01 11:00:00,39.385772404572165,10.34,0.744
1429,2023-03-01 12:00:00,38.58198113100947,10.37,0.879
1430,2023-03-01 13:00:00,36.97439858388408,10.12,0.941
1431,2023-03-01 14:00:00,35.76871167354003,9.84,0.923
1432,2023-03-01 15:00:00,34.96492039997734,9.14,0.827
1433,2023-03-01 16:00:00,36.17060731032138,8.47,0.659
1434,2023-03-01 17:00:00,38.18008549422812,8.38,0.444
1435,2023-03-01 18:00:00,39.78766804135352,8.51,0.204
1436,2023-03-01 19:00:00,40.18956367813487,9.65,0.025
1437,2023-03-01 20:00:00,39.78766804135352,10.31,0.0
1438,2023-03-01 21:00:00,38.98387676779082,10.77,0.0
1439,2023-03-01 22:00:00,36.17060731032138,11.14,0.0
1440,2023-03-01 23:00:00,37.37629422066542,11.62,0.0
1441,2023-03-02 00:00:00,36.15379159330124,11.4,0.0
1442,2023-03-02 01:00:00,36.15379159330124,10.85,0.0
1443,2023-03-02 02:00:00,35.31300574229423,10.36,0.0
1444,2023-03-02 03:00:00,34.892612816790724,9.85,0.0
1445,2023-03-02 04:00:00,35.31300574229423,9.55,0.0
1446,2023-03-02 05:00:00,35.31300574229423,9.49,0.0
1447,2023-03-02 06:00:00,36.574184518804735,9.58,0.0
1448,2023-03-02 07:00:00,37.83536329531525,9.74,0.0
1449,2023-03-02 08:00:00,39.93732792283276,9.62,0.09
1450,2023-03-02 09:00:00,41.19850669934326,8.52,0.315
1451,2023-03-02 10:00:00,41.61889962484676,8.41,0.551
1452,2023-03-02 11:00:00,41.19850669934326,9.32,0.748
1453,2023-03-02 12:00:00,40.35772084833626,9.15,0.881
1454,2023-03-02 13:00:00,38.67614914632225,8.95,0.943
1455,2023-03-02 14:00:00,37.41497036981174,9.11,0.924
1456,2023-03-02 15:00:00,36.574184518804735,9.39,0.829
1457,2023-03-02 16:00:00,37.83536329531525,9.63,0.663
1458,2023-03-02 17:00:00,39.93732792283276,9.46,0.444
1459,2023-03-02 18:00:00,41.61889962484676,9.26,0.206
1460,2023-03-02 19:00:00,42.03929255035027,9.9,0.026
1461,2023-03-02 20:00:00,41.61889962484676,9.93,0.0
1462,2023-03-02 21:00:00,40.77811377383976,9.93,0.0
1463,2023-03-02 22:00:00,37.83536329531525,9.65,0.0
1464,2023-03-02 23:00:00,39.09654207182575,9.88,0.0
1465,2023-03-03 00:00:00,35.24994680346871,9.49,0.0
1466,2023-03-03 01:00:00,35.24994680346871,9.01,0.0
1467,2023-03-03 02:00:00,34.430180598736875,8.64,0.0
1468,2023-03-03 03:00:00,34.02029749637096,8.54,0.0
1469,2023-03-03 04:00:00,34.430180598736875,8.88,0.0
1470,2023-03-03 05:00:00,34.430180598736875,9.12,0.0
1471,2023-03-03 06:00:00,35.65982990583461,9.3,0.0
1472,2023-03-03 07:00:00,36.889479212932365,9.52,0.001
1473,2023-03-03 08:00:00,38.93889472476194,9.32,0.091
1474,2023-03-03 09:00:00,40.16854403185968,8.32,0.316
1475,2023-03-03 10:00:00,40.5784271342256,8.2,0.544
1476,2023-03-03 11:00:00,40.16854403185968,8.97,0.71
1477,2023-03-03 12:00:00,39.348777827127854,9.41,0.878
1478,2023-03-03 13:00:00,37.70924541766419,9.36,0.91
1479,2023-03-03 14:00:00,36.47959611056645,9.28,0.902
1480,2023-03-03 15:00:00,35.65982990583461,9.14,0.8
1481,2023-03-03 16:00:00,36.889479212932365,9.03,0.642
1482,2023-03-03 17:00:00,38.93889472476194,8.88,0.418
1483,2023-03-03 18:00:00,40.5784271342256,8.44,0.197
1484,2023-03-03 19:00:00,40.98831023659151,8.62,0.025
1485,2023-03-03 20:00:00,40.5784271342256,8.65,0.0
1486,2023-03-03 21:00:00,39.75866092949377,8.76,0.0
1487,2023-03-03 22:00:00,36.889479212932365,9.21,0.0
1488,2023-03-03 23:00:00,38.11912852003011,9.39,0.0
1489,2023-03-04 00:00:00,25.37851554683373,8.86,0.0
1490,2023-03-04 01:00:00,25.37851554683373,8.44,0.0
1491,2023-03-04 02:00:00,24.788317510860857,8.32,0.0
1492,2023-03-04 03:00:00,24.49321849287442,8.2,0.0
1493,2023-03-04 04:00:00,24.788317510860857,8.6,0.0
1494,2023-03-04 05:00:00,24.788317510860857,8.6,0.0
1495,2023-03-04 06:00:00,25.673614564820177,8.7,0.0
1496,2023-03-04 07:00:00,26.558911618779486,9.0,0.001
1497,2023-03-04 08:00:00,28.034406708711685,8.61,0.095
1498,2023-03-04 09:00:00,28.91970376267101,8.36,0.323
1499,2023-03-04 10:00:00,29.21480278065744,8.77,0.561
1500,2023-03-04 11:00:00,28.91970376267101,9.77,0.754
1501,2023-03-04 12:00:00,28.32950572669812,9.56,0.894
1502,2023-03-04 13:00:00,27.14910965475236,9.12,0.964
1503,2023-03-04 14:00:00,26.263812600793056,9.31,0.948
1504,2023-03-04 15:00:00,25.673614564820177,9.19,0.849
1505,2023-03-04 16:00:00,26.558911618779486,8.98,0.681
1506,2023-03-04 17:00:00,28.034406708711685,8.61,0.458
1507,2023-03-04 18:00:00,29.21480278065744,8.41,0.213
1508,2023-03-04 19:00:00,29.509901798643877,9.0,0.027
1509,2023-03-04 20:00:00,29.21480278065744,9.43,0.0
1510,2023-03-04 21:00:00,28.62460474468456,9.73,0.0
1511,2023-03-04 22:00:00,26.558911618779486,9.35,0.0
1512,2023-03-04 23:00:00,27.444208672738807,9.16,0.0
1513,2023-03-05 00:00:00,24.58023982845365,8.52,0.0
1514,2023-03-05 01:00:00,24.58023982845365,8.13,0.0
1515,2023-03-05 02:00:00,24.008606344071,8.21,0.0
1516,2023-03-05 03:00:00,23.72278960187968,7.8,0.0
1517,2023-03-05 04:00:00,24.008606344071,8.11,0.0
1518,2023-03-05 05:00:00,24.008606344071,8.43,0.0
1519,2023-03-05 06:00:00,24.866056570644968,8.62,0.0
1520,2023-03-05 07:00:00,25.72350679721893,8.5,0.001
1521,2023-03-05 08:00:00,27.152590508175543,8.51,0.097
1522,2023-03-05 09:00:00,28.010040734749506,7.88,0.304
1523,2023-03-05 10:00:00,28.295857476940824,8.4,0.53
1524,2023-03-05 11:00:00,28.010040734749506,9.59,0.752
1525,2023-03-05 12:00:00,27.43840725036686,9.66,0.89
1526,2023-03-05 13:00:00,26.295140281601576,9.71,0.928
1527,2023-03-05 14:00:00,25.437690055027613,9.52,0.916
1528,2023-03-05 15:00:00,24.866056570644968,9.22,0.809
1529,2023-03-05 16:00:00,25.72350679721893,8.83,0.625
1530,2023-03-05 17:00:00,27.152590508175543,8.4,0.396
1531,2023-03-05 18:00:00,28.295857476940824,8.21,0.182
1532,2023-03-05 19:00:00,28.581674219132147,8.8,0.026
1533,2023-03-05 20:00:00,28.295857476940824,9.12,0.0
1534,2023-03-05 21:00:00,27.724223992558187,9.22,0.0
1535,2023-03-05 22:00:00,25.72350679721893,9.13,0.0
1536,2023-03-05 23:00:00,26.580957023792894,9.85,0.0
1537,2023-03-06 00:00:00,34.05687168088976,9.14,0.0
1538,2023-03-06 01:00:00,34.05687168088976,8.42,0.0
1539,2023-03-06 02:00:00,33.26485140924116,8.31,0.0
1540,2023-03-06 03:00:00,32.86884127341686,8.1,0.0
1541,2023-03-06 04:00:00,33.26485140924116,7.91,0.0
1542,2023-03-06 05:00:00,33.26485140924116,8.02,0.0
1543,2023-03-06 06:00:00,34.45288181671406,8.2,0.0
1544,2023-03-06 07:00:00,35.64091222418696,8.12,0.001
1545,2023-03-06 08:00:00,37.62096290330846,7.73,0.079
1546,2023-03-06 09:00:00,38.80899331078136,6.95,0.286
1547,2023-03-06 10:00:00,39.20500344660565,6.79,0.495
1548,2023-03-06 11:00:00,38.80899331078136,7.31,0.717
1549,2023-03-06 12:00:00,38.01697303913276,7.38,0.83
1550,2023-03-06 13:00:00,36.43293249583556,7.59,0.862
1551,2023-03-06 14:00:00,35.244902088362664,7.28,0.896
1552,2023-03-06 15:00:00,34.45288181671406,7.74,0.796
1553,2023-03-06 16:00:00,35.64091222418696,7.77,0.632
1554,2023-03-06 17:00:00,37.62096290330846,7.37,0.418
1555,2023-03-06 18:00:00,39.20500344660565,7.1,0.189
1556,2023-03-06 19:00:00,39.60101358242996,7.6,0.025
1557,2023-03-06 20:00:00,39.20500344660565,8.31,0.0
1558,2023-03-06 21:00:00,38.412983174957056,8.83,0.0
1559,2023-03-06 22:00:00,35.64091222418696,8.94,0.0
1560,2023-03-06 23:00:00,36.82894263165986,8.42,0.0
1561,2023-03-07 00:00:00,35.46686955302852,8.02,0.0
1562,2023-03-07 01:00:00,35.46686955302852,7.48,0.0
1563,2023-03-07 02:00:00,34.64205863319064,7.48,0.0
1564,2023-03-07 03:00:00,34.22965317327171,7.23,0.0
1565,2023-03-07 04:00:00,34.64205863319064,6.6,0.0
1566,2023-03-07 05:00:00,34.64205863319064,6.4,0.0
1567,2023-03-07 06:00:00,35.879275012947446,6.71,0.0
1568,2023-03-07 07:00:00,37.11649139270426,7.6,0.001
1569,2023-03-07 08:00:00,39.178518692298944,8.41,0.078
1570,2023-03-07 09:00:00,40.41573507205575,8.0,0.26
1571,2023-03-07 10:00:00,40.82814053197468,7.13,0.5
1572,2023-03-07 11:00:00,40.41573507205575,7.35,0.638
1573,2023-03-07 12:00:00,39.59092415221788,7.91,0.864
1574,2023-03-07 13:00:00,37.94130231254213,8.57,0.912
1575,2023-03-07 14:00:00,36.70408593278532,8.32,0.909
1576,2023-03-07 15:00:00,35.879275012947446,8.22,0.817
1577,2023-03-07 16:00:00,37.11649139270426,7.91,0.655
1578,2023-03-07 17:00:00,39.178518692298944,7.45,0.441
1579,2023-03-07 18:00:00,40.82814053197468,7.61,0.205
1580,2023-03-07 19:00:00,41.24054599189362,8.43,0.027
1581,2023-03-07 20:00:00,40.82814053197468,8.27,0.0
1582,2023-03-07 21:00:00,40.00332961213681,8.32,0.0
1583,2023-03-07 22:00:00,37.11649139270426,8.63,0.0
1584,2023-03-07 23:00:00,38.35370777246107,9.39,0.0
1585,2023-03-08 00:00:00,34.56302476319598,9.3,0.0
1586,2023-03-08 01:00:00,34.56302476319598,9.28,0.0
1587,2023-03-08 02:00:00,33.75923348963329,9.18,0.0
1588,2023-03-08 03:00:00,33.35733785285194,9.41,0.0
1589,2023-03-08 04:00:00,33.75923348963329,9.71,0.0
1590,2023-03-08 05:00:00,33.75923348963329,9.63,0.0
1591,2023-03-08 06:00:00,34.96492039997734,9.82,0.0
1592,2023-03-08 07:00:00,36.17060731032138,10.1,0.001
1593,2023-03-08 08:00:00,38.18008549422812,10.37,0.082
1594,2023-03-08 09:00:00,39.385772404572165,9.66,0.253
1595,2023-03-08 10:00:00,39.78766804135352,9.14,0.485
1596,2023-03-08 11:00:00,39.385772404572165,9.39,0.721
1597,2023-03-08 12:00:00,38.58198113100947,9.84,0.895
1598,2023-03-08 13:00:00,36.97439858388408,10.02,0.956
1599,2023-03-08 14:00:00,35.76871167354003,9.87,0.936
1600,2023-03-08 15:00:00,34.96492039997734,9.74,0.839
1601,2023-03-08 16:00:00,36.17060731032138,9.77,0.672
1602,2023-03-08 17:00:00,38.18008549422812,10.02,0.452
1603,2023-03-08 18:00:00,39.78766804135352,10.5,0.211
1604,2023-03-08 19:00:00,40.18956367813487,10.63,0.027
1605,2023-03-08 20:00:00,39.78766804135352,10.37,0.0
1606,2023-03-08 21:00:00,38.98387676779082,10.02,0.0
1607,2023-03-08 22:00:00,36.17060731032138,9.84,0.0
1608,2023-03-08 23:00:00,37.37629422066542,9.3,0.0
1609,2023-03-09 00:00:00,36.15379159330124,9.36,0.0
1610,2023-03-09 01:00:00,36.15379159330124,9.68,0.0
1611,2023-03-09 02:00:00,35.31300574229423,10.11,0.0
1612,2023-03-09 03:00:00,34.892612816790724,10.48,0.0
1613,2023-03-09 04:00:00,35.31300574229423,10.46,0.0
1614,2023-03-09 05:00:00,35.31300574229423,10.4,0.0
1615,2023-03-09 06:00:00,36.574184518804735,10.22,0.0
1616,2023-03-09 07:00:00,37.83536329531525,10.18,0.001
1617,2023-03-09 08:00:00,39.93732792283276,10.0,0.104
1618,2023-03-09 09:00:00,41.19850669934326,9.55,0.334
1619,2023-03-09 10:00:00,41.61889962484676,9.59,0.571
1620,2023-03-09 11:00:00,41.19850669934326,10.31,0.767
1621,2023-03-09 12:00:00,40.35772084833626,9.66,0.898
1622,2023-03-09 13:00:00,38.67614914632225,8.74,0.957
1623,2023-03-09 14:00:00,37.41497036981174,8.12,0.936
1624,2023-03-09 15:00:00,36.574184518804735,7.68,0.837
1625,2023-03-09 16:00:00,37.83536329531525,7.44,0.67
1626,2023-03-09 17:00:00,39.93732792283276,7.39,0.451
1627,2023-03-09 18:00:00,41.61889962484676,8.54,0.21
1628,2023-03-09 19:00:00,42.03929255035027,9.66,0.028
1629,2023-03-09 20:00:00,41.61889962484676,9.67,0.0
1630,2023-03-09 21:00:00,40.77811377383976,9.14,0.0
1631,2023-03-09 22:00:00,37.83536329531525,8.27,0.0
1632,2023-03-09 23:00:00,39.09654207182575,7.94,0.0
1633,2023-03-10 00:00:00,35.24994680346871,7.83,0.0
1634,2023-03-10 01:00:00,35.24994680346871,8.1,0.0
1635,2023-03-10 02:00:00,34.430180598736875,7.94,0.0
1636,2023-03-10 03:00:00,34.02029749637096,7.96,0.0
1637,2023-03-10 04:00:00,34.430180598736875,8.52,0.0
1638,2023-03-10 05:00:00,34.430180598736875,8.98,0.0
1639,2023-03-10 06:00:00,35.65982990583461,9.23,0.0
1640,2023-03-10 07:00:00,36.889479212932365,9.83,0.002
1641,2023-03-10 08:00:00,38.93889472476194,10.18,0.11
1642,2023-03-10 09:00:00,40.16854403185968,8.98,0.345
1643,2023-03-10 10:00:00,40.5784271342256,9.63,0.586
1644,2023-03-10 11:00:00,40.16854403185968,9.36,0.789
1645,2023-03-10 12:00:00,39.348777827127854,9.12,0.921
1646,2023-03-10 13:00:00,37.70924541766419,9.18,0.979
1647,2023-03-10 14:00:00,36.47959611056645,9.36,0.957
1648,2023-03-10 15:00:00,35.65982990583461,9.36,0.858
1649,2023-03-10 16:00:00,36.889479212932365,9.15,0.687
1650,2023-03-10 17:00:00,38.93889472476194,9.12,0.463
1651,2023-03-10 18:00:00,40.5784271342256,9.63,0.217
1652,2023-03-10 19:00:00,40.98831023659151,10.64,0.029
1653,2023-03-10 20:00:00,40.5784271342256,10.95,0.0
1654,2023-03-10 21:00:00,39.75866092949377,11.33,0.0
1655,2023-03-10 22:00:00,36.889479212932365,11.54,0.0
1656,2023-03-10 23:00:00,38.11912852003011,12.84,0.0
1657,2023-03-11 00:00:00,25.37851554683373,12.45,0.0
1658,2023-03-11 01:00:00,25.37851554683373,11.98,0.0
1659,2023-03-11 02:00:00,24.788317510860857,11.6,0.0
1660,2023-03-11 03:00:00,24.49321849287442,11.61,0.0
1661,2023-03-11 04:00:00,24.788317510860857,11.84,0.0
1662,2023-03-11 05:00:00,24.788317510860857,12.3,0.0
1663,2023-03-11 06:00:00,25.673614564820177,12.88,0.0
1664,2023-03-11 07:00:00,26.558911618779486,13.09,0.002
1665,2023-03-11 08:00:00,28.034406708711685,12.83,0.112
1666,2023-03-11 09:00:00,28.91970376267101,11.69,0.347
1667,2023-03-11 10:00:00,29.21480278065744,11.84,0.586
1668,2023-03-11 11:00:00,28.91970376267101,11.38,0.783
1669,2023-03-11 12:00:00,28.32950572669812,10.89,0.915
1670,2023-03-11 13:00:00,27.14910965475236,10.51,0.973
1671,2023-03-11 14:00:00,26.263812600793056,10.19,0.952
1672,2023-03-11 15:00:00,25.673614564820177,10.03,0.852
1673,2023-03-11 16:00:00,26.558911618779486,10.07,0.683
1674,2023-03-11 17:00:00,28.034406708711685,10.09,0.46
1675,2023-03-11 18:00:00,29.21480278065744,10.58,0.215
1676,2023-03-11 19:00:00,29.509901798643877,11.32,0.029
1677,2023-03-11 20:00:00,29.21480278065744,11.72,0.0
1678,2023-03-11 21:00:00,28.62460474468456,11.99,0.0
1679,2023-03-11 22:00:00,26.558911618779486,11.8,0.0
1680,2023-03-11 23:00:00,27.444208672738807,12.01,0.0
1681,2023-03-12 00:00:00,24.58023982845365,11.64,0.0
1682,2023-03-12 01:00:00,24.58023982845365,11.0,0.0
1683,2023-03-12 02:00:00,24.008606344071,10.37,0.0
1684,2023-03-12 03:00:00,23.72278960187968,10.36,0.0
1685,2023-03-12 04:00:00,24.008606344071,11.13,0.0
1686,2023-03-12 05:00:00,24.008606344071,11.93,0.0
1687,2023-03-12 06:00:00,24.866056570644968,12.13,0.0
1688,2023-03-12 07:00:00,25.72350679721893,12.24,0.002
1689,2023-03-12 08:00:00,27.152590508175543,11.85,0.111
1690,2023-03-12 09:00:00,28.010040734749506,10.56,0.346
1691,2023-03-12 10:00:00,28.295857476940824,10.14,0.584
1692,2023-03-12 11:00:00,28.010040734749506,10.59,0.783
1693,2023-03-12 12:00:00,27.43840725036686,11.0,0.915
1694,2023-03-12 13:00:00,26.295140281601576,11.1,0.973
1695,2023-03-12 14:00:00,25.437690055027613,10.41,0.951
1696,2023-03-12 15:00:00,24.866056570644968,9.79,0.851
1697,2023-03-12 16:00:00,25.72350679721893,9.55,0.681
1698,2023-03-12 17:00:00,27.152590508175543,9.72,0.458
1699,2023-03-12 18:00:00,28.295857476940824,9.58,0.214
1700,2023-03-12 19:00:00,28.581674219132147,10.55,0.029
1701,2023-03-12 20:00:00,28.295857476940824,10.77,0.0
1702,2023-03-12 21:00:00,27.724223992558187,11.24,0.0
1703,2023-03-12 22:00:00,25.72350679721893,11.83,0.0
1704,2023-03-12 23:00:00,26.580957023792894,12.71,0.0
1705,2023-03-13 00:00:00,34.05687168088976,12.12,0.0
1706,2023-03-13 01:00:00,34.05687168088976,11.06,0.0
1707,2023-03-13 02:00:00,33.26485140924116,10.18,0.0
1708,2023-03-13 03:00:00,32.86884127341686,9.85,0.0
1709,2023-03-13 04:00:00,33.26485140924116,9.24,0.0
1710,2023-03-13 05:00:00,33.26485140924116,9.12,0.0
1711,2023-03-13 06:00:00,34.45288181671406,9.31,0.0
1712,2023-03-13 07:00:00,35.64091222418696,9.52,0.002
1713,2023-03-13 08:00:00,37.62096290330846,9.6,0.113
1714,2023-03-13 09:00:00,38.80899331078136,8.81,0.348
1715,2023-03-13 10:00:00,39.20500344660565,7.48,0.587
1716,2023-03-13 11:00:00,38.80899331078136,8.18,0.784
1717,2023-03-13 12:00:00,38.01697303913276,8.34,0.92
1718,2023-03-13 13:00:00,36.43293249583556,8.25,0.978
1719,2023-03-13 14:00:00,35.244902088362664,7.98,0.955
1720,2023-03-13 15:00:00,34.45288181671406,7.83,0.853
1721,2023-03-13 16:00:00,35.64091222418696,7.89,0.682
1722,2023-03-13 17:00:00,37.62096290330846,7.89,0.459
1723,2023-03-13 18:00:00,39.20500344660565,8.21,0.215
1724,2023-03-13 19:00:00,39.60101358242996,9.3,0.029
1725,2023-03-13 20:00:00,39.20500344660565,10.0,0.0
1726,2023-03-13 21:00:00,38.412983174957056,10.4,0.0
1727,2023-03-13 22:00:00,35.64091222418696,10.5,0.0
1728,2023-03-13 23:00:00,36.82894263165986,10.9,0.0
1729,2023-03-14 00:00:00,35.46686955302852,10.4,0.0
1730,2023-03-14 01:00:00,35.46686955302852,10.21,0.0
1731,2023-03-14 02:00:00,34.64205863319064,9.43,0.0
1732,2023-03-14 03:00:00,34.22965317327171,8.75,0.0
1733,2023-03-14 04:00:00,34.64205863319064,8.39,0.0
1734,2023-03-14 05:00:00,34.64205863319064,7.45,0.0
1735,2023-03-14 06:00:00,35.879275012947446,7.16,0.0
1736,2023-03-14 07:00:00,37.11649139270426,7.34,0.003
1737,2023-03-14 08:00:00,39.178518692298944,6.73,0.117
1738,2023-03-14 09:00:00,40.41573507205575,4.8,0.354
1739,2023-03-14 10:00:00,40.82814053197468,4.57,0.594
1740,2023-03-14 11:00:00,40.41573507205575,5.14,0.791
1741,2023-03-14 12:00:00,39.59092415221788,4.22,0.932
1742,2023-03-14 13:00:00,37.94130231254213,3.13,0.994
1743,2023-03-14 14:00:00,36.70408593278532,2.31,0.976
1744,2023-03-14 15:00:00,35.879275012947446,2.34,0.874
1745,2023-03-14 16:00:00,37.11649139270426,3.2,0.699
1746,2023-03-14 17:00:00,39.178518692298944,4.69,0.471
1747,2023-03-14 18:00:00,40.82814053197468,5.3,0.221
1748,2023-03-14 19:00:00,41.24054599189362,6.57,0.03
1749,2023-03-14 20:00:00,40.82814053197468,7.28,0.0
1750,2023-03-14 21:00:00,40.00332961213681,7.41,0.0
1751,2023-03-14 22:00:00,37.11649139270426,6.97,0.0
1752,2023-03-14 23:00:00,38.35370777246107,5.67,0.0
1753,2023-03-15 00:00:00,34.56302476319598,5.3,0.0
1754,2023-03-15 01:00:00,34.56302476319598,5.47,0.0
1755,2023-03-15 02:00:00,33.75923348963329,5.72,0.0
1756,2023-03-15 03:00:00,33.35733785285194,6.23,0.0
1757,2023-03-15 04:00:00,33.75923348963329,6.4,0.0
1758,2023-03-15 05:00:00,33.75923348963329,5.59,0.0
1759,2023-03-15 06:00:00,34.96492039997734,4.93,0.0
1760,2023-03-15 07:00:00,36.17060731032138,4.63,0.003
1761,2023-03-15 08:00:00,38.18008549422812,4.88,0.117
1762,2023-03-15 09:00:00,39.385772404572165,3.51,0.352
1763,2023-03-15 10:00:00,39.78766804135352,2.86,0.587
1764,2023-03-15 11:00:00,39.385772404572165,1.56,0.782
1765,2023-03-15 12:00:00,38.58198113100947,2.02,0.914
1766,2023-03-15 13:00:00,36.97439858388408,2.43,0.967
1767,2023-03-15 14:00:00,35.76871167354003,2.2,0.94
1768,2023-03-15 15:00:00,34.96492039997734,2.77,0.834
1769,2023-03-15 16:00:00,36.17060731032138,2.86,0.663
1770,2023-03-15 17:00:00,38.18008549422812,2.63,0.446
1771,2023-03-15 18:00:00,39.78766804135352,2.83,0.209
1772,2023-03-15 19:00:00,40.18956367813487,4.0,0.029
1773,2023-03-15 20:00:00,39.78766804135352,5.12,0.0
1774,2023-03-15 21:00:00,38.98387676779082,5.6,0.0
1775,2023-03-15 22:00:00,36.17060731032138,6.05,0.0
1776,2023-03-15 23:00:00,37.37629422066542,6.41,0.0
1777,2023-03-16 00:00:00,36.15379159330124,5.92,0.0
1778,2023-03-16 01:00:00,36.15379159330124,5.06,0.0
1779,2023-03-16 02:00:00,35.31300574229423,5.28,0.0
1780,2023-03-16 03:00:00,34.892612816790724,5.74,0.0
1781,2023-03-16 04:00:00,35.31300574229423,6.61,0.0
1782,2023-03-16 05:00:00,35.31300574229423,5.6,0.0
1783,2023-03-16 06:00:00,36.574184518804735,5.71,0.0
1784,2023-03-16 07:00:00,37.83536329531525,6.01,0.003
1785,2023-03-16 08:00:00,39.93732792283276,5.15,0.109
1786,2023-03-16 09:00:00,41.19850669934326,4.5,0.334
1787,2023-03-16 10:00:00,41.61889962484676,4.14,0.564
1788,2023-03-16 11:00:00,41.19850669934326,3.92,0.774
1789,2023-03-16 12:00:00,40.35772084833626,2.21,0.899
1790,2023-03-16 13:00:00,38.67614914632225,1.33,0.954
1791,2023-03-16 14:00:00,37.41497036981174,0.22,0.938
1792,2023-03-16 15:00:00,36.574184518804735,1.3,0.817
1793,2023-03-16 16:00:00,37.83536329531525,2.56,0.574
1794,2023-03-16 17:00:00,39.93732792283276,3.8,0.384
1795,2023-03-16 18:00:00,41.61889962484676,4.03,0.194
1796,2023-03-16 19:00:00,42.03929255035027,3.72,0.029
1797,2023-03-16 20:00:00,41.61889962484676,4.69,0.0
1798,2023-03-16 21:00:00,40.77811377383976,5.25,0.0
1799,2023-03-16 22:00:00,37.83536329531525,6.72,0.0
1800,2023-03-16 23:00:00,39.09654207182575,6.83,0.0
1801,2023-03-17 00:00:00,35.24994680346871,6.51,0.0
1802,2023-03-17 01:00:00,35.24994680346871,6.71,0.0
1803,2023-03-17 02:00:00,34.430180598736875,7.03,0.0
1804,2023-03-17 03:00:00,34.02029749637096,7.03,0.0
1805,2023-03-17 04:00:00,34.430180598736875,7.02,0.0
1806,2023-03-17 05:00:00,34.430180598736875,6.92,0.0
1807,2023-03-17 06:00:00,35.65982990583461,7.63,0.0
1808,2023-03-17 07:00:00,36.889479212932365,8.24,0.003
1809,2023-03-17 08:00:00,38.93889472476194,8.85,0.115
1810,2023-03-17 09:00:00,40.16854403185968,9.31,0.338
1811,2023-03-17 10:00:00,40.5784271342256,8.79,0.552
1812,2023-03-17 11:00:00,40.16854403185968,8.51,0.762
1813,2023-03-17 12:00:00,39.348777827127854,8.35,0.901
1814,2023-03-17 13:00:00,37.70924541766419,8.34,0.959
1815,2023-03-17 14:00:00,36.47959611056645,7.75,0.938
1816,2023-03-17 15:00:00,35.65982990583461,6.55,0.839
1817,2023-03-17 16:00:00,36.889479212932365,6.67,0.667
1818,2023-03-17 17:00:00,38.93889472476194,7.2,0.448
1819,2023-03-17 18:00:00,40.5784271342256,8.42,0.209
1820,2023-03-17 19:00:00,40.98831023659151,9.63,0.028
1821,2023-03-17 20:00:00,40.5784271342256,9.61,0.0
1822,2023-03-17 21:00:00,39.75866092949377,8.93,0.0
1823,2023-03-17 22:00:00,36.889479212932365,8.28,0.0
1824,2023-03-17 23:00:00,38.11912852003011,8.16,0.0
1825,2023-03-18 00:00:00,25.37851554683373,8.32,0.0
1826,2023-03-18 01:00:00,25.37851554683373,7.69,0.0
1827,2023-03-18 02:00:00,24.788317510860857,7.33,0.0
1828,2023-03-18 03:00:00,24.49321849287442,7.3,0.0
1829,2023-03-18 04:00:00,24.788317510860857,7.1,0.0
1830,2023-03-18 05:00:00,24.788317510860857,7.1,0.0
1831,2023-03-18 06:00:00,25.673614564820177,6.8,0.0
1832,2023-03-18 07:00:00,26.558911618779486,7.0,0.004
1833,2023-03-18 08:00:00,28.034406708711685,6.71,0.116
1834,2023-03-18 09:00:00,28.91970376267101,6.97,0.347
1835,2023-03-18 10:00:00,29.21480278065744,7.43,0.577
1836,2023-03-18 11:00:00,28.91970376267101,6.63,0.765
1837,2023-03-18 12:00:00,28.32950572669812,4.44,0.888
1838,2023-03-18 13:00:00,27.14910965475236,3.0,0.951
1839,2023-03-18 14:00:00,26.263812600793056,2.83,0.928
1840,2023-03-18 15:00:00,25.673614564820177,2.91,0.827
1841,2023-03-18 16:00:00,26.558911618779486,3.05,0.658
1842,2023-03-18 17:00:00,28.034406708711685,3.81,0.441
1843,2023-03-18 18:00:00,29.21480278065744,4.3,0.206
1844,2023-03-18 19:00:00,29.509901798643877,5.92,0.028
1845,2023-03-18 20:00:00,29.21480278065744,7.47,0.0
1846,2023-03-18 21:00:00,28.62460474468456,8.31,0.0
1847,2023-03-18 22:00:00,26.558911618779486,9.1,0.0
1848,2023-03-18 23:00:00,27.444208672738807,8.84,0.0
1849,2023-03-19 00:00:00,24.58023982845365,8.33,0.0
1850,2023-03-19 01:00:00,24.58023982845365,7.12,0.0
1851,2023-03-19 02:00:00,24.008606344071,6.71,0.0
1852,2023-03-19 03:00:00,23.72278960187968,6.81,0.0
1853,2023-03-19 04:00:00,24.008606344071,6.91,0.0
1854,2023-03-19 05:00:00,24.008606344071,6.8,0.0
1855,2023-03-19 06:00:00,24.866056570644968,7.6,0.0
1856,2023-03-19 07:00:00,25.72350679721893,8.2,0.004
1857,2023-03-19 08:00:00,27.152590508175543,8.33,0.12
1858,2023-03-19 09:00:00,28.010040734749506,8.61,0.346
1859,2023-03-19 10:00:00,28.295857476940824,8.42,0.577
1860,2023-03-19 11:00:00,28.010040734749506,7.52,0.768
1861,2023-03-19 12:00:00,27.43840725036686,7.16,0.899
1862,2023-03-19 13:00:00,26.295140281601576,6.21,0.956
1863,2023-03-19 14:00:00,25.437690055027613,5.66,0.933
1864,2023-03-19 15:00:00,24.866056570644968,6.02,0.832
1865,2023-03-19 16:00:00,25.72350679721893,6.43,0.662
1866,2023-03-19 17:00:00,27.152590508175543,6.85,0.445
1867,2023-03-19 18:00:00,28.295857476940824,7.42,0.208
1868,2023-03-19 19:00:00,28.581674219132147,8.6,0.029
1869,2023-03-19 20:00:00,28.295857476940824,8.3,0.0
1870,2023-03-19 21:00:00,27.724223992558187,7.5,0.0
1871,2023-03-19 22:00:00,25.72350679721893,7.5,0.0
1872,2023-03-19 23:00:00,26.580957023792894,6.51,0.0
1873,2023-03-20 00:00:00,34.05687168088976,7.31,0.0
1874,2023-03-20 01:00:00,34.05687168088976,6.81,0.0
1875,2023-03-20 02:00:00,33.26485140924116,5.43,0.0
1876,2023-03-20 03:00:00,32.86884127341686,5.32,0.0
1877,2023-03-20 04:00:00,33.26485140924116,6.13,0.0
1878,2023-03-20 05:00:00,33.26485140924116,8.0,0.0
1879,2023-03-20 06:00:00,34.45288181671406,8.91,0.0
1880,2023-03-20 07:00:00,35.64091222418696,9.01,0.004
1881,2023-03-20 08:00:00,37.62096290330846,8.53,0.117
1882,2023-03-20 09:00:00,38.80899331078136,8.47,0.347
1883,2023-03-20 10:00:00,39.20500344660565,8.61,0.581
1884,2023-03-20 11:00:00,38.80899331078136,7.91,0.769
1885,2023-03-20 12:00:00,38.01697303913276,7.87,0.904
1886,2023-03-20 13:00:00,36.43293249583556,8.13,0.958
1887,2023-03-20 14:00:00,35.244902088362664,8.1,0.937
1888,2023-03-20 15:00:00,34.45288181671406,8.08,0.835
1889,2023-03-20 16:00:00,35.64091222418696,8.1,0.666
1890,2023-03-20 17:00:00,37.62096290330846,8.16,0.446
1891,2023-03-20 18:00:00,39.20500344660565,8.45,0.208
1892,2023-03-20 19:00:00,39.60101358242996,9.24,0.029
1893,2023-03-20 20:00:00,39.20500344660565,9.47,0.0
1894,2023-03-20 21:00:00,38.412983174957056,9.58,0.0
1895,2023-03-20 22:00:00,35.64091222418696,9.88,0.0
1896,2023-03-20 23:00:00,36.82894263165986,9.22,0.0
1897,2023-03-21 00:00:00,35.46686955302852,8.37,0.0
1898,2023-03-21 01:00:00,35.46686955302852,8.1,0.0
1899,2023-03-21 02:00:00,34.64205863319064,7.84,0.0
1900,2023-03-21 03:00:00,34.22965317327171,7.34,0.0
1901,2023-03-21 04:00:00,34.64205863319064,7.53,0.0
1902,2023-03-21 05:00:00,34.64205863319064,7.73,0.0
1903,2023-03-21 06:00:00,35.879275012947446,8.46,0.0
1904,2023-03-21 07:00:00,37.11649139270426,9.27,0.005
1905,2023-03-21 08:00:00,39.178518692298944,9.11,0.126
1906,2023-03-21 09:00:00,40.41573507205575,8.81,0.354
1907,2023-03-21 10:00:00,40.82814053197468,8.34,0.572
1908,2023-03-21 11:00:00,40.41573507205575,8.08,0.776
1909,2023-03-21 12:00:00,39.59092415221788,8.32,0.902
1910,2023-03-21 13:00:00,37.94130231254213,8.13,0.961
1911,2023-03-21 14:00:00,36.70408593278532,7.41,0.94
1912,2023-03-21 15:00:00,35.879275012947446,7.58,0.835
1913,2023-03-21 16:00:00,37.11649139270426,7.72,0.67
1914,2023-03-21 17:00:00,39.178518692298944,7.74,0.449
1915,2023-03-21 18:00:00,40.82814053197468,7.91,0.207
1916,2023-03-21 19:00:00,41.24054599189362,8.21,0.029
1917,2023-03-21 20:00:00,40.82814053197468,8.55,0.0
1918,2023-03-21 21:00:00,40.00332961213681,8.3,0.0
1919,2023-03-21 22:00:00,37.11649139270426,8.61,0.0
1920,2023-03-21 23:00:00,38.35370777246107,7.58,0.0
1921,2023-03-22 00:00:00,34.56302476319598,6.76,0.0
1922,2023-03-22 01:00:00,34.56302476319598,6.51,0.0
1923,2023-03-22 02:00:00,33.75923348963329,6.0,0.0
1924,2023-03-22 03:00:00,33.35733785285194,5.61,0.0
1925,2023-03-22 04:00:00,33.75923348963329,5.72,0.0
1926,2023-03-22 05:00:00,33.75923348963329,6.21,0.0
1927,2023-03-22 06:00:00,34.96492039997734,6.61,0.0
1928,2023-03-22 07:00:00,36.17060731032138,6.6,0.005
1929,2023-03-22 08:00:00,38.18008549422812,6.3,0.113
1930,2023-03-22 09:00:00,39.385772404572165,6.03,0.325
1931,2023-03-22 10:00:00,39.78766804135352,5.53,0.545
1932,2023-03-22 11:00:00,39.385772404572165,5.28,0.779
1933,2023-03-22 12:00:00,38.58198113100947,5.19,0.887
1934,2023-03-22 13:00:00,36.97439858388408,5.64,0.96
1935,2023-03-22 14:00:00,35.76871167354003,5.66,0.936
1936,2023-03-22 15:00:00,34.96492039997734,5.83,0.833
1937,2023-03-22 16:00:00,36.17060731032138,6.31,0.664
1938,2023-03-22 17:00:00,38.18008549422812,6.23,0.441
1939,2023-03-22 18:00:00,39.78766804135352,5.63,0.209
1940,2023-03-22 19:00:00,40.18956367813487,6.15,0.029
1941,2023-03-22 20:00:00,39.78766804135352,6.0,0.0
1942,2023-03-22 21:00:00,38.98387676779082,5.7,0.0
1943,2023-03-22 22:00:00,36.17060731032138,5.8,0.0
1944,2023-03-22 23:00:00,37.37629422066542,5.22,0.0
1945,2023-03-23 00:00:00,36.15379159330124,4.91,0.0
1946,2023-03-23 01:00:00,36.15379159330124,4.9,0.0
1947,2023-03-23 02:00:00,35.31300574229423,4.8,0.0
1948,2023-03-23 03:00:00,34.892612816790724,4.92,0.0
1949,2023-03-23 04:00:00,35.31300574229423,5.0,0.0
1950,2023-03-23 05:00:00,35.31300574229423,5.3,0.0
1951,2023-03-23 06:00:00,36.574184518804735,5.5,0.0
1952,2023-03-23 07:00:00,37.83536329531525,5.5,0.006
1953,2023-03-23 08:00:00,39.93732792283276,5.3,0.131
1954,2023-03-23 09:00:00,41.19850669934326,5.43,0.365
1955,2023-03-23 10:00:00,41.61889962484676,5.61,0.605
1956,2023-03-23 11:00:00,41.19850669934326,5.1,0.8
1957,2023-03-23 12:00:00,40.35772084833626,4.65,0.905
1958,2023-03-23 13:00:00,38.67614914632225,4.19,0.973
1959,2023-03-23 14:00:00,37.41497036981174,4.58,0.938
1960,2023-03-23 15:00:00,36.574184518804735,5.41,0.843
1961,2023-03-23 16:00:00,37.83536329531525,5.59,0.671
1962,2023-03-23 17:00:00,39.93732792283276,5.6,0.454
1963,2023-03-23 18:00:00,41.61889962484676,6.0,0.215
1964,2023-03-23 19:00:00,42.03929255035027,6.63,0.031
1965,2023-03-23 20:00:00,41.61889962484676,7.11,0.0
1966,2023-03-23 21:00:00,40.77811377383976,7.12,0.0
1967,2023-03-23 22:00:00,37.83536329531525,6.85,0.0
1968,2023-03-23 23:00:00,39.09654207182575,6.3,0.0
1969,2023-03-24 00:00:00,35.24994680346871,5.39,0.0
1970,2023-03-24 01:00:00,35.24994680346871,5.08,0.0
1971,2023-03-24 02:00:00,34.430180598736875,4.51,0.0
1972,2023-03-24 03:00:00,34.02029749637096,4.1,0.0
1973,2023-03-24 04:00:00,34.430180598736875,4.04,0.0
1974,2023-03-24 05:00:00,34.430180598736875,4.34,0.0
1975,2023-03-24 06:00:00,35.65982990583461,4.55,0.0
1976,2023-03-24 07:00:00,36.889479212932365,5.02,0.006
1977,2023-03-24 08:00:00,38.93889472476194,4.7,0.125
1978,2023-03-24 09:00:00,40.16854403185968,4.34,0.354
1979,2023-03-24 10:00:00,40.5784271342256,4.4,0.606
1980,2023-03-24 11:00:00,40.16854403185968,5.33,0.79
1981,2023-03-24 12:00:00,39.348777827127854,5.06,0.939
1982,2023-03-24 13:00:00,37.70924541766419,2.94,0.96
1983,2023-03-24 14:00:00,36.47959611056645,1.02,0.885
1984,2023-03-24 15:00:00,35.65982990583461,1.4,0.72
1985,2023-03-24 16:00:00,36.889479212932365,0.99,0.55
1986,2023-03-24 17:00:00,38.93889472476194,1.86,0.421
1987,2023-03-24 18:00:00,40.5784271342256,4.68,0.204
1988,2023-03-24 19:00:00,40.98831023659151,6.76,0.027
1989,2023-03-24 20:00:00,40.5784271342256,5.93,0.0
1990,2023-03-24 21:00:00,39.75866092949377,5.74,0.0
1991,2023-03-24 22:00:00,36.889479212932365,5.94,0.0
1992,2023-03-24 23:00:00,38.11912852003011,4.81,0.0
1993,2023-03-25 00:00:00,25.37851554683373,4.55,0.0
1994,2023-03-25 01:00:00,25.37851554683373,4.0,0.0
1995,2023-03-25 02:00:00,24.788317510860857,3.45,0.0
1996,2023-03-25 03:00:00,24.49321849287442,3.42,0.0
1997,2023-03-25 04:00:00,24.788317510860857,3.75,0.0
1998,2023-03-25 05:00:00,24.788317510860857,4.16,0.0
1999,2023-03-25 06:00:00,25.673614564820177,4.37,0.0
2000,2023-03-25 07:00:00,26.558911618779486,4.75,0.006
2001,2023-03-25 08:00:00,28.034406708711685,3.96,0.125
2002,2023-03-25 09:00:00,28.91970376267101,3.41,0.346
2003,2023-03-25 10:00:00,29.21480278065744,3.47,0.592
2004,2023-03-25 11:00:00,28.91970376267101,4.25,0.711
2005,2023-03-25 12:00:00,28.32950572669812,4.2,0.724
2006,2023-03-25 13:00:00,27.14910965475236,4.31,0.678
2007,2023-03-25 14:00:00,26.263812600793056,3.92,0.53
2008,2023-03-25 15:00:00,25.673614564820177,3.24,0.433
2009,2023-03-25 16:00:00,26.558911618779486,3.0,0.531
2010,2023-03-25 17:00:00,28.034406708711685,3.08,0.359
2011,2023-03-25 18:00:00,29.21480278065744,3.81,0.148
2012,2023-03-25 19:00:00,29.509901798643877,4.54,0.026
2013,2023-03-25 20:00:00,29.21480278065744,5.2,0.0
2014,2023-03-25 21:00:00,28.62460474468456,5.01,0.0
2015,2023-03-25 22:00:00,26.558911618779486,4.57,0.0
2016,2023-03-25 23:00:00,27.444208672738807,3.82,0.0
2017,2023-03-26 00:00:00,24.58023982845365,3.67,0.0
2018,2023-03-26 01:00:00,24.58023982845365,3.73,0.0
2019,2023-03-26 02:00:00,24.008606344071,3.71,0.0
2020,2023-03-26 03:00:00,23.72278960187968,3.7,0.0
2021,2023-03-26 04:00:00,24.008606344071,3.52,0.0
2022,2023-03-26 05:00:00,24.008606344071,3.45,0.0
2023,2023-03-26 06:00:00,24.866056570644968,3.35,0.0
2024,2023-03-26 07:00:00,25.72350679721893,3.55,0.007
2025,2023-03-26 08:00:00,27.152590508175543,3.72,0.137
2026,2023-03-26 09:00:00,28.010040734749506,2.94,0.382
2027,2023-03-26 10:00:00,28.295857476940824,2.51,0.618
2028,2023-03-26 11:00:00,28.010040734749506,2.16,0.81
2029,2023-03-26 12:00:00,27.43840725036686,1.62,0.935
2030,2023-03-26 13:00:00,26.295140281601576,1.22,0.985
2031,2023-03-26 14:00:00,25.437690055027613,1.53,0.955
2032,2023-03-26 15:00:00,24.866056570644968,1.8,0.849
2033,2023-03-26 16:00:00,25.72350679721893,1.08,0.676
2034,2023-03-26 17:00:00,27.152590508175543,0.67,0.454
2035,2023-03-26 18:00:00,28.295857476940824,1.36,0.213
2036,2023-03-26 19:00:00,28.581674219132147,1.75,0.031
2037,2023-03-26 20:00:00,28.295857476940824,2.4,0.0
2038,2023-03-26 21:00:00,27.724223992558187,2.91,0.0
2039,2023-03-26 22:00:00,25.72350679721893,3.35,0.0
2040,2023-03-26 23:00:00,26.580957023792894,3.16,0.0
2041,2023-03-27 00:00:00,34.05687168088976,1.84,0.0
2042,2023-03-27 01:00:00,34.05687168088976,1.21,0.0
2043,2023-03-27 02:00:00,33.26485140924116,0.2,0.0
2044,2023-03-27 03:00:00,32.86884127341686,0.98,0.0
2045,2023-03-27 04:00:00,33.26485140924116,1.17,0.0
2046,2023-03-27 05:00:00,33.26485140924116,1.57,0.0
2047,2023-03-27 06:00:00,34.45288181671406,2.11,0.0
2048,2023-03-27 07:00:00,35.64091222418696,2.44,0.008
2049,2023-03-27 08:00:00,37.62096290330846,2.5,0.141
2050,2023-03-27 09:00:00,38.80899331078136,1.51,0.372
2051,2023-03-27 10:00:00,39.20500344660565,1.35,0.6
2052,2023-03-27 11:00:00,38.80899331078136,1.9,0.789
2053,2023-03-27 12:00:00,38.01697303913276,2.41,0.916
2054,2023-03-27 13:00:00,36.43293249583556,2.26,0.964
2055,2023-03-27 14:00:00,35.244902088362664,1.93,0.937
2056,2023-03-27 15:00:00,34.45288181671406,2.05,0.838
2057,2023-03-27 16:00:00,35.64091222418696,2.51,0.668
2058,2023-03-27 17:00:00,37.62096290330846,2.92,0.449
2059,2023-03-27 18:00:00,39.20500344660565,2.62,0.211
2060,2023-03-27 19:00:00,39.60101358242996,3.1,0.03
2061,2023-03-27 20:00:00,39.20500344660565,4.37,0.0
2062,2023-03-27 21:00:00,38.412983174957056,5.61,0.0
2063,2023-03-27 22:00:00,35.64091222418696,5.85,0.0
2064,2023-03-27 23:00:00,36.82894263165986,4.36,0.0
2065,2023-03-28 00:00:00,35.46686955302852,4.5,0.0
2066,2023-03-28 01:00:00,35.46686955302852,5.0,0.0
2067,2023-03-28 02:00:00,34.64205863319064,5.04,0.0
2068,2023-03-28 03:00:00,34.22965317327171,5.14,0.0
2069,2023-03-28 04:00:00,34.64205863319064,5.32,0.0
2070,2023-03-28 05:00:00,34.64205863319064,5.66,0.0
2071,2023-03-28 06:00:00,35.879275012947446,5.63,0.0
2072,2023-03-28 07:00:00,37.11649139270426,5.93,0.008
2073,2023-03-28 08:00:00,39.178518692298944,6.03,0.146
2074,2023-03-28 09:00:00,40.41573507205575,5.2,0.382
2075,2023-03-28 10:00:00,40.82814053197468,4.62,0.613
2076,2023-03-28 11:00:00,40.41573507205575,3.86,0.802
2077,2023-03-28 12:00:00,39.59092415221788,3.99,0.928
2078,2023-03-28 13:00:00,37.94130231254213,4.18,0.979
2079,2023-03-28 14:00:00,36.70408593278532,4.27,0.95
2080,2023-03-28 15:00:00,35.879275012947446,5.29,0.844
2081,2023-03-28 16:00:00,37.11649139270426,5.1,0.671
2082,2023-03-28 17:00:00,39.178518692298944,4.88,0.452
2083,2023-03-28 18:00:00,40.82814053197468,4.65,0.214
2084,2023-03-28 19:00:00,41.24054599189362,4.7,0.031
2085,2023-03-28 20:00:00,40.82814053197468,5.49,0.0
2086,2023-03-28 21:00:00,40.00332961213681,6.26,0.0
2087,2023-03-28 22:00:00,37.11649139270426,6.81,0.0
2088,2023-03-28 23:00:00,38.35370777246107,8.24,0.0
2089,2023-03-29 00:00:00,34.56302476319598,9.24,0.0
2090,2023-03-29 01:00:00,34.56302476319598,9.74,0.0
2091,2023-03-29 02:00:00,33.75923348963329,10.15,0.0
2092,2023-03-29 03:00:00,33.35733785285194,10.44,0.0
2093,2023-03-29 04:00:00,33.75923348963329,10.64,0.0
2094,2023-03-29 05:00:00,33.75923348963329,10.44,0.0
2095,2023-03-29 06:00:00,34.96492039997734,10.25,0.0
2096,2023-03-29 07:00:00,36.17060731032138,9.95,0.009
2097,2023-03-29 08:00:00,38.18008549422812,9.56,0.153
2098,2023-03-29 09:00:00,39.385772404572165,8.08,0.396
2099,2023-03-29 10:00:00,39.78766804135352,7.5,0.633
2100,2023-03-29 11:00:00,39.385772404572165,5.41,0.827
2101,2023-03-29 12:00:00,38.58198113100947,5.41,0.953
2102,2023-03-29 13:00:00,36.97439858388408,5.63,1.004
2103,2023-03-29 14:00:00,35.76871167354003,5.88,0.973
2104,2023-03-29 15:00:00,34.96492039997734,6.53,0.865
2105,2023-03-29 16:00:00,36.17060731032138,7.08,0.69
2106,2023-03-29 17:00:00,38.18008549422812,7.38,0.466
2107,2023-03-29 18:00:00,39.78766804135352,8.01,0.222
2108,2023-03-29 19:00:00,40.18956367813487,9.11,0.032
2109,2023-03-29 20:00:00,39.78766804135352,9.5,0.0
2110,2023-03-29 21:00:00,38.98387676779082,9.5,0.0
2111,2023-03-29 22:00:00,36.17060731032138,9.4,0.0
2112,2023-03-29 23:00:00,37.37629422066542,10.1,0.0
2113,2023-03-30 00:00:00,36.15379159330124,10.3,0.0
2114,2023-03-30 01:00:00,36.15379159330124,10.0,0.0
2115,2023-03-30 02:00:00,35.31300574229423,9.1,0.0
2116,2023-03-30 03:00:00,34.892612816790724,8.4,0.0
2117,2023-03-30 04:00:00,35.31300574229423,8.01,0.0
2118,2023-03-30 05:00:00,35.31300574229423,7.51,0.0
2119,2023-03-30 06:00:00,36.574184518804735,7.51,0.0
2120,2023-03-30 07:00:00,37.83536329531525,7.41,0.01
2121,2023-03-30 08:00:00,39.93732792283276,6.8,0.155
2122,2023-03-30 09:00:00,41.19850669934326,6.23,0.397
2123,2023-03-30 10:00:00,41.61889962484676,5.9,0.633
2124,2023-03-30 11:00:00,41.19850669934326,4.37,0.825
2125,2023-03-30 12:00:00,40.35772084833626,3.98,0.95
2126,2023-03-30 13:00:00,38.67614914632225,3.4,1.002
2127,2023-03-30 14:00:00,37.41497036981174,3.49,0.973
2128,2023-03-30 15:00:00,36.574184518804735,3.86,0.866
2129,2023-03-30 16:00:00,37.83536329531525,4.18,0.69
2130,2023-03-30 17:00:00,39.93732792283276,4.44,0.464
2131,2023-03-30 18:00:00,41.61889962484676,4.95,0.219
2132,2023-03-30 19:00:00,42.03929255035027,6.04,0.032
2133,2023-03-30 20:00:00,41.61889962484676,6.76,0.0
2134,2023-03-30 21:00:00,40.77811377383976,7.07,0.0
2135,2023-03-30 22:00:00,37.83536329531525,6.86,0.0
2136,2023-03-30 23:00:00,39.09654207182575,6.72,0.0
2137,2023-03-31 00:00:00,35.24994680346871,5.83,0.0
2138,2023-03-31 01:00:00,35.24994680346871,4.81,0.0
2139,2023-03-31 02:00:00,34.430180598736875,4.3,0.0
2140,2023-03-31 03:00:00,34.02029749637096,3.9,0.0
2141,2023-03-31 04:00:00,34.430180598736875,3.42,0.0
2142,2023-03-31 05:00:00,34.430180598736875,3.49,0.0
2143,2023-03-31 06:00:00,35.65982990583461,3.95,0.0
2144,2023-03-31 07:00:00,36.889479212932365,4.41,0.01
2145,2023-03-31 08:00:00,38.93889472476194,4.1,0.153
2146,2023-03-31 09:00:00,40.16854403185968,3.16,0.39
2147,2023-03-31 10:00:00,40.5784271342256,2.2,0.627
2148,2023-03-31 11:00:00,40.16854403185968,2.72,0.817
2149,2023-03-31 12:00:00,39.348777827127854,2.55,0.936
2150,2023-03-31 13:00:00,37.70924541766419,2.55,0.958
2151,2023-03-31 14:00:00,36.47959611056645,3.05,0.923
2152,2023-03-31 15:00:00,35.65982990583461,3.42,0.856
2153,2023-03-31 16:00:00,36.889479212932365,4.19,0.683
2154,2023-03-31 17:00:00,38.93889472476194,4.55,0.456
2155,2023-03-31 18:00:00,40.5784271342256,4.14,0.217
2156,2023-03-31 19:00:00,40.98831023659151,4.62,0.032
2157,2023-03-31 20:00:00,40.5784271342256,4.33,0.0
2158,2023-03-31 21:00:00,39.75866092949377,3.83,0.0
2159,2023-03-31 22:00:00,36.889479212932365,4.75,0.0
2160,2023-03-31 23:00:00,38.11912852003011,8.3,0.0
2161,2023-04-01 00:00:00,24.129660651734717,8.6,0.0
2162,2023-04-01 01:00:00,24.129660651734717,8.3,0.0
2163,2023-04-01 02:00:00,23.56850575285716,8.0,0.0
2164,2023-04-01 03:00:00,23.287928303418383,7.82,0.0
2165,2023-04-01 04:00:00,23.56850575285716,8.31,0.0
2166,2023-04-01 05:00:00,23.56850575285716,8.61,0.0
2167,2023-04-01 06:00:00,24.410238101173487,8.22,0.0
2168,2023-04-01 07:00:00,25.25197044948981,7.4,0.011
2169,2023-04-01 08:00:00,26.654857696683692,6.4,0.156
2170,2023-04-01 09:00:00,27.496590045000023,5.1,0.393
2171,2023-04-01 10:00:00,27.7771674944388,8.83,0.624
2172,2023-04-01 11:00:00,27.496590045000023,7.52,0.813
2173,2023-04-01 12:00:00,26.935435146122472,7.26,0.946
2174,2023-04-01 13:00:00,25.813125348367365,6.86,0.999
2175,2023-04-01 14:00:00,24.97139300005104,6.94,0.971
2176,2023-04-01 15:00:00,24.410238101173487,7.34,0.863
2177,2023-04-01 16:00:00,25.25197044948981,8.26,0.691
2178,2023-04-01 17:00:00,26.654857696683692,8.2,0.467
2179,2023-04-01 18:00:00,27.7771674944388,8.28,0.224
2180,2023-04-01 19:00:00,28.057744943877573,9.4,0.033
2181,2023-04-01 20:00:00,27.7771674944388,9.51,0.0
2182,2023-04-01 21:00:00,27.21601259556125,9.45,0.0
2183,2023-04-01 22:00:00,25.25197044948981,9.77,0.0
2184,2023-04-01 23:00:00,26.09370279780614,10.15,0.0
2185,2023-04-02 00:00:00,23.37066739401305,10.34,0.0
2186,2023-04-02 01:00:00,23.37066739401305,10.32,0.0
2187,2023-04-02 02:00:00,22.827163501129025,10.57,0.0
2188,2023-04-02 03:00:00,22.55541155468701,10.63,0.0
2189,2023-04-02 04:00:00,22.827163501129025,10.67,0.0
2190,2023-04-02 05:00:00,22.827163501129025,11.14,0.0
2191,2023-04-02 06:00:00,23.642419340455064,12.25,0.0
2192,2023-04-02 07:00:00,24.45767517978109,12.46,0.012
2193,2023-04-02 08:00:00,25.81643491199116,12.18,0.168
2194,2023-04-02 09:00:00,26.6316907513172,10.56,0.416
2195,2023-04-02 10:00:00,26.903442697759203,9.2,0.655
2196,2023-04-02 11:00:00,26.6316907513172,7.2,0.848
2197,2023-04-02 12:00:00,26.08818685843317,7.03,0.978
2198,2023-04-02 13:00:00,25.00117907266512,7.21,1.029
2199,2023-04-02 14:00:00,24.18592323333909,7.05,0.997
2200,2023-04-02 15:00:00,23.642419340455064,6.84,0.885
2201,2023-04-02 16:00:00,24.45767517978109,7.47,0.703
2202,2023-04-02 17:00:00,25.81643491199116,7.45,0.471
2203,2023-04-02 18:00:00,26.903442697759203,5.8,0.224
2204,2023-04-02 19:00:00,27.175194644201216,5.8,0.033
2205,2023-04-02 20:00:00,26.903442697759203,6.05,0.0
2206,2023-04-02 21:00:00,26.35993880487518,6.26,0.0
2207,2023-04-02 22:00:00,24.45767517978109,6.58,0.0
2208,2023-04-02 23:00:00,25.27293101910713,8.0,0.0
2209,2023-04-03 00:00:00,32.38096235388641,7.91,0.0
2210,2023-04-03 01:00:00,32.38096235388641,6.95,0.0
2211,2023-04-03 02:00:00,31.62791671774951,5.69,0.0
2212,2023-04-03 03:00:00,31.25139389968107,5.0,0.0
2213,2023-04-03 04:00:00,31.62791671774951,4.24,0.0
2214,2023-04-03 05:00:00,31.62791671774951,3.86,0.0
2215,2023-04-03 06:00:00,32.757485171954855,3.99,0.0
2216,2023-04-03 07:00:00,33.8870536261602,3.71,0.012
2217,2023-04-03 08:00:00,35.76966771650243,3.09,0.166
2218,2023-04-03 09:00:00,36.89923617070776,1.96,0.409
2219,2023-04-03 10:00:00,37.27575898877621,1.87,0.643
2220,2023-04-03 11:00:00,36.89923617070776,5.05,0.83
2221,2023-04-03 12:00:00,36.14619053457087,8.01,0.95
2222,2023-04-03 13:00:00,34.640099262297085,8.1,0.992
2223,2023-04-03 14:00:00,33.510530808091744,6.96,0.962
2224,2023-04-03 15:00:00,32.757485171954855,4.84,0.854
2225,2023-04-03 16:00:00,33.8870536261602,2.45,0.68
2226,2023-04-03 17:00:00,35.76966771650243,1.63,0.458
2227,2023-04-03 18:00:00,37.27575898877621,1.48,0.215
2228,2023-04-03 19:00:00,37.65228180684466,3.81,0.031
2229,2023-04-03 20:00:00,37.27575898877621,5.43,0.0
2230,2023-04-03 21:00:00,36.52271335263932,4.88,0.0
2231,2023-04-03 22:00:00,33.8870536261602,4.81,0.0
2232,2023-04-03 23:00:00,35.016622080365536,8.16,0.0
2233,2023-04-04 00:00:00,33.72157544497087,7.57,0.0
2234,2023-04-04 01:00:00,33.72157544497087,6.66,0.0
2235,2023-04-04 02:00:00,32.93735276020411,6.25,0.0
2236,2023-04-04 03:00:00,32.54524141782072,6.68,0.0
2237,2023-04-04 04:00:00,32.93735276020411,6.48,0.0
2238,2023-04-04 05:00:00,32.93735276020411,6.11,0.0
2239,2023-04-04 06:00:00,34.113686787354254,6.17,0.0
2240,2023-04-04 07:00:00,35.290020814504395,6.79,0.012
2241,2023-04-04 08:00:00,37.2505775264213,7.0,0.153
2242,2023-04-04 09:00:00,38.42691155357146,6.83,0.296
2243,2023-04-04 10:00:00,38.81902289595484,7.12,0.576
2244,2023-04-04 11:00:00,38.42691155357146,7.69,0.822
2245,2023-04-04 12:00:00,37.64268886880468,7.57,0.936
2246,2023-04-04 13:00:00,36.07424349927116,8.1,0.985
2247,2023-04-04 14:00:00,34.897909472121015,9.0,0.955
2248,2023-04-04 15:00:00,34.113686787354254,9.32,0.85
2249,2023-04-04 16:00:00,35.290020814504395,9.42,0.676
2250,2023-04-04 17:00:00,37.2505775264213,9.01,0.455
2251,2023-04-04 18:00:00,38.81902289595484,8.55,0.215
2252,2023-04-04 19:00:00,39.21113423833823,8.85,0.032
2253,2023-04-04 20:00:00,38.81902289595484,8.76,0.0
2254,2023-04-04 21:00:00,38.03480021118807,8.83,0.0
2255,2023-04-04 22:00:00,35.290020814504395,8.73,0.0
2256,2023-04-04 23:00:00,36.46635484165454,8.26,0.0
2257,2023-04-05 00:00:00,32.86220807889108,7.76,0.0
2258,2023-04-05 01:00:00,32.86220807889108,8.08,0.0
2259,2023-04-05 02:00:00,32.097970681707565,6.36,0.0
2260,2023-04-05 03:00:00,31.71585198311581,6.2,0.0
2261,2023-04-05 04:00:00,32.097970681707565,7.78,0.0
2262,2023-04-05 05:00:00,32.097970681707565,7.42,0.0
2263,2023-04-05 06:00:00,33.24432677748284,7.69,0.0
2264,2023-04-05 07:00:00,34.39068287325811,7.91,0.012
2265,2023-04-05 08:00:00,36.30127636621689,8.34,0.158
2266,2023-04-05 09:00:00,37.44763246199216,9.68,0.363
2267,2023-04-05 10:00:00,37.829751160583925,10.15,0.548
2268,2023-04-05 11:00:00,37.44763246199216,10.28,0.622
2269,2023-04-05 12:00:00,36.68339506480865,10.02,0.915
2270,2023-04-05 13:00:00,35.154920270441615,9.98,0.959
2271,2023-04-05 14:00:00,34.008564174666354,10.11,0.936
2272,2023-04-05 15:00:00,33.24432677748284,9.48,0.792
2273,2023-04-05 16:00:00,34.39068287325811,9.86,0.596
2274,2023-04-05 17:00:00,36.30127636621689,9.97,0.401
2275,2023-04-05 18:00:00,37.829751160583925,10.27,0.178
2276,2023-04-05 19:00:00,38.21186985917567,10.6,0.026
2277,2023-04-05 20:00:00,37.829751160583925,10.47,0.0
2278,2023-04-05 21:00:00,37.0655137634004,10.25,0.0
2279,2023-04-05 22:00:00,34.39068287325811,10.24,0.0
2280,2023-04-05 23:00:00,35.53703896903338,9.95,0.0
2281,2023-04-06 00:00:00,34.37469464319151,10.48,0.0
2282,2023-04-06 01:00:00,34.37469464319151,10.62,0.0
2283,2023-04-06 02:00:00,33.57528313986148,10.68,0.0
2284,2023-04-06 03:00:00,33.175577388196466,10.64,0.0
2285,2023-04-06 04:00:00,33.57528313986148,10.49,0.0
2286,2023-04-06 05:00:00,33.57528313986148,10.03,0.0
2287,2023-04-06 06:00:00,34.77440039485653,9.94,0.0
2288,2023-04-06 07:00:00,35.97351764985159,10.4,0.013
2289,2023-04-06 08:00:00,37.972046408176666,10.27,0.153
2290,2023-04-06 09:00:00,39.171163663171725,10.1,0.395
2291,2023-04-06 10:00:00,39.57086941483674,9.95,0.624
2292,2023-04-06 11:00:00,39.171163663171725,9.87,0.81
2293,2023-04-06 12:00:00,38.37175215984169,9.59,0.931
2294,2023-04-06 13:00:00,36.77292915318162,9.33,0.976
2295,2023-04-06 14:00:00,35.57381189818657,8.79,0.947
2296,2023-04-06 15:00:00,34.77440039485653,8.44,0.839
2297,2023-04-06 16:00:00,35.97351764985159,8.67,0.665
2298,2023-04-06 17:00:00,37.972046408176666,8.73,0.449
2299,2023-04-06 18:00:00,39.57086941483674,8.77,0.214
2300,2023-04-06 19:00:00,39.97057516650176,8.75,0.032
2301,2023-04-06 20:00:00,39.57086941483674,8.96,0.0
2302,2023-04-06 21:00:00,38.77145791150671,9.2,0.0
2303,2023-04-06 22:00:00,35.97351764985159,9.15,0.0
2304,2023-04-06 23:00:00,37.17263490484663,9.61,0.0
2305,2023-04-07 00:00:00,33.51532727711172,9.52,0.0
2306,2023-04-07 01:00:00,33.51532727711172,9.27,0.0
2307,2023-04-07 02:00:00,32.73590106136494,8.68,0.0
2308,2023-04-07 03:00:00,32.346187953491544,7.86,0.0
2309,2023-04-07 04:00:00,32.73590106136494,7.91,0.0
2310,2023-04-07 05:00:00,32.73590106136494,8.02,0.0
2311,2023-04-07 06:00:00,33.90504038498512,8.2,0.0
2312,2023-04-07 07:00:00,35.07417970860529,8.27,0.015
2313,2023-04-07 08:00:00,37.02274524797225,8.17,0.161
2314,2023-04-07 09:00:00,38.19188457159243,8.71,0.398
2315,2023-04-07 10:00:00,38.581597679465816,8.81,0.625
2316,2023-04-07 11:00:00,38.19188457159243,8.73,0.8
2317,2023-04-07 12:00:00,37.41245835584565,8.6,0.931
2318,2023-04-07 13:00:00,35.85360592435208,8.29,0.976
2319,2023-04-07 14:00:00,34.6844666007319,8.13,0.946
2320,2023-04-07 15:00:00,33.90504038498512,8.48,0.843
2321,2023-04-07 16:00:00,35.07417970860529,8.63,0.668
2322,2023-04-07 17:00:00,37.02274524797225,8.45,0.45
2323,2023-04-07 18:00:00,38.581597679465816,7.67,0.207
2324,2023-04-07 19:00:00,38.97131078733921,7.9,0.031
2325,2023-04-07 20:00:00,38.581597679465816,8.22,0.0
2326,2023-04-07 21:00:00,37.80217146371904,9.07,0.0
2327,2023-04-07 22:00:00,35.07417970860529,9.15,0.0
2328,2023-04-07 23:00:00,36.24331903222548,8.26,0.0
2329,2023-04-08 00:00:00,24.129660651734717,7.27,0.0
2330,2023-04-08 01:00:00,24.129660651734717,7.02,0.0
2331,2023-04-08 02:00:00,23.56850575285716,7.71,0.0
2332,2023-04-08 03:00:00,23.287928303418383,8.45,0.0
2333,2023-04-08 04:00:00,23.56850575285716,9.04,0.0
2334,2023-04-08 05:00:00,23.56850575285716,9.81,0.0
2335,2023-04-08 06:00:00,24.410238101173487,10.67,0.0
2336,2023-04-08 07:00:00,25.25197044948981,10.48,0.015
2337,2023-04-08 08:00:00,26.654857696683692,10.19,0.166
2338,2023-04-08 09:00:00,27.496590045000023,10.69,0.388
2339,2023-04-08 10:00:00,27.7771674944388,10.44,0.569
2340,2023-04-08 11:00:00,27.496590045000023,9.71,0.744
2341,2023-04-08 12:00:00,26.935435146122472,9.49,0.921
2342,2023-04-08 13:00:00,25.813125348367365,9.74,0.971
2343,2023-04-08 14:00:00,24.97139300005104,10.03,0.937
2344,2023-04-08 15:00:00,24.410238101173487,10.29,0.816
2345,2023-04-08 16:00:00,25.25197044948981,10.87,0.653
2346,2023-04-08 17:00:00,26.654857696683692,10.79,0.432
2347,2023-04-08 18:00:00,27.7771674944388,10.5,0.206
2348,2023-04-08 19:00:00,28.057744943877573,10.84,0.032
2349,2023-04-08 20:00:00,27.7771674944388,10.69,0.0
2350,2023-04-08 21:00:00,27.21601259556125,10.32,0.0
2351,2023-04-08 22:00:00,25.25197044948981,10.35,0.0
2352,2023-04-08 23:00:00,26.09370279780614,10.05,0.0
2353,2023-04-09 00:00:00,23.37066739401305,9.53,0.0
2354,2023-04-09 01:00:00,23.37066739401305,9.3,0.0
2355,2023-04-09 02:00:00,22.827163501129025,8.98,0.0
2356,2023-04-09 03:00:00,22.55541155468701,8.89,0.0
2357,2023-04-09 04:00:00,22.827163501129025,8.79,0.0
2358,2023-04-09 05:00:00,22.827163501129025,9.17,0.0
2359,2023-04-09 06:00:00,23.642419340455064,9.68,0.0
2360,2023-04-09 07:00:00,24.45767517978109,9.9,0.016
2361,2023-04-09 08:00:00,25.81643491199116,10.1,0.173
2362,2023-04-09 09:00:00,26.6316907513172,10.44,0.41
2363,2023-04-09 10:00:00,26.903442697759203,10.76,0.642
2364,2023-04-09 11:00:00,26.6316907513172,9.77,0.822
2365,2023-04-09 12:00:00,26.08818685843317,9.53,0.944
2366,2023-04-09 13:00:00,25.00117907266512,9.62,0.991
2367,2023-04-09 14:00:00,24.18592323333909,10.06,0.963
2368,2023-04-09 15:00:00,23.642419340455064,10.54,0.855
2369,2023-04-09 16:00:00,24.45767517978109,10.99,0.682
2370,2023-04-09 17:00:00,25.81643491199116,11.04,0.459
2371,2023-04-09 18:00:00,26.903442697759203,10.99,0.222
2372,2023-04-09 19:00:00,27.175194644201216,11.21,0.034
2373,2023-04-09 20:00:00,26.903442697759203,11.33,0.0
2374,2023-04-09 21:00:00,26.35993880487518,11.14,0.0
2375,2023-04-09 22:00:00,24.45767517978109,10.78,0.0
2376,2023-04-09 23:00:00,25.27293101910713,9.81,0.0
2377,2023-04-10 00:00:00,32.38096235388641,9.55,0.0
2378,2023-04-10 01:00:00,32.38096235388641,9.07,0.0
2379,2023-04-10 02:00:00,31.62791671774951,8.88,0.0
2380,2023-04-10 03:00:00,31.25139389968107,9.06,0.0
2381,2023-04-10 04:00:00,31.62791671774951,9.09,0.0
2382,2023-04-10 05:00:00,31.62791671774951,8.87,0.0
2383,2023-04-10 06:00:00,32.757485171954855,9.21,0.0
2384,2023-04-10 07:00:00,33.8870536261602,9.03,0.017
2385,2023-04-10 08:00:00,35.76966771650243,9.39,0.173
2386,2023-04-10 09:00:00,36.89923617070776,9.04,0.388
2387,2023-04-10 10:00:00,37.27575898877621,8.81,0.627
2388,2023-04-10 11:00:00,36.89923617070776,8.64,0.772
2389,2023-04-10 12:00:00,36.14619053457087,8.64,0.953
2390,2023-04-10 13:00:00,34.640099262297085,8.43,1.002
2391,2023-04-10 14:00:00,33.510530808091744,8.51,0.97
2392,2023-04-10 15:00:00,32.757485171954855,8.42,0.861
2393,2023-04-10 16:00:00,33.8870536261602,8.54,0.684
2394,2023-04-10 17:00:00,35.76966771650243,8.54,0.462
2395,2023-04-10 18:00:00,37.27575898877621,8.32,0.216
2396,2023-04-10 19:00:00,37.65228180684466,8.19,0.034
2397,2023-04-10 20:00:00,37.27575898877621,8.12,0.0
2398,2023-04-10 21:00:00,36.52271335263932,8.23,0.0
2399,2023-04-10 22:00:00,33.8870536261602,8.27,0.0
2400,2023-04-10 23:00:00,35.016622080365536,7.58,0.0
2401,2023-04-11 00:00:00,33.72157544497087,6.75,0.0
2402,2023-04-11 01:00:00,33.72157544497087,6.52,0.0
2403,2023-04-11 02:00:00,32.93735276020411,6.69,0.0
2404,2023-04-11 03:00:00,32.54524141782072,6.71,0.0
2405,2023-04-11 04:00:00,32.93735276020411,6.81,0.0
2406,2023-04-11 05:00:00,32.93735276020411,6.64,0.0
2407,2023-04-11 06:00:00,34.113686787354254,6.91,0.0
2408,2023-04-11 07:00:00,35.290020814504395,7.33,0.018
2409,2023-04-11 08:00:00,37.2505775264213,7.28,0.176
2410,2023-04-11 09:00:00,38.42691155357146,6.87,0.413
2411,2023-04-11 10:00:00,38.81902289595484,6.77,0.634
2412,2023-04-11 11:00:00,38.42691155357146,7.37,0.819
2413,2023-04-11 12:00:00,37.64268886880468,6.93,0.931
2414,2023-04-11 13:00:00,36.07424349927116,6.07,0.972
2415,2023-04-11 14:00:00,34.897909472121015,6.03,0.924
2416,2023-04-11 15:00:00,34.113686787354254,6.19,0.837
2417,2023-04-11 16:00:00,35.290020814504395,6.26,0.667
2418,2023-04-11 17:00:00,37.2505775264213,6.55,0.447
2419,2023-04-11 18:00:00,38.81902289595484,6.36,0.215
2420,2023-04-11 19:00:00,39.21113423833823,6.05,0.033
2421,2023-04-11 20:00:00,38.81902289595484,5.9,0.0
2422,2023-04-11 21:00:00,38.03480021118807,5.72,0.0
2423,2023-04-11 22:00:00,35.290020814504395,5.43,0.0
2424,2023-04-11 23:00:00,36.46635484165454,5.0,0.0
2425,2023-04-12 00:00:00,32.86220807889108,5.33,0.0
2426,2023-04-12 01:00:00,32.86220807889108,5.35,0.0
2427,2023-04-12 02:00:00,32.097970681707565,5.22,0.0
2428,2023-04-12 03:00:00,31.71585198311581,5.0,0.0
2429,2023-04-12 04:00:00,32.097970681707565,4.6,0.0
2430,2023-04-12 05:00:00,32.097970681707565,4.1,0.0
2431,2023-04-12 06:00:00,33.24432677748284,3.9,0.0
2432,2023-04-12 07:00:00,34.39068287325811,3.5,0.018
2433,2023-04-12 08:00:00,36.30127636621689,3.21,0.172
2434,2023-04-12 09:00:00,37.44763246199216,2.91,0.4
2435,2023-04-12 10:00:00,37.829751160583925,2.98,0.634
2436,2023-04-12 11:00:00,37.44763246199216,2.34,0.817
2437,2023-04-12 12:00:00,36.68339506480865,1.53,0.933
2438,2023-04-12 13:00:00,35.154920270441615,1.21,0.978
2439,2023-04-12 14:00:00,34.008564174666354,2.06,0.945
2440,2023-04-12 15:00:00,33.24432677748284,3.09,0.837
2441,2023-04-12 16:00:00,34.39068287325811,3.98,0.665
2442,2023-04-12 17:00:00,36.30127636621689,5.41,0.447
2443,2023-04-12 18:00:00,37.829751160583925,6.83,0.211
2444,2023-04-12 19:00:00,38.21186985917567,6.66,0.032
2445,2023-04-12 20:00:00,37.829751160583925,6.1,0.0
2446,2023-04-12 21:00:00,37.0655137634004,5.64,0.0
2447,2023-04-12 22:00:00,34.39068287325811,5.53,0.0
2448,2023-04-12 23:00:00,35.53703896903338,4.87,0.0
2449,2023-04-13 00:00:00,34.37469464319151,4.12,0.0
2450,2023-04-13 01:00:00,34.37469464319151,4.16,0.0
2451,2023-04-13 02:00:00,33.57528313986148,4.28,0.0
2452,2023-04-13 03:00:00,33.175577388196466,4.64,0.0
2453,2023-04-13 04:00:00,33.57528313986148,4.84,0.0
2454,2023-04-13 05:00:00,33.57528313986148,4.81,0.0
2455,2023-04-13 06:00:00,34.77440039485653,5.5,0.0
2456,2023-04-13 07:00:00,35.97351764985159,6.01,0.018
2457,2023-04-13 08:00:00,37.972046408176666,5.16,0.173
2458,2023-04-13 09:00:00,39.171163663171725,5.85,0.404
2459,2023-04-13 10:00:00,39.57086941483674,6.31,0.629
2460,2023-04-13 11:00:00,39.171163663171725,5.68,0.807
2461,2023-04-13 12:00:00,38.37175215984169,5.06,0.923
2462,2023-04-13 13:00:00,36.77292915318162,4.64,0.968
2463,2023-04-13 14:00:00,35.57381189818657,4.96,0.93
2464,2023-04-13 15:00:00,34.77440039485653,5.44,0.817
2465,2023-04-13 16:00:00,35.97351764985159,5.3,0.655
2466,2023-04-13 17:00:00,37.972046408176666,5.77,0.441
2467,2023-04-13 18:00:00,39.57086941483674,6.04,0.211
2468,2023-04-13 19:00:00,39.97057516650176,6.35,0.032
2469,2023-04-13 20:00:00,39.57086941483674,6.48,0.0
2470,2023-04-13 21:00:00,38.77145791150671,6.02,0.0
2471,2023-04-13 22:00:00,35.97351764985159,5.87,0.0
2472,2023-04-13 23:00:00,37.17263490484663,5.42,0.0
2473,2023-04-14 00:00:00,33.51532727711172,5.28,0.0
2474,2023-04-14 01:00:00,33.51532727711172,5.17,0.0
2475,2023-04-14 02:00:00,32.73590106136494,4.87,0.0
2476,2023-04-14 03:00:00,32.346187953491544,4.71,0.0
2477,2023-04-14 04:00:00,32.73590106136494,4.6,0.0
2478,2023-04-14 05:00:00,32.73590106136494,4.41,0.0
2479,2023-04-14 06:00:00,33.90504038498512,5.04,0.0
2480,2023-04-14 07:00:00,35.07417970860529,5.21,0.014
2481,2023-04-14 08:00:00,37.02274524797225,5.6,0.132
2482,2023-04-14 09:00:00,38.19188457159243,5.64,0.268
2483,2023-04-14 10:00:00,38.581597679465816,5.97,0.48
2484,2023-04-14 11:00:00,38.19188457159243,3.4,0.708
2485,2023-04-14 12:00:00,37.41245835584565,4.19,0.921
2486,2023-04-14 13:00:00,35.85360592435208,7.41,0.921
2487,2023-04-14 14:00:00,34.6844666007319,8.19,0.894
2488,2023-04-14 15:00:00,33.90504038498512,7.47,0.813
2489,2023-04-14 16:00:00,35.07417970860529,6.14,0.633
2490,2023-04-14 17:00:00,37.02274524797225,5.54,0.442
2491,2023-04-14 18:00:00,38.581597679465816,6.5,0.211
2492,2023-04-14 19:00:00,38.97131078733921,7.74,0.033
2493,2023-04-14 20:00:00,38.581597679465816,8.2,0.0
2494,2023-04-14 21:00:00,37.80217146371904,8.91,0.0
2495,2023-04-14 22:00:00,35.07417970860529,9.5,0.0
2496,2023-04-14 23:00:00,36.24331903222548,8.61,0.0
2497,2023-04-15 00:00:00,24.129660651734717,9.1,0.0
2498,2023-04-15 01:00:00,24.129660651734717,9.5,0.0
2499,2023-04-15 02:00:00,23.56850575285716,9.4,0.0
2500,2023-04-15 03:00:00,23.287928303418383,8.7,0.0
2501,2023-04-15 04:00:00,23.56850575285716,8.6,0.0
2502,2023-04-15 05:00:00,23.56850575285716,8.91,0.0
2503,2023-04-15 06:00:00,24.410238101173487,9.51,0.0
2504,2023-04-15 07:00:00,25.25197044948981,10.01,0.02
2505,2023-04-15 08:00:00,26.654857696683692,9.63,0.185
2506,2023-04-15 09:00:00,27.496590045000023,9.39,0.418
2507,2023-04-15 10:00:00,27.7771674944388,9.56,0.637
2508,2023-04-15 11:00:00,27.496590045000023,9.48,0.817
2509,2023-04-15 12:00:00,26.935435146122472,9.17,0.93
2510,2023-04-15 13:00:00,25.813125348367365,8.7,0.962
2511,2023-04-15 14:00:00,24.97139300005104,8.16,0.935
2512,2023-04-15 15:00:00,24.410238101173487,8.57,0.835
2513,2023-04-15 16:00:00,25.25197044948981,9.2,0.666
2514,2023-04-15 17:00:00,26.654857696683692,9.39,0.449
2515,2023-04-15 18:00:00,27.7771674944388,9.12,0.216
2516,2023-04-15 19:00:00,28.057744943877573,10.24,0.034
2517,2023-04-15 20:00:00,27.7771674944388,10.06,0.0
2518,2023-04-15 21:00:00,27.21601259556125,9.71,0.0
2519,2023-04-15 22:00:00,25.25197044948981,9.49,0.0
2520,2023-04-15 23:00:00,26.09370279780614,9.83,0.0
2521,2023-04-16 00:00:00,23.37066739401305,10.31,0.0
2522,2023-04-16 01:00:00,23.37066739401305,10.85,0.0
2523,2023-04-16 02:00:00,22.827163501129025,10.59,0.0
2524,2023-04-16 03:00:00,22.55541155468701,9.83,0.0
2525,2023-04-16 04:00:00,22.827163501129025,8.94,0.0
2526,2023-04-16 05:00:00,22.827163501129025,8.03,0.0
2527,2023-04-16 06:00:00,23.642419340455064,7.93,0.0
2528,2023-04-16 07:00:00,24.45767517978109,8.36,0.021
2529,2023-04-16 08:00:00,25.81643491199116,8.09,0.184
2530,2023-04-16 09:00:00,26.6316907513172,7.67,0.419
2531,2023-04-16 10:00:00,26.903442697759203,8.04,0.638
2532,2023-04-16 11:00:00,26.6316907513172,8.07,0.818
2533,2023-04-16 12:00:00,26.08818685843317,8.48,0.931
2534,2023-04-16 13:00:00,25.00117907266512,8.38,0.973
2535,2023-04-16 14:00:00,24.18592323333909,8.73,0.939
2536,2023-04-16 15:00:00,23.642419340455064,8.93,0.833
2537,2023-04-16 16:00:00,24.45767517978109,8.93,0.664
2538,2023-04-16 17:00:00,25.81643491199116,8.73,0.447
2539,2023-04-16 18:00:00,26.903442697759203,8.64,0.215
2540,2023-04-16 19:00:00,27.175194644201216,9.51,0.034
2541,2023-04-16 20:00:00,26.903442697759203,10.22,0.0
2542,2023-04-16 21:00:00,26.35993880487518,10.87,0.0
2543,2023-04-16 22:00:00,24.45767517978109,11.16,0.0
2544,2023-04-16 23:00:00,25.27293101910713,11.47,0.0
2545,2023-04-17 00:00:00,32.38096235388641,11.04,0.0
2546,2023-04-17 01:00:00,32.38096235388641,10.91,0.0
2547,2023-04-17 02:00:00,31.62791671774951,11.11,0.0
2548,2023-04-17 03:00:00,31.25139389968107,10.9,0.0
2549,2023-04-17 04:00:00,31.62791671774951,10.4,0.0
2550,2023-04-17 05:00:00,31.62791671774951,10.5,0.0
2551,2023-04-17 06:00:00,32.757485171954855,10.91,0.0
2552,2023-04-17 07:00:00,33.8870536261602,11.15,0.021
2553,2023-04-17 08:00:00,35.76966771650243,10.65,0.186
2554,2023-04-17 09:00:00,36.89923617070776,10.72,0.416
2555,2023-04-17 10:00:00,37.27575898877621,10.47,0.631
2556,2023-04-17 11:00:00,36.89923617070776,9.63,0.813
2557,2023-04-17 12:00:00,36.14619053457087,9.41,0.915
2558,2023-04-17 13:00:00,34.640099262297085,9.9,0.959
2559,2023-04-17 14:00:00,33.510530808091744,9.71,0.933
2560,2023-04-17 15:00:00,32.757485171954855,10.18,0.827
2561,2023-04-17 16:00:00,33.8870536261602,10.75,0.659
2562,2023-04-17 17:00:00,35.76966771650243,11.26,0.443
2563,2023-04-17 18:00:00,37.27575898877621,11.28,0.213
2564,2023-04-17 19:00:00,37.65228180684466,11.28,0.033
2565,2023-04-17 20:00:00,37.27575898877621,12.06,0.0
2566,2023-04-17 21:00:00,36.52271335263932,12.34,0.0
2567,2023-04-17 22:00:00,33.8870536261602,12.27,0.0
2568,2023-04-17 23:00:00,35.016622080365536,12.01,0.0
2569,2023-04-18 00:00:00,33.72157544497087,11.55,0.0
2570,2023-04-18 01:00:00,33.72157544497087,11.36,0.0
2571,2023-04-18 02:00:00,32.93735276020411,10.88,0.0
2572,2023-04-18 03:00:00,32.54524141782072,10.01,0.0
2573,2023-04-18 04:00:00,32.93735276020411,9.81,0.0
2574,2023-04-18 05:00:00,32.93735276020411,9.84,0.0
2575,2023-04-18 06:00:00,34.113686787354254,10.28,0.0
2576,2023-04-18 07:00:00,35.290020814504395,10.31,0.022
2577,2023-04-18 08:00:00,37.2505775264213,10.12,0.178
2578,2023-04-18 09:00:00,38.42691155357146,10.63,0.398
2579,2023-04-18 10:00:00,38.81902289595484,10.44,0.636
2580,2023-04-18 11:00:00,38.42691155357146,10.67,0.806
2581,2023-04-18 12:00:00,37.64268886880468,10.45,0.92
2582,2023-04-18 13:00:00,36.07424349927116,10.34,0.973
2583,2023-04-18 14:00:00,34.897909472121015,10.63,0.925
2584,2023-04-18 15:00:00,34.113686787354254,11.01,0.818
2585,2023-04-18 16:00:00,35.290020814504395,11.38,0.654
2586,2023-04-18 17:00:00,37.2505775264213,10.6,0.446
2587,2023-04-18 18:00:00,38.81902289595484,9.87,0.208
2588,2023-04-18 19:00:00,39.21113423833823,9.64,0.03
2589,2023-04-18 20:00:00,38.81902289595484,9.42,0.0
2590,2023-04-18 21:00:00,38.03480021118807,9.32,0.0
2591,2023-04-18 22:00:00,35.290020814504395,9.35,0.0
2592,2023-04-18 23:00:00,36.46635484165454,8.74,0.0
2593,2023-04-19 00:00:00,32.86220807889108,8.37,0.0
2594,2023-04-19 01:00:00,32.86220807889108,7.97,0.0
2595,2023-04-19 02:00:00,32.097970681707565,7.22,0.0
2596,2023-04-19 03:00:00,31.71585198311581,7.78,0.0
2597,2023-04-19 04:00:00,32.097970681707565,8.25,0.0
2598,2023-04-19 05:00:00,32.097970681707565,8.81,0.0
2599,2023-04-19 06:00:00,33.24432677748284,9.89,0.0
2600,2023-04-19 07:00:00,34.39068287325811,10.52,0.021
2601,2023-04-19 08:00:00,36.30127636621689,10.68,0.172
2602,2023-04-19 09:00:00,37.44763246199216,11.17,0.422
2603,2023-04-19 10:00:00,37.829751160583925,11.32,0.627
2604,2023-04-19 11:00:00,37.44763246199216,11.52,0.809
2605,2023-04-19 12:00:00,36.68339506480865,10.76,0.83
2606,2023-04-19 13:00:00,35.154920270441615,10.05,0.909
2607,2023-04-19 14:00:00,34.008564174666354,9.96,0.874
2608,2023-04-19 15:00:00,33.24432677748284,9.87,0.803
2609,2023-04-19 16:00:00,34.39068287325811,10.38,0.646
2610,2023-04-19 17:00:00,36.30127636621689,10.1,0.4
2611,2023-04-19 18:00:00,37.829751160583925,9.73,0.211
2612,2023-04-19 19:00:00,38.21186985917567,9.77,0.034
2613,2023-04-19 20:00:00,37.829751160583925,9.53,0.0
2614,2023-04-19 21:00:00,37.0655137634004,9.44,0.0
2615,2023-04-19 22:00:00,34.39068287325811,9.08,0.0
2616,2023-04-19 23:00:00,35.53703896903338,8.01,0.0
2617,2023-04-20 00:00:00,34.37469464319151,7.79,0.0
2618,2023-04-20 01:00:00,34.37469464319151,7.94,0.0
2619,2023-04-20 02:00:00,33.57528313986148,7.78,0.0
2620,2023-04-20 03:00:00,33.175577388196466,7.85,0.0
2621,2023-04-20 04:00:00,33.57528313986148,8.08,0.0
2622,2023-04-20 05:00:00,33.57528313986148,8.58,0.0
2623,2023-04-20 06:00:00,34.77440039485653,9.11,0.0
2624,2023-04-20 07:00:00,35.97351764985159,9.27,0.023
2625,2023-04-20 08:00:00,37.972046408176666,9.23,0.171
2626,2023-04-20 09:00:00,39.171163663171725,9.33,0.318
2627,2023-04-20 10:00:00,39.57086941483674,9.49,0.535
2628,2023-04-20 11:00:00,39.171163663171725,9.62,0.683
2629,2023-04-20 12:00:00,38.37175215984169,9.9,0.841
2630,2023-04-20 13:00:00,36.77292915318162,9.68,0.831
2631,2023-04-20 14:00:00,35.57381189818657,9.82,0.513
2632,2023-04-20 15:00:00,34.77440039485653,9.56,0.503
2633,2023-04-20 16:00:00,35.97351764985159,9.53,0.328
2634,2023-04-20 17:00:00,37.972046408176666,9.83,0.275
2635,2023-04-20 18:00:00,39.57086941483674,9.85,0.123
2636,2023-04-20 19:00:00,39.97057516650176,10.58,0.029
2637,2023-04-20 20:00:00,39.57086941483674,10.02,0.0
2638,2023-04-20 21:00:00,38.77145791150671,9.77,0.0
2639,2023-04-20 22:00:00,35.97351764985159,10.21,0.0
2640,2023-04-20 23:00:00,37.17263490484663,8.34,0.0
2641,2023-04-21 00:00:00,33.51532727711172,8.4,0.0
2642,2023-04-21 01:00:00,33.51532727711172,7.86,0.0
2643,2023-04-21 02:00:00,32.73590106136494,7.44,0.0
2644,2023-04-21 03:00:00,32.346187953491544,7.22,0.0
2645,2023-04-21 04:00:00,32.73590106136494,6.82,0.0
2646,2023-04-21 05:00:00,32.73590106136494,7.11,0.0
2647,2023-04-21 06:00:00,33.90504038498512,6.51,0.0
2648,2023-04-21 07:00:00,35.07417970860529,8.44,0.008
2649,2023-04-21 08:00:00,37.02274524797225,8.99,0.176
2650,2023-04-21 09:00:00,38.19188457159243,7.56,0.389
2651,2023-04-21 10:00:00,38.581597679465816,8.16,0.43
2652,2023-04-21 11:00:00,38.19188457159243,9.84,0.521
2653,2023-04-21 12:00:00,37.41245835584565,8.41,0.823
2654,2023-04-21 13:00:00,35.85360592435208,7.84,0.872
2655,2023-04-21 14:00:00,34.6844666007319,7.38,0.712
2656,2023-04-21 15:00:00,33.90504038498512,8.01,0.552
2657,2023-04-21 16:00:00,35.07417970860529,10.15,0.5
2658,2023-04-21 17:00:00,37.02274524797225,8.64,0.329
2659,2023-04-21 18:00:00,38.581597679465816,9.08,0.136
2660,2023-04-21 19:00:00,38.97131078733921,7.76,0.028
2661,2023-04-21 20:00:00,38.581597679465816,6.99,0.0
2662,2023-04-21 21:00:00,37.80217146371904,6.82,0.0
2663,2023-04-21 22:00:00,35.07417970860529,7.29,0.0
2664,2023-04-21 23:00:00,36.24331903222548,7.11,0.0
2665,2023-04-22 00:00:00,24.129660651734717,6.94,0.0
2666,2023-04-22 01:00:00,24.129660651734717,7.18,0.0
2667,2023-04-22 02:00:00,23.56850575285716,7.75,0.0
2668,2023-04-22 03:00:00,23.287928303418383,8.0,0.0
2669,2023-04-22 04:00:00,23.56850575285716,8.25,0.0
2670,2023-04-22 05:00:00,23.56850575285716,8.79,0.0
2671,2023-04-22 06:00:00,24.410238101173487,9.17,0.0
2672,2023-04-22 07:00:00,25.25197044948981,9.3,0.025
2673,2023-04-22 08:00:00,26.654857696683692,9.45,0.187
2674,2023-04-22 09:00:00,27.496590045000023,9.39,0.421
2675,2023-04-22 10:00:00,27.7771674944388,9.66,0.624
2676,2023-04-22 11:00:00,27.496590045000023,9.44,0.796
2677,2023-04-22 12:00:00,26.935435146122472,9.18,0.933
2678,2023-04-22 13:00:00,25.813125348367365,8.77,0.965
2679,2023-04-22 14:00:00,24.97139300005104,8.5,0.882
2680,2023-04-22 15:00:00,24.410238101173487,8.59,0.791
2681,2023-04-22 16:00:00,25.25197044948981,8.58,0.649
2682,2023-04-22 17:00:00,26.654857696683692,8.6,0.44
2683,2023-04-22 18:00:00,27.7771674944388,8.51,0.214
2684,2023-04-22 19:00:00,28.057744943877573,8.13,0.034
2685,2023-04-22 20:00:00,27.7771674944388,8.41,0.0
2686,2023-04-22 21:00:00,27.21601259556125,8.72,0.0
2687,2023-04-22 22:00:00,25.25197044948981,9.21,0.0
2688,2023-04-22 23:00:00,26.09370279780614,9.08,0.0
2689,2023-04-23 00:00:00,23.37066739401305,9.12,0.0
2690,2023-04-23 01:00:00,23.37066739401305,9.14,0.0
2691,2023-04-23 02:00:00,22.827163501129025,9.34,0.0
2692,2023-04-23 03:00:00,22.55541155468701,9.55,0.0
2693,2023-04-23 04:00:00,22.827163501129025,9.39,0.0
2694,2023-04-23 05:00:00,22.827163501129025,9.36,0.0
2695,2023-04-23 06:00:00,23.642419340455064,9.05,0.0
2696,2023-04-23 07:00:00,24.45767517978109,8.88,0.027
2697,2023-04-23 08:00:00,25.81643491199116,8.35,0.2
2698,2023-04-23 09:00:00,26.6316907513172,9.02,0.432
2699,2023-04-23 10:00:00,26.903442697759203,9.41,0.649
2700,2023-04-23 11:00:00,26.6316907513172,8.88,0.821
2701,2023-04-23 12:00:00,26.08818685843317,8.89,0.937
2702,2023-04-23 13:00:00,25.00117907266512,8.65,0.976
2703,2023-04-23 14:00:00,24.18592323333909,8.71,0.943
2704,2023-04-23 15:00:00,23.642419340455064,9.3,0.836
2705,2023-04-23 16:00:00,24.45767517978109,9.73,0.664
2706,2023-04-23 17:00:00,25.81643491199116,9.65,0.448
2707,2023-04-23 18:00:00,26.903442697759203,9.46,0.216
2708,2023-04-23 19:00:00,27.175194644201216,9.6,0.035
2709,2023-04-23 20:00:00,26.903442697759203,9.74,0.0
2710,2023-04-23 21:00:00,26.35993880487518,9.8,0.0
2711,2023-04-23 22:00:00,24.45767517978109,9.65,0.0
2712,2023-04-23 23:00:00,25.27293101910713,9.4,0.0
2713,2023-04-24 00:00:00,32.38096235388641,9.34,0.0
2714,2023-04-24 01:00:00,32.38096235388641,9.65,0.0
2715,2023-04-24 02:00:00,31.62791671774951,9.75,0.0
2716,2023-04-24 03:00:00,31.25139389968107,9.59,0.0
2717,2023-04-24 04:00:00,31.62791671774951,9.67,0.0
2718,2023-04-24 05:00:00,31.62791671774951,9.85,0.0
2719,2023-04-24 06:00:00,32.757485171954855,9.9,0.0
2720,2023-04-24 07:00:00,33.8870536261602,9.75,0.026
2721,2023-04-24 08:00:00,35.76966771650243,9.53,0.185
2722,2023-04-24 09:00:00,36.89923617070776,9.4,0.414
2723,2023-04-24 10:00:00,37.27575898877621,8.89,0.64
2724,2023-04-24 11:00:00,36.89923617070776,8.39,0.822
2725,2023-04-24 12:00:00,36.14619053457087,8.39,0.933
2726,2023-04-24 13:00:00,34.640099262297085,8.29,0.973
2727,2023-04-24 14:00:00,33.510530808091744,7.62,0.936
2728,2023-04-24 15:00:00,32.757485171954855,6.89,0.83
2729,2023-04-24 16:00:00,33.8870536261602,6.93,0.661
2730,2023-04-24 17:00:00,35.76966771650243,7.31,0.446
2731,2023-04-24 18:00:00,37.27575898877621,7.86,0.214
2732,2023-04-24 19:00:00,37.65228180684466,8.02,0.035
2733,2023-04-24 20:00:00,37.27575898877621,7.68,0.0
2734,2023-04-24 21:00:00,36.52271335263932,7.67,0.0
2735,2023-04-24 22:00:00,33.8870536261602,7.83,0.0
2736,2023-04-24 23:00:00,35.016622080365536,7.73,0.0
2737,2023-04-25 00:00:00,33.72157544497087,7.79,0.0
2738,2023-04-25 01:00:00,33.72157544497087,8.05,0.0
2739,2023-04-25 02:00:00,32.93735276020411,8.06,0.0
2740,2023-04-25 03:00:00,32.54524141782072,7.76,0.0
2741,2023-04-25 04:00:00,32.93735276020411,7.36,0.0
2742,2023-04-25 05:00:00,32.93735276020411,7.14,0.0
2743,2023-04-25 06:00:00,34.113686787354254,7.13,0.0
2744,2023-04-25 07:00:00,35.290020814504395,7.44,0.027
2745,2023-04-25 08:00:00,37.2505775264213,7.3,0.196
2746,2023-04-25 09:00:00,38.42691155357146,7.28,0.428
2747,2023-04-25 10:00:00,38.81902289595484,6.99,0.645
2748,2023-04-25 11:00:00,38.42691155357146,6.84,0.819
2749,2023-04-25 12:00:00,37.64268886880468,6.62,0.932
2750,2023-04-25 13:00:00,36.07424349927116,6.31,0.971
2751,2023-04-25 14:00:00,34.897909472121015,5.81,0.934
2752,2023-04-25 15:00:00,34.113686787354254,5.55,0.826
2753,2023-04-25 16:00:00,35.290020814504395,5.83,0.656
2754,2023-04-25 17:00:00,37.2505775264213,6.1,0.441
2755,2023-04-25 18:00:00,38.81902289595484,6.24,0.213
2756,2023-04-25 19:00:00,39.21113423833823,6.73,0.035
2757,2023-04-25 20:00:00,38.81902289595484,7.22,0.0
2758,2023-04-25 21:00:00,38.03480021118807,7.33,0.0
2759,2023-04-25 22:00:00,35.290020814504395,8.16,0.0
2760,2023-04-25 23:00:00,36.46635484165454,7.91,0.0
2761,2023-04-26 00:00:00,32.86220807889108,7.98,0.0
2762,2023-04-26 01:00:00,32.86220807889108,7.69,0.0
2763,2023-04-26 02:00:00,32.097970681707565,7.59,0.0
2764,2023-04-26 03:00:00,31.71585198311581,7.52,0.0
2765,2023-04-26 04:00:00,32.097970681707565,7.18,0.0
2766,2023-04-26 05:00:00,32.097970681707565,7.21,0.0
2767,2023-04-26 06:00:00,33.24432677748284,7.38,0.0
2768,2023-04-26 07:00:00,34.39068287325811,6.77,0.029
2769,2023-04-26 08:00:00,36.30127636621689,6.42,0.201
2770,2023-04-26 09:00:00,37.44763246199216,6.96,0.43
2771,2023-04-26 10:00:00,37.829751160583925,7.27,0.649
2772,2023-04-26 11:00:00,37.44763246199216,7.02,0.822
2773,2023-04-26 12:00:00,36.68339506480865,6.18,0.932
2774,2023-04-26 13:00:00,35.154920270441615,5.64,0.972
2775,2023-04-26 14:00:00,34.008564174666354,5.41,0.936
2776,2023-04-26 15:00:00,33.24432677748284,5.69,0.827
2777,2023-04-26 16:00:00,34.39068287325811,6.48,0.656
2778,2023-04-26 17:00:00,36.30127636621689,7.35,0.442
2779,2023-04-26 18:00:00,37.829751160583925,7.4,0.213
2780,2023-04-26 19:00:00,38.21186985917567,7.53,0.035
2781,2023-04-26 20:00:00,37.829751160583925,7.71,0.0
2782,2023-04-26 21:00:00,37.0655137634004,7.74,0.0
2783,2023-04-26 22:00:00,34.39068287325811,7.64,0.0
2784,2023-04-26 23:00:00,35.53703896903338,7.66,0.0
2785,2023-04-27 00:00:00,34.37469464319151,7.6,0.0
2786,2023-04-27 01:00:00,34.37469464319151,7.31,0.0
2787,2023-04-27 02:00:00,33.57528313986148,7.04,0.0
2788,2023-04-27 03:00:00,33.175577388196466,6.84,0.0
2789,2023-04-27 04:00:00,33.57528313986148,6.32,0.0
2790,2023-04-27 05:00:00,33.57528313986148,6.09,0.0
2791,2023-04-27 06:00:00,34.77440039485653,6.49,0.0
2792,2023-04-27 07:00:00,35.97351764985159,6.75,0.029
2793,2023-04-27 08:00:00,37.972046408176666,6.8,0.192
2794,2023-04-27 09:00:00,39.171163663171725,6.93,0.419
2795,2023-04-27 10:00:00,39.57086941483674,6.84,0.645
2796,2023-04-27 11:00:00,39.171163663171725,6.49,0.815
2797,2023-04-27 12:00:00,38.37175215984169,6.22,0.932
2798,2023-04-27 13:00:00,36.77292915318162,5.44,0.974
2799,2023-04-27 14:00:00,35.57381189818657,4.3,0.94
2800,2023-04-27 15:00:00,34.77440039485653,4.31,0.832
2801,2023-04-27 16:00:00,35.97351764985159,5.09,0.66
2802,2023-04-27 17:00:00,37.972046408176666,6.16,0.446
2803,2023-04-27 18:00:00,39.57086941483674,6.99,0.216
2804,2023-04-27 19:00:00,39.97057516650176,8.14,0.036
2805,2023-04-27 20:00:00,39.57086941483674,8.78,0.0
2806,2023-04-27 21:00:00,38.77145791150671,9.48,0.0
2807,2023-04-27 22:00:00,35.97351764985159,10.21,0.0
2808,2023-04-27 23:00:00,37.17263490484663,9.62,0.0
2809,2023-04-28 00:00:00,33.51532727711172,9.6,0.0
2810,2023-04-28 01:00:00,33.51532727711172,9.39,0.0
2811,2023-04-28 02:00:00,32.73590106136494,9.33,0.0
2812,2023-04-28 03:00:00,32.346187953491544,9.27,0.0
2813,2023-04-28 04:00:00,32.73590106136494,8.83,0.0
2814,2023-04-28 05:00:00,32.73590106136494,8.29,0.0
2815,2023-04-28 06:00:00,33.90504038498512,7.82,0.0
2816,2023-04-28 07:00:00,35.07417970860529,7.92,0.03
2817,2023-04-28 08:00:00,37.02274524797225,7.5,0.204
2818,2023-04-28 09:00:00,38.19188457159243,6.53,0.437
2819,2023-04-28 10:00:00,38.581597679465816,7.38,0.653
2820,2023-04-28 11:00:00,38.19188457159243,7.54,0.826
2821,2023-04-28 12:00:00,37.41245835584565,6.87,0.936
2822,2023-04-28 13:00:00,35.85360592435208,5.91,0.976
2823,2023-04-28 14:00:00,34.6844666007319,4.81,0.941
2824,2023-04-28 15:00:00,33.90504038498512,4.3,0.833
2825,2023-04-28 16:00:00,35.07417970860529,4.25,0.663
2826,2023-04-28 17:00:00,37.02274524797225,6.59,0.447
2827,2023-04-28 18:00:00,38.581597679465816,7.5,0.216
2828,2023-04-28 19:00:00,38.97131078733921,7.65,0.036
2829,2023-04-28 20:00:00,38.581597679465816,7.33,0.0
2830,2023-04-28 21:00:00,37.80217146371904,7.28,0.0
2831,2023-04-28 22:00:00,35.07417970860529,7.18,0.0
2832,2023-04-28 23:00:00,36.24331903222548,7.23,0.0
2833,2023-04-29 00:00:00,24.129660651734717,7.02,0.0
2834,2023-04-29 01:00:00,24.129660651734717,6.74,0.0
2835,2023-04-29 02:00:00,23.56850575285716,6.73,0.0
2836,2023-04-29 03:00:00,23.287928303418383,7.13,0.0
2837,2023-04-29 04:00:00,23.56850575285716,7.27,0.0
2838,2023-04-29 05:00:00,23.56850575285716,6.79,0.0
2839,2023-04-29 06:00:00,24.410238101173487,6.59,0.0
2840,2023-04-29 07:00:00,25.25197044948981,7.23,0.031
2841,2023-04-29 08:00:00,26.654857696683692,6.7,0.205
2842,2023-04-29 09:00:00,27.496590045000023,7.06,0.432
2843,2023-04-29 10:00:00,27.7771674944388,6.97,0.651
2844,2023-04-29 11:00:00,27.496590045000023,4.41,0.826
2845,2023-04-29 12:00:00,26.935435146122472,4.21,0.942
2846,2023-04-29 13:00:00,25.813125348367365,4.75,0.983
2847,2023-04-29 14:00:00,24.97139300005104,6.44,0.947
2848,2023-04-29 15:00:00,24.410238101173487,7.6,0.831
2849,2023-04-29 16:00:00,25.25197044948981,6.9,0.665
2850,2023-04-29 17:00:00,26.654857696683692,5.48,0.447
2851,2023-04-29 18:00:00,27.7771674944388,4.64,0.215
2852,2023-04-29 19:00:00,28.057744943877573,4.6,0.037
2853,2023-04-29 20:00:00,27.7771674944388,5.39,0.0
2854,2023-04-29 21:00:00,27.21601259556125,5.8,0.0
2855,2023-04-29 22:00:00,25.25197044948981,6.24,0.0
2856,2023-04-29 23:00:00,26.09370279780614,4.65,0.0
2857,2023-04-30 00:00:00,23.37066739401305,5.17,0.0
2858,2023-04-30 01:00:00,23.37066739401305,6.02,0.0
2859,2023-04-30 02:00:00,22.827163501129025,5.85,0.0
2860,2023-04-30 03:00:00,22.55541155468701,5.97,0.0
2861,2023-04-30 04:00:00,22.827163501129025,6.91,0.0
2862,2023-04-30 05:00:00,22.827163501129025,6.94,0.0
2863,2023-04-30 06:00:00,23.642419340455064,6.43,0.0
2864,2023-04-30 07:00:00,24.45767517978109,6.63,0.032
2865,2023-04-30 08:00:00,25.81643491199116,5.3,0.209
2866,2023-04-30 09:00:00,26.6316907513172,5.51,0.442
2867,2023-04-30 10:00:00,26.903442697759203,6.0,0.655
2868,2023-04-30 11:00:00,26.6316907513172,4.93,0.832
2869,2023-04-30 12:00:00,26.08818685843317,4.55,0.946
2870,2023-04-30 13:00:00,25.00117907266512,4.3,0.988
2871,2023-04-30 14:00:00,24.18592323333909,3.74,0.952
2872,2023-04-30 15:00:00,23.642419340455064,4.11,0.839
2873,2023-04-30 16:00:00,24.45767517978109,5.61,0.664
2874,2023-04-30 17:00:00,25.81643491199116,5.12,0.448
2875,2023-04-30 18:00:00,26.903442697759203,4.6,0.218
2876,2023-04-30 19:00:00,27.175194644201216,5.14,0.037
2877,2023-04-30 20:00:00,26.903442697759203,6.26,0.0
2878,2023-04-30 21:00:00,26.35993880487518,7.05,0.0
2879,2023-04-30 22:00:00,24.45767517978109,7.84,0.0
2880,2023-04-30 23:00:00,25.27293101910713,6.97,0.0
2881,2023-05-01 00:00:00,29.336963780349688,6.85,0.0
2882,2023-05-01 01:00:00,29.336963780349688,7.16,0.0
2883,2023-05-01 02:00:00,28.654708808713647,7.4,0.0
2884,2023-05-01 03:00:00,28.31358132289563,7.33,0.0
2885,2023-05-01 04:00:00,28.654708808713647,7.09,0.0
2886,2023-05-01 05:00:00,28.654708808713647,7.83,0.0
2887,2023-05-01 06:00:00,29.67809126616771,7.79,0.0
2888,2023-05-01 07:00:00,30.70147372362177,7.81,0.033
2889,2023-05-01 08:00:00,32.40711115271186,5.87,0.213
2890,2023-05-01 09:00:00,33.430493610165925,4.15,0.448
2891,2023-05-01 10:00:00,33.771621095983946,7.33,0.66
2892,2023-05-01 11:00:00,33.430493610165925,6.84,0.836
2893,2023-05-01 12:00:00,32.748238638529884,6.24,0.936
2894,2023-05-01 13:00:00,31.383728695257805,4.69,0.984
2895,2023-05-01 14:00:00,30.360346237803743,3.14,0.951
2896,2023-05-01 15:00:00,29.67809126616771,2.4,0.845
2897,2023-05-01 16:00:00,30.70147372362177,1.65,0.674
2898,2023-05-01 17:00:00,32.40711115271186,2.39,0.456
2899,2023-05-01 18:00:00,33.771621095983946,2.63,0.221
2900,2023-05-01 19:00:00,34.11274858180197,3.5,0.038
2901,2023-05-01 20:00:00,33.771621095983946,5.54,0.0
2902,2023-05-01 21:00:00,33.089366124347904,5.54,0.0
2903,2023-05-01 22:00:00,30.70147372362177,5.39,0.0
2904,2023-05-01 23:00:00,31.724856181075825,5.53,0.0
2905,2023-05-02 00:00:00,30.551551452784544,5.43,0.0
2906,2023-05-02 01:00:00,30.551551452784544,4.68,0.0
2907,2023-05-02 02:00:00,29.841050256208163,4.88,0.0
2908,2023-05-02 03:00:00,29.48579965791996,5.19,0.0
2909,2023-05-02 04:00:00,29.841050256208163,4.52,0.0
2910,2023-05-02 05:00:00,29.841050256208163,4.72,0.0
2911,2023-05-02 06:00:00,30.906802051072734,4.54,0.0
2912,2023-05-02 07:00:00,31.97255384593731,3.92,0.034
2913,2023-05-02 08:00:00,33.748806837378275,3.9,0.21
2914,2023-05-02 09:00:00,34.81455863224286,6.72,0.422
2915,2023-05-02 10:00:00,35.16980923053105,7.02,0.631
2916,2023-05-02 11:00:00,34.81455863224286,6.02,0.821
2917,2023-05-02 12:00:00,34.10405743566648,5.47,0.928
2918,2023-05-02 13:00:00,32.6830550425137,4.88,0.972
2919,2023-05-02 14:00:00,31.61730324764912,4.0,0.93
2920,2023-05-02 15:00:00,30.906802051072734,3.71,0.825
2921,2023-05-02 16:00:00,31.97255384593731,3.71,0.658
2922,2023-05-02 17:00:00,33.748806837378275,3.73,0.446
2923,2023-05-02 18:00:00,35.16980923053105,3.21,0.217
2924,2023-05-02 19:00:00,35.52505982881924,3.5,0.037
2925,2023-05-02 20:00:00,35.16980923053105,4.3,0.0
2926,2023-05-02 21:00:00,34.459308033954656,6.2,0.0
2927,2023-05-02 22:00:00,31.97255384593731,8.11,0.0
2928,2023-05-02 23:00:00,33.03830564080189,8.51,0.0
2929,2023-05-03 00:00:00,29.77296961148015,8.9,0.0
2930,2023-05-03 01:00:00,29.77296961148015,9.21,0.0
2931,2023-05-03 02:00:00,29.080574969352703,9.3,0.0
2932,2023-05-03 03:00:00,28.734377648288977,8.4,0.0
2933,2023-05-03 04:00:00,29.080574969352703,8.3,0.0
2934,2023-05-03 05:00:00,29.080574969352703,6.71,0.0
2935,2023-05-03 06:00:00,30.11916693254387,6.81,0.0
2936,2023-05-03 07:00:00,31.15775889573504,8.43,0.034
2937,2023-05-03 08:00:00,32.888745501053656,8.03,0.208
2938,2023-05-03 09:00:00,33.927337464244815,9.02,0.427
2939,2023-05-03 10:00:00,34.27353478530854,9.95,0.665
2940,2023-05-03 11:00:00,33.927337464244815,9.84,0.666
2941,2023-05-03 12:00:00,33.23494282211738,10.19,0.94
2942,2023-05-03 13:00:00,31.85015353786248,10.17,0.982
2943,2023-05-03 14:00:00,30.81156157467132,9.75,0.944
2944,2023-05-03 15:00:00,30.11916693254387,10.18,0.834
2945,2023-05-03 16:00:00,31.15775889573504,9.71,0.664
2946,2023-05-03 17:00:00,32.888745501053656,9.32,0.44
2947,2023-05-03 18:00:00,34.27353478530854,9.18,0.215
2948,2023-05-03 19:00:00,34.61973210637226,9.92,0.037
2949,2023-05-03 20:00:00,34.27353478530854,10.52,0.0
2950,2023-05-03 21:00:00,33.581140143181095,10.48,0.0
2951,2023-05-03 22:00:00,31.15775889573504,10.36,0.0
2952,2023-05-03 23:00:00,32.1963508589262,10.22,0.0
2953,2023-05-04 00:00:00,31.14327365217589,9.46,0.0
2954,2023-05-04 01:00:00,31.14327365217589,9.2,0.0
2955,2023-05-04 02:00:00,30.41901147421831,8.81,0.0
2956,2023-05-04 03:00:00,30.05688038523952,8.4,0.0
2957,2023-05-04 04:00:00,30.41901147421831,8.42,0.0
2958,2023-05-04 05:00:00,30.41901147421831,8.85,0.0
2959,2023-05-04 06:00:00,31.50540474115468,9.36,0.0
2960,2023-05-04 07:00:00,32.59179800809105,9.68,0.035
2961,2023-05-04 08:00:00,34.402453452984986,9.34,0.155
2962,2023-05-04 09:00:00,35.488846719921355,10.21,0.324
2963,2023-05-04 10:00:00,35.85097780890015,10.92,0.635
2964,2023-05-04 11:00:00,35.488846719921355,11.51,0.798
2965,2023-05-04 12:00:00,34.76458454196378,11.99,0.929
2966,2023-05-04 13:00:00,33.316060186048624,11.83,0.97
2967,2023-05-04 14:00:00,32.229666919112255,11.86,0.931
2968,2023-05-04 15:00:00,31.50540474115468,11.57,0.825
2969,2023-05-04 16:00:00,32.59179800809105,11.55,0.655
2970,2023-05-04 17:00:00,34.402453452984986,11.3,0.439
2971,2023-05-04 18:00:00,35.85097780890015,10.77,0.213
2972,2023-05-04 19:00:00,36.21310889787894,11.48,0.037
2973,2023-05-04 20:00:00,35.85097780890015,11.57,0.0
2974,2023-05-04 21:00:00,35.12671563094258,11.21,0.0
2975,2023-05-04 22:00:00,32.59179800809105,10.89,0.0
2976,2023-05-04 23:00:00,33.678191275027416,12.35,0.0
2977,2023-05-05 00:00:00,30.364691810871488,12.54,0.0
2978,2023-05-05 01:00:00,30.364691810871488,13.63,0.0
2979,2023-05-05 02:00:00,29.65853618736285,14.28,0.0
2980,2023-05-05 03:00:00,29.30545837560853,14.04,0.0
2981,2023-05-05 04:00:00,29.65853618736285,13.36,0.0
2982,2023-05-05 05:00:00,29.65853618736285,13.36,0.0
2983,2023-05-05 06:00:00,30.71776962262581,13.71,0.0
2984,2023-05-05 07:00:00,31.777003057888766,13.27,0.033
2985,2023-05-05 08:00:00,33.542392116660366,11.24,0.201
2986,2023-05-05 09:00:00,34.60162555192333,11.89,0.428
2987,2023-05-05 10:00:00,34.954703363677645,12.03,0.645
2988,2023-05-05 11:00:00,34.60162555192333,12.15,0.803
2989,2023-05-05 12:00:00,33.895469928414684,12.28,0.912
2990,2023-05-05 13:00:00,32.483158681397406,12.36,0.948
2991,2023-05-05 14:00:00,31.42392524613445,12.65,0.918
2992,2023-05-05 15:00:00,30.71776962262581,13.0,0.819
2993,2023-05-05 16:00:00,31.777003057888766,12.5,0.652
2994,2023-05-05 17:00:00,33.542392116660366,12.13,0.441
2995,2023-05-05 18:00:00,34.954703363677645,11.45,0.214
2996,2023-05-05 19:00:00,35.30778117543196,11.04,0.037
2997,2023-05-05 20:00:00,34.954703363677645,11.33,0.0
2998,2023-05-05 21:00:00,34.24854774016901,11.69,0.0
2999,2023-05-05 22:00:00,31.777003057888766,12.13,0.0
3000,2023-05-05 23:00:00,32.83623649315173,12.95,0.0
3001,2023-05-06 00:00:00,21.86133237288139,12.59,0.0
3002,2023-05-06 01:00:00,21.86133237288139,12.47,0.0
3003,2023-05-06 02:00:00,21.352929294442287,11.55,0.0
3004,2023-05-06 03:00:00,21.098727755222733,11.83,0.0
3005,2023-05-06 04:00:00,21.352929294442287,12.26,0.0
3006,2023-05-06 05:00:00,21.352929294442287,12.42,0.0
3007,2023-05-06 06:00:00,22.11553391210094,12.54,0.0
3008,2023-05-06 07:00:00,22.87813852975959,12.06,0.03
3009,2023-05-06 08:00:00,24.149146225857347,11.65,0.187
3010,2023-05-06 09:00:00,24.911750843516003,12.1,0.371
3011,2023-05-06 10:00:00,25.165952382735554,12.03,0.589
3012,2023-05-06 11:00:00,24.911750843516003,11.77,0.815
3013,2023-05-06 12:00:00,24.403347765076894,11.55,0.882
3014,2023-05-06 13:00:00,23.38654160819869,11.87,0.967
3015,2023-05-06 14:00:00,22.623936990540045,12.25,0.92
3016,2023-05-06 15:00:00,22.11553391210094,12.59,0.815
3017,2023-05-06 16:00:00,22.87813852975959,12.18,0.636
3018,2023-05-06 17:00:00,24.149146225857347,12.01,0.436
3019,2023-05-06 18:00:00,25.165952382735554,12.03,0.21
3020,2023-05-06 19:00:00,25.4201539219551,12.06,0.037
3021,2023-05-06 20:00:00,25.165952382735554,11.89,0.0
3022,2023-05-06 21:00:00,24.65754930429645,11.27,0.0
3023,2023-05-06 22:00:00,22.87813852975959,10.52,0.0
3024,2023-05-06 23:00:00,23.64074314741824,10.01,0.0
3025,2023-05-07 00:00:00,21.173688890641348,9.77,0.0
3026,2023-05-07 01:00:00,21.173688890641348,9.77,0.0
3027,2023-05-07 02:00:00,20.681277521091545,10.12,0.0
3028,2023-05-07 03:00:00,20.43507183631665,10.82,0.0
3029,2023-05-07 04:00:00,20.681277521091545,10.72,0.0
3030,2023-05-07 05:00:00,20.681277521091545,10.78,0.0
3031,2023-05-07 06:00:00,21.419894575416247,11.01,0.0
3032,2023-05-07 07:00:00,22.158511629740943,10.64,0.035
3033,2023-05-07 08:00:00,23.38954005361544,10.75,0.211
3034,2023-05-07 09:00:00,24.12815710794014,10.85,0.44
3035,2023-05-07 10:00:00,24.374362792715036,10.58,0.651
3036,2023-05-07 11:00:00,24.12815710794014,10.63,0.823
3037,2023-05-07 12:00:00,23.635745738390337,10.44,0.925
3038,2023-05-07 13:00:00,22.65092299929074,10.31,0.967
3039,2023-05-07 14:00:00,21.912305944966043,10.06,0.931
3040,2023-05-07 15:00:00,21.419894575416247,9.88,0.825
3041,2023-05-07 16:00:00,22.158511629740943,9.56,0.657
3042,2023-05-07 17:00:00,23.38954005361544,9.3,0.444
3043,2023-05-07 18:00:00,24.374362792715036,9.24,0.217
3044,2023-05-07 19:00:00,24.620568477489936,9.31,0.039
3045,2023-05-07 20:00:00,24.374362792715036,9.73,0.0
3046,2023-05-07 21:00:00,23.88195142316524,10.07,0.0
3047,2023-05-07 22:00:00,22.158511629740943,10.25,0.0
3048,2023-05-07 23:00:00,22.89712868406564,10.31,0.0
3049,2023-05-08 00:00:00,29.336963780349688,10.26,0.0
3050,2023-05-08 01:00:00,29.336963780349688,10.14,0.0
3051,2023-05-08 02:00:00,28.654708808713647,10.11,0.0
3052,2023-05-08 03:00:00,28.31358132289563,10.04,0.0
3053,2023-05-08 04:00:00,28.654708808713647,10.22,0.0
3054,2023-05-08 05:00:00,28.654708808713647,10.09,0.0
3055,2023-05-08 06:00:00,29.67809126616771,9.99,0.0
3056,2023-05-08 07:00:00,30.70147372362177,10.28,0.036
3057,2023-05-08 08:00:00,32.40711115271186,9.75,0.212
3058,2023-05-08 09:00:00,33.430493610165925,10.14,0.438
3059,2023-05-08 10:00:00,33.771621095983946,10.14,0.653
3060,2023-05-08 11:00:00,33.430493610165925,9.97,0.823
3061,2023-05-08 12:00:00,32.748238638529884,10.16,0.928
3062,2023-05-08 13:00:00,31.383728695257805,8.92,0.969
3063,2023-05-08 14:00:00,30.360346237803743,9.59,0.928
3064,2023-05-08 15:00:00,29.67809126616771,9.48,0.82
3065,2023-05-08 16:00:00,30.70147372362177,9.44,0.653
3066,2023-05-08 17:00:00,32.40711115271186,9.28,0.442
3067,2023-05-08 18:00:00,33.771621095983946,9.07,0.215
3068,2023-05-08 19:00:00,34.11274858180197,9.01,0.038
3069,2023-05-08 20:00:00,33.771621095983946,9.0,0.0
3070,2023-05-08 21:00:00,33.089366124347904,9.14,0.0
3071,2023-05-08 22:00:00,30.70147372362177,9.24,0.0
3072,2023-05-08 23:00:00,31.724856181075825,9.51,0.0
3073,2023-05-09 00:00:00,30.551551452784544,9.6,0.0
3074,2023-05-09 01:00:00,30.551551452784544,9.68,0.0
3075,2023-05-09 02:00:00,29.841050256208163,9.34,0.0
3076,2023-05-09 03:00:00,29.48579965791996,9.97,0.0
3077,2023-05-09 04:00:00,29.841050256208163,10.18,0.0
3078,2023-05-09 05:00:00,29.841050256208163,10.26,0.0
3079,2023-05-09 06:00:00,30.906802051072734,10.34,0.0
3080,2023-05-09 07:00:00,31.97255384593731,9.6,0.037
3081,2023-05-09 08:00:00,33.748806837378275,8.75,0.21
3082,2023-05-09 09:00:00,34.81455863224286,9.36,0.437
3083,2023-05-09 10:00:00,35.16980923053105,8.91,0.647
3084,2023-05-09 11:00:00,34.81455863224286,8.54,0.816
3085,2023-05-09 12:00:00,34.10405743566648,9.36,0.922
3086,2023-05-09 13:00:00,32.6830550425137,9.36,0.956
3087,2023-05-09 14:00:00,31.61730324764912,8.52,0.92
3088,2023-05-09 15:00:00,30.906802051072734,7.34,0.808
3089,2023-05-09 16:00:00,31.97255384593731,7.31,0.643
3090,2023-05-09 17:00:00,33.748806837378275,7.62,0.436
3091,2023-05-09 18:00:00,35.16980923053105,7.32,0.213
3092,2023-05-09 19:00:00,35.52505982881924,7.64,0.039
3093,2023-05-09 20:00:00,35.16980923053105,7.72,0.0
3094,2023-05-09 21:00:00,34.459308033954656,7.94,0.0
3095,2023-05-09 22:00:00,31.97255384593731,8.14,0.0
3096,2023-05-09 23:00:00,33.03830564080189,7.91,0.0
3097,2023-05-10 00:00:00,29.77296961148015,7.68,0.0
3098,2023-05-10 01:00:00,29.77296961148015,7.68,0.0
3099,2023-05-10 02:00:00,29.080574969352703,7.96,0.0
3100,2023-05-10 03:00:00,28.734377648288977,7.96,0.0
3101,2023-05-10 04:00:00,29.080574969352703,7.72,0.0
3102,2023-05-10 05:00:00,29.080574969352703,7.62,0.0
3103,2023-05-10 06:00:00,30.11916693254387,7.7,0.0
3104,2023-05-10 07:00:00,31.15775889573504,7.21,0.034
3105,2023-05-10 08:00:00,32.888745501053656,6.1,0.207
3106,2023-05-10 09:00:00,33.927337464244815,6.64,0.332
3107,2023-05-10 10:00:00,34.27353478530854,6.48,0.558
3108,2023-05-10 11:00:00,33.927337464244815,6.89,0.814
3109,2023-05-10 12:00:00,33.23494282211738,7.41,0.919
3110,2023-05-10 13:00:00,31.85015353786248,7.92,0.961
3111,2023-05-10 14:00:00,30.81156157467132,8.17,0.924
3112,2023-05-10 15:00:00,30.11916693254387,8.1,0.817
3113,2023-05-10 16:00:00,31.15775889573504,7.98,0.649
3114,2023-05-10 17:00:00,32.888745501053656,7.67,0.436
3115,2023-05-10 18:00:00,34.27353478530854,7.24,0.213
3116,2023-05-10 19:00:00,34.61973210637226,7.48,0.039
3117,2023-05-10 20:00:00,34.27353478530854,7.3,0.0
3118,2023-05-10 21:00:00,33.581140143181095,7.3,0.0
3119,2023-05-10 22:00:00,31.15775889573504,7.42,0.0
3120,2023-05-10 23:00:00,32.1963508589262,6.12,0.0
3121,2023-05-11 00:00:00,31.14327365217589,5.43,0.0
3122,2023-05-11 01:00:00,31.14327365217589,5.64,0.0
3123,2023-05-11 02:00:00,30.41901147421831,5.83,0.0
3124,2023-05-11 03:00:00,30.05688038523952,6.22,0.0
3125,2023-05-11 04:00:00,30.41901147421831,6.81,0.0
3126,2023-05-11 05:00:00,30.41901147421831,7.0,0.0
3127,2023-05-11 06:00:00,31.50540474115468,7.1,0.0
3128,2023-05-11 07:00:00,32.59179800809105,7.61,0.026
3129,2023-05-11 08:00:00,34.402453452984986,7.84,0.169
3130,2023-05-11 09:00:00,35.488846719921355,7.44,0.281
3131,2023-05-11 10:00:00,35.85097780890015,6.0,0.51
3132,2023-05-11 11:00:00,35.488846719921355,4.59,0.806
3133,2023-05-11 12:00:00,34.76458454196378,5.06,0.916
3134,2023-05-11 13:00:00,33.316060186048624,5.92,0.952
3135,2023-05-11 14:00:00,32.229666919112255,5.36,0.922
3136,2023-05-11 15:00:00,31.50540474115468,5.31,0.816
3137,2023-05-11 16:00:00,32.59179800809105,5.54,0.649
3138,2023-05-11 17:00:00,34.402453452984986,6.83,0.439
3139,2023-05-11 18:00:00,35.85097780890015,8.4,0.215
3140,2023-05-11 19:00:00,36.21310889787894,7.64,0.039
3141,2023-05-11 20:00:00,35.85097780890015,7.4,0.0
3142,2023-05-11 21:00:00,35.12671563094258,6.65,0.0
3143,2023-05-11 22:00:00,32.59179800809105,6.87,0.0
3144,2023-05-11 23:00:00,33.678191275027416,6.84,0.0
3145,2023-05-12 00:00:00,30.364691810871488,6.1,0.0
3146,2023-05-12 01:00:00,30.364691810871488,5.9,0.0
3147,2023-05-12 02:00:00,29.65853618736285,6.31,0.0
3148,2023-05-12 03:00:00,29.30545837560853,6.04,0.0
3149,2023-05-12 04:00:00,29.65853618736285,6.46,0.0
3150,2023-05-12 05:00:00,29.65853618736285,7.55,0.0
3151,2023-05-12 06:00:00,30.71776962262581,7.92,0.0
3152,2023-05-12 07:00:00,31.777003057888766,7.7,0.037
3153,2023-05-12 08:00:00,33.542392116660366,7.23,0.199
3154,2023-05-12 09:00:00,34.60162555192333,7.78,0.302
3155,2023-05-12 10:00:00,34.954703363677645,6.95,0.525
3156,2023-05-12 11:00:00,34.60162555192333,6.4,0.8
3157,2023-05-12 12:00:00,33.895469928414684,5.26,0.907
3158,2023-05-12 13:00:00,32.483158681397406,4.62,0.942
3159,2023-05-12 14:00:00,31.42392524613445,4.78,0.903
3160,2023-05-12 15:00:00,30.71776962262581,6.01,0.805
3161,2023-05-12 16:00:00,31.777003057888766,6.48,0.645
3162,2023-05-12 17:00:00,33.542392116660366,6.58,0.435
3163,2023-05-12 18:00:00,34.954703363677645,6.31,0.213
3164,2023-05-12 19:00:00,35.30778117543196,7.0,0.039
3165,2023-05-12 20:00:00,34.954703363677645,7.51,0.0
3166,2023-05-12 21:00:00,34.24854774016901,7.8,0.0
3167,2023-05-12 22:00:00,31.777003057888766,8.0,0.0
3168,2023-05-12 23:00:00,32.83623649315173,8.5,0.0
3169,2023-05-13 00:00:00,21.86133237288139,7.61,0.0
3170,2023-05-13 01:00:00,21.86133237288139,6.41,0.0
3171,2023-05-13 02:00:00,21.352929294442287,6.01,0.0
3172,2023-05-13 03:00:00,21.098727755222733,6.21,0.0
3173,2023-05-13 04:00:00,21.352929294442287,7.48,0.0
3174,2023-05-13 05:00:00,21.352929294442287,6.89,0.0
3175,2023-05-13 06:00:00,22.11553391210094,5.41,0.0
3176,2023-05-13 07:00:00,22.87813852975959,5.57,0.036
3177,2023-05-13 08:00:00,24.149146225857347,6.2,0.203
3178,2023-05-13 09:00:00,24.911750843516003,6.35,0.329
3179,2023-05-13 10:00:00,25.165952382735554,5.35,0.619
3180,2023-05-13 11:00:00,24.911750843516003,3.81,0.738
3181,2023-05-13 12:00:00,24.403347765076894,3.67,0.894
3182,2023-05-13 13:00:00,23.38654160819869,4.36,0.926
3183,2023-05-13 14:00:00,22.623936990540045,5.15,0.898
3184,2023-05-13 15:00:00,22.11553391210094,4.49,0.794
3185,2023-05-13 16:00:00,22.87813852975959,4.34,0.633
3186,2023-05-13 17:00:00,24.149146225857347,4.83,0.43
3187,2023-05-13 18:00:00,25.165952382735554,4.65,0.211
3188,2023-05-13 19:00:00,25.4201539219551,5.32,0.039
3189,2023-05-13 20:00:00,25.165952382735554,6.51,0.0
3190,2023-05-13 21:00:00,24.65754930429645,6.22,0.0
3191,2023-05-13 22:00:00,22.87813852975959,5.4,0.0
3192,2023-05-13 23:00:00,23.64074314741824,4.82,0.0
3193,2023-05-14 00:00:00,21.173688890641348,5.32,0.0
3194,2023-05-14 01:00:00,21.173688890641348,5.53,0.0
3195,2023-05-14 02:00:00,20.681277521091545,4.95,0.0
3196,2023-05-14 03:00:00,20.43507183631665,5.18,0.0
3197,2023-05-14 04:00:00,20.681277521091545,5.35,0.0
3198,2023-05-14 05:00:00,20.681277521091545,5.25,0.0
3199,2023-05-14 06:00:00,21.419894575416247,5.28,0.0
3200,2023-05-14 07:00:00,22.158511629740943,5.62,0.038
3201,2023-05-14 08:00:00,23.38954005361544,4.64,0.201
3202,2023-05-14 09:00:00,24.12815710794014,5.77,0.415
3203,2023-05-14 10:00:00,24.374362792715036,5.61,0.63
3204,2023-05-14 11:00:00,24.12815710794014,4.0,0.777
3205,2023-05-14 12:00:00,23.635745738390337,3.85,0.908
3206,2023-05-14 13:00:00,22.65092299929074,3.58,0.94
3207,2023-05-14 14:00:00,21.912305944966043,4.06,0.903
3208,2023-05-14 15:00:00,21.419894575416247,4.24,0.797
3209,2023-05-14 16:00:00,22.158511629740943,4.97,0.63
3210,2023-05-14 17:00:00,23.38954005361544,5.15,0.423
3211,2023-05-14 18:00:00,24.374362792715036,5.45,0.209
3212,2023-05-14 19:00:00,24.620568477489936,5.5,0.039
3213,2023-05-14 20:00:00,24.374362792715036,5.8,0.0
3214,2023-05-14 21:00:00,23.88195142316524,6.4,0.0
3215,2023-05-14 22:00:00,22.158511629740943,6.7,0.0
3216,2023-05-14 23:00:00,22.89712868406564,6.71,0.0
3217,2023-05-15 00:00:00,29.336963780349688,6.4,0.0
3218,2023-05-15 01:00:00,29.336963780349688,6.38,0.0
3219,2023-05-15 02:00:00,28.654708808713647,6.73,0.0
3220,2023-05-15 03:00:00,28.31358132289563,6.85,0.0
3221,2023-05-15 04:00:00,28.654708808713647,7.03,0.0
3222,2023-05-15 05:00:00,28.654708808713647,7.32,0.0
3223,2023-05-15 06:00:00,29.67809126616771,7.8,0.0
3224,2023-05-15 07:00:00,30.70147372362177,7.91,0.038
3225,2023-05-15 08:00:00,32.40711115271186,7.42,0.209
3226,2023-05-15 09:00:00,33.430493610165925,7.45,0.429
3227,2023-05-15 10:00:00,33.771621095983946,8.04,0.631
3228,2023-05-15 11:00:00,33.430493610165925,8.13,0.794
3229,2023-05-15 12:00:00,32.748238638529884,8.29,0.902
3230,2023-05-15 13:00:00,31.383728695257805,8.93,0.939
3231,2023-05-15 14:00:00,30.360346237803743,8.85,0.901
3232,2023-05-15 15:00:00,29.67809126616771,8.23,0.796
3233,2023-05-15 16:00:00,30.70147372362177,7.82,0.631
3234,2023-05-15 17:00:00,32.40711115271186,7.83,0.427
3235,2023-05-15 18:00:00,33.771621095983946,7.41,0.209
3236,2023-05-15 19:00:00,34.11274858180197,7.27,0.04
3237,2023-05-15 20:00:00,33.771621095983946,7.76,0.0
3238,2023-05-15 21:00:00,33.089366124347904,7.63,0.0
3239,2023-05-15 22:00:00,30.70147372362177,7.96,0.0
3240,2023-05-15 23:00:00,31.724856181075825,7.4,0.0
3241,2023-05-16 00:00:00,30.551551452784544,7.26,0.0
3242,2023-05-16 01:00:00,30.551551452784544,7.34,0.0
3243,2023-05-16 02:00:00,29.841050256208163,7.31,0.0
3244,2023-05-16 03:00:00,29.48579965791996,7.2,0.0
3245,2023-05-16 04:00:00,29.841050256208163,7.41,0.0
3246,2023-05-16 05:00:00,29.841050256208163,7.75,0.0
3247,2023-05-16 06:00:00,30.906802051072734,8.02,0.0
3248,2023-05-16 07:00:00,31.97255384593731,7.84,0.038
3249,2023-05-16 08:00:00,33.748806837378275,7.96,0.209
3250,2023-05-16 09:00:00,34.81455863224286,8.29,0.431
3251,2023-05-16 10:00:00,35.16980923053105,8.49,0.637
3252,2023-05-16 11:00:00,34.81455863224286,8.56,0.799
3253,2023-05-16 12:00:00,34.10405743566648,8.47,0.9
3254,2023-05-16 13:00:00,32.6830550425137,8.45,0.913
3255,2023-05-16 14:00:00,31.61730324764912,8.41,0.892
3256,2023-05-16 15:00:00,30.906802051072734,8.35,0.754
3257,2023-05-16 16:00:00,31.97255384593731,8.34,0.613
3258,2023-05-16 17:00:00,33.748806837378275,8.42,0.421
3259,2023-05-16 18:00:00,35.16980923053105,8.3,0.207
3260,2023-05-16 19:00:00,35.52505982881924,8.14,0.04
3261,2023-05-16 20:00:00,35.16980923053105,8.1,0.0
3262,2023-05-16 21:00:00,34.459308033954656,8.22,0.0
3263,2023-05-16 22:00:00,31.97255384593731,8.27,0.0
3264,2023-05-16 23:00:00,33.03830564080189,8.68,0.0
3265,2023-05-17 00:00:00,29.77296961148015,8.51,0.0
3266,2023-05-17 01:00:00,29.77296961148015,8.02,0.0
3267,2023-05-17 02:00:00,29.080574969352703,7.96,0.0
3268,2023-05-17 03:00:00,28.734377648288977,7.75,0.0
3269,2023-05-17 04:00:00,29.080574969352703,7.37,0.0
3270,2023-05-17 05:00:00,29.080574969352703,7.5,0.0
3271,2023-05-17 06:00:00,30.11916693254387,7.6,0.0
3272,2023-05-17 07:00:00,31.15775889573504,7.37,0.04
3273,2023-05-17 08:00:00,32.888745501053656,8.04,0.21
3274,2023-05-17 09:00:00,33.927337464244815,8.6,0.433
3275,2023-05-17 10:00:00,34.27353478530854,8.73,0.639
3276,2023-05-17 11:00:00,33.927337464244815,8.76,0.807
3277,2023-05-17 12:00:00,33.23494282211738,8.57,0.908
3278,2023-05-17 13:00:00,31.85015353786248,8.52,0.941
3279,2023-05-17 14:00:00,30.81156157467132,8.71,0.909
3280,2023-05-17 15:00:00,30.11916693254387,9.07,0.803
3281,2023-05-17 16:00:00,31.15775889573504,9.41,0.64
3282,2023-05-17 17:00:00,32.888745501053656,9.59,0.429
3283,2023-05-17 18:00:00,34.27353478530854,9.62,0.211
3284,2023-05-17 19:00:00,34.61973210637226,9.51,0.039
3285,2023-05-17 20:00:00,34.27353478530854,9.48,0.0
3286,2023-05-17 21:00:00,33.581140143181095,9.37,0.0
3287,2023-05-17 22:00:00,31.15775889573504,9.52,0.0
3288,2023-05-17 23:00:00,32.1963508589262,8.98,0.0
3289,2023-05-18 00:00:00,31.14327365217589,8.93,0.0
3290,2023-05-18 01:00:00,31.14327365217589,9.24,0.0
3291,2023-05-18 02:00:00,30.41901147421831,9.48,0.0
3292,2023-05-18 03:00:00,30.05688038523952,9.79,0.0
3293,2023-05-18 04:00:00,30.41901147421831,9.67,0.0
3294,2023-05-18 05:00:00,30.41901147421831,9.58,0.0
3295,2023-05-18 06:00:00,31.50540474115468,9.78,0.0
3296,2023-05-18 07:00:00,32.59179800809105,9.9,0.039
3297,2023-05-18 08:00:00,34.402453452984986,9.4,0.205
3298,2023-05-18 09:00:00,35.488846719921355,9.71,0.415
3299,2023-05-18 10:00:00,35.85097780890015,9.93,0.613
3300,2023-05-18 11:00:00,35.488846719921355,9.7,0.783
3301,2023-05-18 12:00:00,34.76458454196378,9.92,0.875
3302,2023-05-18 13:00:00,33.316060186048624,10.21,0.922
3303,2023-05-18 14:00:00,32.229666919112255,10.18,0.901
3304,2023-05-18 15:00:00,31.50540474115468,10.14,0.77
3305,2023-05-18 16:00:00,32.59179800809105,10.11,0.6
3306,2023-05-18 17:00:00,34.402453452984986,9.69,0.399
3307,2023-05-18 18:00:00,35.85097780890015,9.3,0.196
3308,2023-05-18 19:00:00,36.21310889787894,9.49,0.038
3309,2023-05-18 20:00:00,35.85097780890015,9.75,0.0
3310,2023-05-18 21:00:00,35.12671563094258,10.12,0.0
3311,2023-05-18 22:00:00,32.59179800809105,10.03,0.0
3312,2023-05-18 23:00:00,33.678191275027416,8.81,0.0
3313,2023-05-19 00:00:00,30.364691810871488,7.83,0.0
3314,2023-05-19 01:00:00,30.364691810871488,7.93,0.0
3315,2023-05-19 02:00:00,29.65853618736285,8.3,0.0
3316,2023-05-19 03:00:00,29.30545837560853,8.08,0.0
3317,2023-05-19 04:00:00,29.65853618736285,8.23,0.0
3318,2023-05-19 05:00:00,29.65853618736285,8.78,0.0
3319,2023-05-19 06:00:00,30.71776962262581,9.12,0.0
3320,2023-05-19 07:00:00,31.777003057888766,9.41,0.04
3321,2023-05-19 08:00:00,33.542392116660366,9.48,0.21
3322,2023-05-19 09:00:00,34.60162555192333,9.73,0.428
3323,2023-05-19 10:00:00,34.954703363677645,9.58,0.634
3324,2023-05-19 11:00:00,34.60162555192333,9.85,0.796
3325,2023-05-19 12:00:00,33.895469928414684,9.4,0.899
3326,2023-05-19 13:00:00,32.483158681397406,9.53,0.934
3327,2023-05-19 14:00:00,31.42392524613445,9.56,0.896
3328,2023-05-19 15:00:00,30.71776962262581,9.49,0.789
3329,2023-05-19 16:00:00,31.777003057888766,9.14,0.627
3330,2023-05-19 17:00:00,33.542392116660366,9.22,0.421
3331,2023-05-19 18:00:00,34.954703363677645,9.03,0.197
3332,2023-05-19 19:00:00,35.30778117543196,8.37,0.039
3333,2023-05-19 20:00:00,34.954703363677645,8.39,0.0
3334,2023-05-19 21:00:00,34.24854774016901,7.91,0.0
3335,2023-05-19 22:00:00,31.777003057888766,7.47,0.0
3336,2023-05-19 23:00:00,32.83623649315173,7.12,0.0
3337,2023-05-20 00:00:00,21.86133237288139,6.71,0.0
3338,2023-05-20 01:00:00,21.86133237288139,6.41,0.0
3339,2023-05-20 02:00:00,21.352929294442287,6.63,0.0
3340,2023-05-20 03:00:00,21.098727755222733,7.96,0.0
3341,2023-05-20 04:00:00,21.352929294442287,8.37,0.0
3342,2023-05-20 05:00:00,21.352929294442287,8.6,0.0
3343,2023-05-20 06:00:00,22.11553391210094,8.97,0.0
3344,2023-05-20 07:00:00,22.87813852975959,9.4,0.039
3345,2023-05-20 08:00:00,24.149146225857347,9.34,0.205
3346,2023-05-20 09:00:00,24.911750843516003,9.85,0.422
3347,2023-05-20 10:00:00,25.165952382735554,9.68,0.618
3348,2023-05-20 11:00:00,24.911750843516003,9.68,0.782
3349,2023-05-20 12:00:00,24.403347765076894,9.52,0.889
3350,2023-05-20 13:00:00,23.38654160819869,9.59,0.925
3351,2023-05-20 14:00:00,22.623936990540045,9.34,0.89
3352,2023-05-20 15:00:00,22.11553391210094,9.53,0.787
3353,2023-05-20 16:00:00,22.87813852975959,9.59,0.625
3354,2023-05-20 17:00:00,24.149146225857347,9.01,0.423
3355,2023-05-20 18:00:00,25.165952382735554,8.77,0.208
3356,2023-05-20 19:00:00,25.4201539219551,8.74,0.041
3357,2023-05-20 20:00:00,25.165952382735554,9.17,0.0
3358,2023-05-20 21:00:00,24.65754930429645,9.26,0.0
3359,2023-05-20 22:00:00,22.87813852975959,9.2,0.0
3360,2023-05-20 23:00:00,23.64074314741824,8.7,0.0
3361,2023-05-21 00:00:00,21.173688890641348,8.83,0.0
3362,2023-05-21 01:00:00,21.173688890641348,9.21,0.0
3363,2023-05-21 02:00:00,20.681277521091545,9.04,0.0
3364,2023-05-21 03:00:00,20.43507183631665,8.73,0.0
3365,2023-05-21 04:00:00,20.681277521091545,9.22,0.0
3366,2023-05-21 05:00:00,20.681277521091545,9.58,0.0
3367,2023-05-21 06:00:00,21.419894575416247,9.73,0.0
3368,2023-05-21 07:00:00,22.158511629740943,9.73,0.039
3369,2023-05-21 08:00:00,23.38954005361544,9.44,0.206
3370,2023-05-21 09:00:00,24.12815710794014,9.55,0.42
3371,2023-05-21 10:00:00,24.374362792715036,9.71,0.616
3372,2023-05-21 11:00:00,24.12815710794014,9.05,0.781
3373,2023-05-21 12:00:00,23.635745738390337,9.34,0.887
3374,2023-05-21 13:00:00,22.65092299929074,9.27,0.915
3375,2023-05-21 14:00:00,21.912305944966043,8.89,0.87
3376,2023-05-21 15:00:00,21.419894575416247,8.9,0.781
3377,2023-05-21 16:00:00,22.158511629740943,9.11,0.561
3378,2023-05-21 17:00:00,23.38954005361544,9.17,0.36
3379,2023-05-21 18:00:00,24.374362792715036,9.2,0.171
3380,2023-05-21 19:00:00,24.620568477489936,9.17,0.04
3381,2023-05-21 20:00:00,24.374362792715036,9.1,0.0
3382,2023-05-21 21:00:00,23.88195142316524,9.55,0.0
3383,2023-05-21 22:00:00,22.158511629740943,9.44,0.0
3384,2023-05-21 23:00:00,22.89712868406564,9.89,0.0
3385,2023-05-22 00:00:00,29.336963780349688,9.67,0.0
3386,2023-05-22 01:00:00,29.336963780349688,9.53,0.0
3387,2023-05-22 02:00:00,28.654708808713647,9.49,0.0
3388,2023-05-22 03:00:00,28.31358132289563,9.08,0.0
3389,2023-05-22 04:00:00,28.654708808713647,9.3,0.0
3390,2023-05-22 05:00:00,28.654708808713647,9.24,0.0
3391,2023-05-22 06:00:00,29.67809126616771,9.32,0.0
3392,2023-05-22 07:00:00,30.70147372362177,9.26,0.038
3393,2023-05-22 08:00:00,32.40711115271186,9.93,0.195
3394,2023-05-22 09:00:00,33.430493610165925,10.26,0.4
3395,2023-05-22 10:00:00,33.771621095983946,10.26,0.615
3396,2023-05-22 11:00:00,33.430493610165925,10.27,0.769
3397,2023-05-22 12:00:00,32.748238638529884,10.18,0.852
3398,2023-05-22 13:00:00,31.383728695257805,9.88,0.896
3399,2023-05-22 14:00:00,30.360346237803743,10.05,0.854
3400,2023-05-22 15:00:00,29.67809126616771,9.97,0.766
3401,2023-05-22 16:00:00,30.70147372362177,9.95,0.598
3402,2023-05-22 17:00:00,32.40711115271186,10.26,0.394
3403,2023-05-22 18:00:00,33.771621095983946,10.29,0.196
3404,2023-05-22 19:00:00,34.11274858180197,10.11,0.04
3405,2023-05-22 20:00:00,33.771621095983946,9.93,0.0
3406,2023-05-22 21:00:00,33.089366124347904,9.35,0.0
3407,2023-05-22 22:00:00,30.70147372362177,9.0,0.0
3408,2023-05-22 23:00:00,31.724856181075825,9.04,0.0
3409,2023-05-23 00:00:00,30.551551452784544,8.29,0.0
3410,2023-05-23 01:00:00,30.551551452784544,7.53,0.0
3411,2023-05-23 02:00:00,29.841050256208163,6.77,0.0
3412,2023-05-23 03:00:00,29.48579965791996,7.02,0.0
3413,2023-05-23 04:00:00,29.841050256208163,7.49,0.0
3414,2023-05-23 05:00:00,29.841050256208163,7.72,0.0
3415,2023-05-23 06:00:00,30.906802051072734,8.66,0.0
3416,2023-05-23 07:00:00,31.97255384593731,8.92,0.036
3417,2023-05-23 08:00:00,33.748806837378275,9.19,0.183
3418,2023-05-23 09:00:00,34.81455863224286,9.23,0.396
3419,2023-05-23 10:00:00,35.16980923053105,8.94,0.589
3420,2023-05-23 11:00:00,34.81455863224286,9.23,0.773
3421,2023-05-23 12:00:00,34.10405743566648,9.6,0.88
3422,2023-05-23 13:00:00,32.6830550425137,9.77,0.918
3423,2023-05-23 14:00:00,31.61730324764912,9.64,0.878
3424,2023-05-23 15:00:00,30.906802051072734,9.77,0.778
3425,2023-05-23 16:00:00,31.97255384593731,9.89,0.619
3426,2023-05-23 17:00:00,33.748806837378275,9.98,0.404
3427,2023-05-23 18:00:00,35.16980923053105,9.38,0.198
3428,2023-05-23 19:00:00,35.52505982881924,8.88,0.041
3429,2023-05-23 20:00:00,35.16980923053105,8.1,0.0
3430,2023-05-23 21:00:00,34.459308033954656,8.17,0.0
3431,2023-05-23 22:00:00,31.97255384593731,8.01,0.0
3432,2023-05-23 23:00:00,33.03830564080189,7.65,0.0
3433,2023-05-24 00:00:00,29.77296961148015,7.37,0.0
3434,2023-05-24 01:00:00,29.77296961148015,7.5,0.0
3435,2023-05-24 02:00:00,29.080574969352703,8.13,0.0
3436,2023-05-24 03:00:00,28.734377648288977,8.57,0.0
3437,2023-05-24 04:00:00,29.080574969352703,8.92,0.0
3438,2023-05-24 05:00:00,29.080574969352703,9.21,0.0
3439,2023-05-24 06:00:00,30.11916693254387,9.77,0.0
3440,2023-05-24 07:00:00,31.15775889573504,9.02,0.038
3441,2023-05-24 08:00:00,32.888745501053656,8.47,0.183
3442,2023-05-24 09:00:00,33.927337464244815,8.95,0.404
3443,2023-05-24 10:00:00,34.27353478530854,9.36,0.6
3444,2023-05-24 11:00:00,33.927337464244815,8.83,0.758
3445,2023-05-24 12:00:00,33.23494282211738,8.49,0.799
3446,2023-05-24 13:00:00,31.85015353786248,8.73,0.838
3447,2023-05-24 14:00:00,30.81156157467132,8.96,0.806
3448,2023-05-24 15:00:00,30.11916693254387,9.01,0.737
3449,2023-05-24 16:00:00,31.15775889573504,8.22,0.587
3450,2023-05-24 17:00:00,32.888745501053656,8.43,0.393
3451,2023-05-24 18:00:00,34.27353478530854,9.19,0.191
3452,2023-05-24 19:00:00,34.61973210637226,9.42,0.041
3453,2023-05-24 20:00:00,34.27353478530854,9.37,0.0
3454,2023-05-24 21:00:00,33.581140143181095,9.02,0.0
3455,2023-05-24 22:00:00,31.15775889573504,8.96,0.0
3456,2023-05-24 23:00:00,32.1963508589262,9.08,0.0
3457,2023-05-25 00:00:00,31.14327365217589,9.15,0.0
3458,2023-05-25 01:00:00,31.14327365217589,9.43,0.0
3459,2023-05-25 02:00:00,30.41901147421831,9.08,0.0
3460,2023-05-25 03:00:00,30.05688038523952,9.24,0.0
3461,2023-05-25 04:00:00,30.41901147421831,9.05,0.0
3462,2023-05-25 05:00:00,30.41901147421831,9.81,0.0
3463,2023-05-25 06:00:00,31.50540474115468,9.99,0.0
3464,2023-05-25 07:00:00,32.59179800809105,9.43,0.031
3465,2023-05-25 08:00:00,34.402453452984986,8.48,0.162
3466,2023-05-25 09:00:00,35.488846719921355,8.4,0.322
3467,2023-05-25 10:00:00,35.85097780890015,7.54,0.518
3468,2023-05-25 11:00:00,35.488846719921355,8.27,0.62
3469,2023-05-25 12:00:00,34.76458454196378,8.67,0.166
3470,2023-05-25 13:00:00,33.316060186048624,9.12,0.455
3471,2023-05-25 14:00:00,32.229666919112255,9.83,0.555
3472,2023-05-25 15:00:00,31.50540474115468,9.9,0.73
3473,2023-05-25 16:00:00,32.59179800809105,10.4,0.616
3474,2023-05-25 17:00:00,34.402453452984986,10.63,0.411
3475,2023-05-25 18:00:00,35.85097780890015,10.19,0.207
3476,2023-05-25 19:00:00,36.21310889787894,10.4,0.042
3477,2023-05-25 20:00:00,35.85097780890015,10.37,0.0
3478,2023-05-25 21:00:00,35.12671563094258,9.57,0.0
3479,2023-05-25 22:00:00,32.59179800809105,9.27,0.0
3480,2023-05-25 23:00:00,33.678191275027416,10.12,0.0
3481,2023-05-26 00:00:00,30.364691810871488,10.01,0.0
3482,2023-05-26 01:00:00,30.364691810871488,9.47,0.0
3483,2023-05-26 02:00:00,29.65853618736285,9.12,0.0
3484,2023-05-26 03:00:00,29.30545837560853,8.9,0.0
3485,2023-05-26 04:00:00,29.65853618736285,9.02,0.0
3486,2023-05-26 05:00:00,29.65853618736285,8.3,0.0
3487,2023-05-26 06:00:00,30.71776962262581,8.42,0.0
3488,2023-05-26 07:00:00,31.777003057888766,8.72,0.039
3489,2023-05-26 08:00:00,33.542392116660366,8.88,0.188
3490,2023-05-26 09:00:00,34.60162555192333,8.51,0.38
3491,2023-05-26 10:00:00,34.954703363677645,8.37,0.566
3492,2023-05-26 11:00:00,34.60162555192333,8.42,0.726
3493,2023-05-26 12:00:00,33.895469928414684,8.29,0.859
3494,2023-05-26 13:00:00,32.483158681397406,8.76,0.887
3495,2023-05-26 14:00:00,31.42392524613445,8.8,0.851
3496,2023-05-26 15:00:00,30.71776962262581,9.01,0.77
3497,2023-05-26 16:00:00,31.777003057888766,8.77,0.595
3498,2023-05-26 17:00:00,33.542392116660366,8.7,0.402
3499,2023-05-26 18:00:00,34.954703363677645,8.52,0.182
3500,2023-05-26 19:00:00,35.30778117543196,8.63,0.039
3501,2023-05-26 20:00:00,34.954703363677645,8.92,0.0
3502,2023-05-26 21:00:00,34.24854774016901,8.79,0.0
3503,2023-05-26 22:00:00,31.777003057888766,8.16,0.0
3504,2023-05-26 23:00:00,32.83623649315173,8.5,0.0
3505,2023-05-27 00:00:00,21.86133237288139,8.52,0.0
3506,2023-05-27 01:00:00,21.86133237288139,9.11,0.0
3507,2023-05-27 02:00:00,21.352929294442287,9.46,0.0
3508,2023-05-27 03:00:00,21.098727755222733,9.49,0.0
3509,2023-05-27 04:00:00,21.352929294442287,9.77,0.0
3510,2023-05-27 05:00:00,21.352929294442287,10.01,0.0
3511,2023-05-27 06:00:00,22.11553391210094,10.34,0.0
3512,2023-05-27 07:00:00,22.87813852975959,10.06,0.038
3513,2023-05-27 08:00:00,24.149146225857347,9.97,0.196
3514,2023-05-27 09:00:00,24.911750843516003,9.89,0.403
3515,2023-05-27 10:00:00,25.165952382735554,9.6,0.606
3516,2023-05-27 11:00:00,24.911750843516003,10.16,0.736
3517,2023-05-27 12:00:00,24.403347765076894,10.16,0.843
3518,2023-05-27 13:00:00,23.38654160819869,9.88,0.88
3519,2023-05-27 14:00:00,22.623936990540045,10.02,0.808
3520,2023-05-27 15:00:00,22.11553391210094,10.3,0.705
3521,2023-05-27 16:00:00,22.87813852975959,10.57,0.535
3522,2023-05-27 17:00:00,24.149146225857347,10.75,0.366
3523,2023-05-27 18:00:00,25.165952382735554,9.79,0.177
3524,2023-05-27 19:00:00,25.4201539219551,9.75,0.04
3525,2023-05-27 20:00:00,25.165952382735554,9.88,0.0
3526,2023-05-27 21:00:00,24.65754930429645,10.05,0.0
3527,2023-05-27 22:00:00,22.87813852975959,10.08,0.0
3528,2023-05-27 23:00:00,23.64074314741824,9.87,0.0
3529,2023-05-28 00:00:00,21.173688890641348,9.36,0.0
3530,2023-05-28 01:00:00,21.173688890641348,9.45,0.0
3531,2023-05-28 02:00:00,20.681277521091545,9.47,0.0
3532,2023-05-28 03:00:00,20.43507183631665,9.73,0.0
3533,2023-05-28 04:00:00,20.681277521091545,9.6,0.0
3534,2023-05-28 05:00:00,20.681277521091545,10.02,0.0
3535,2023-05-28 06:00:00,21.419894575416247,10.65,0.0
3536,2023-05-28 07:00:00,22.158511629740943,11.21,0.039
3537,2023-05-28 08:00:00,23.38954005361544,10.12,0.201
3538,2023-05-28 09:00:00,24.12815710794014,10.75,0.404
3539,2023-05-28 10:00:00,24.374362792715036,10.51,0.589
3540,2023-05-28 11:00:00,24.12815710794014,10.19,0.763
3541,2023-05-28 12:00:00,23.635745738390337,10.4,0.854
3542,2023-05-28 13:00:00,22.65092299929074,10.74,0.895
3543,2023-05-28 14:00:00,21.912305944966043,10.62,0.853
3544,2023-05-28 15:00:00,21.419894575416247,10.29,0.755
3545,2023-05-28 16:00:00,22.158511629740943,10.77,0.559
3546,2023-05-28 17:00:00,23.38954005361544,10.53,0.345
3547,2023-05-28 18:00:00,24.374362792715036,9.61,0.186
3548,2023-05-28 19:00:00,24.620568477489936,9.46,0.044
3549,2023-05-28 20:00:00,24.374362792715036,10.84,0.0
3550,2023-05-28 21:00:00,23.88195142316524,11.5,0.0
3551,2023-05-28 22:00:00,22.158511629740943,12.12,0.0
3552,2023-05-28 23:00:00,22.89712868406564,11.7,0.0
3553,2023-05-29 00:00:00,29.336963780349688,11.49,0.0
3554,2023-05-29 01:00:00,29.336963780349688,11.71,0.0
3555,2023-05-29 02:00:00,28.654708808713647,11.85,0.0
3556,2023-05-29 03:00:00,28.31358132289563,11.46,0.0
3557,2023-05-29 04:00:00,28.654708808713647,10.95,0.0
3558,2023-05-29 05:00:00,28.654708808713647,10.79,0.0
3559,2023-05-29 06:00:00,29.67809126616771,11.16,0.0
3560,2023-05-29 07:00:00,30.70147372362177,10.92,0.04
3561,2023-05-29 08:00:00,32.40711115271186,10.89,0.202
3562,2023-05-29 09:00:00,33.430493610165925,11.5,0.414
3563,2023-05-29 10:00:00,33.771621095983946,11.58,0.613
3564,2023-05-29 11:00:00,33.430493610165925,11.99,0.771
3565,2023-05-29 12:00:00,32.748238638529884,11.95,0.876
3566,2023-05-29 13:00:00,31.383728695257805,11.58,0.912
3567,2023-05-29 14:00:00,30.360346237803743,11.68,0.878
3568,2023-05-29 15:00:00,29.67809126616771,11.83,0.778
3569,2023-05-29 16:00:00,30.70147372362177,11.51,0.62
3570,2023-05-29 17:00:00,32.40711115271186,11.04,0.422
3571,2023-05-29 18:00:00,33.771621095983946,10.63,0.212
3572,2023-05-29 19:00:00,34.11274858180197,10.97,0.045
3573,2023-05-29 20:00:00,33.771621095983946,11.03,0.0
3574,2023-05-29 21:00:00,33.089366124347904,11.51,0.0
3575,2023-05-29 22:00:00,30.70147372362177,11.23,0.0
3576,2023-05-29 23:00:00,31.724856181075825,12.19,0.0
3577,2023-05-30 00:00:00,30.551551452784544,12.28,0.0
3578,2023-05-30 01:00:00,30.551551452784544,11.63,0.0
3579,2023-05-30 02:00:00,29.841050256208163,9.71,0.0
3580,2023-05-30 03:00:00,29.48579965791996,10.51,0.0
3581,2023-05-30 04:00:00,29.841050256208163,11.4,0.0
3582,2023-05-30 05:00:00,29.841050256208163,10.85,0.0
3583,2023-05-30 06:00:00,30.906802051072734,10.68,0.0
3584,2023-05-30 07:00:00,31.97255384593731,9.4,0.031
3585,2023-05-30 08:00:00,33.748806837378275,8.8,0.094
3586,2023-05-30 09:00:00,34.81455863224286,9.95,0.386
3587,2023-05-30 10:00:00,35.16980923053105,11.1,0.61
3588,2023-05-30 11:00:00,34.81455863224286,12.4,0.768
3589,2023-05-30 12:00:00,34.10405743566648,12.87,0.87
3590,2023-05-30 13:00:00,32.6830550425137,13.16,0.908
3591,2023-05-30 14:00:00,31.61730324764912,11.55,0.875
3592,2023-05-30 15:00:00,30.906802051072734,10.34,0.77
3593,2023-05-30 16:00:00,31.97255384593731,10.39,0.572
3594,2023-05-30 17:00:00,33.748806837378275,10.95,0.374
3595,2023-05-30 18:00:00,35.16980923053105,10.24,0.21
3596,2023-05-30 19:00:00,35.52505982881924,10.33,0.045
3597,2023-05-30 20:00:00,35.16980923053105,10.48,0.0
3598,2023-05-30 21:00:00,34.459308033954656,10.87,0.0
3599,2023-05-30 22:00:00,31.97255384593731,10.93,0.0
3600,2023-05-30 23:00:00,33.03830564080189,10.93,0.0
3601,2023-05-31 00:00:00,29.77296961148015,10.41,0.0
3602,2023-05-31 01:00:00,29.77296961148015,9.58,0.0
3603,2023-05-31 02:00:00,29.080574969352703,8.73,0.0
3604,2023-05-31 03:00:00,28.734377648288977,7.95,0.0
3605,2023-05-31 04:00:00,29.080574969352703,8.23,0.0
3606,2023-05-31 05:00:00,29.080574969352703,7.54,0.0
3607,2023-05-31 06:00:00,30.11916693254387,7.98,0.0
3608,2023-05-31 07:00:00,31.15775889573504,8.55,0.04
3609,2023-05-31 08:00:00,32.888745501053656,8.77,0.203
3610,2023-05-31 09:00:00,33.927337464244815,9.08,0.413
3611,2023-05-31 10:00:00,34.27353478530854,10.12,0.612
3612,2023-05-31 11:00:00,33.927337464244815,9.87,0.773
3613,2023-05-31 12:00:00,33.23494282211738,10.44,0.876
3614,2023-05-31 13:00:00,31.85015353786248,10.98,0.91
3615,2023-05-31 14:00:00,30.81156157467132,11.15,0.871
3616,2023-05-31 15:00:00,30.11916693254387,10.95,0.773
3617,2023-05-31 16:00:00,31.15775889573504,11.06,0.615
3618,2023-05-31 17:00:00,32.888745501053656,10.23,0.418
3619,2023-05-31 18:00:00,34.27353478530854,10.07,0.186
3620,2023-05-31 19:00:00,34.61973210637226,9.54,0.045
3621,2023-05-31 20:00:00,34.27353478530854,9.19,0.0
3622,2023-05-31 21:00:00,33.581140143181095,8.1,0.0
3623,2023-05-31 22:00:00,31.15775889573504,7.58,0.0
3624,2023-05-31 23:00:00,32.1963508589262,7.09,0.0
3625,2023-06-01 00:00:00,29.948167175782174,6.07,0.0
3626,2023-06-01 01:00:00,28.46924533994108,6.15,0.0
3627,2023-06-01 02:00:00,29.578436716821905,5.26,0.0
3628,2023-06-01 03:00:00,29.20870625786163,6.26,0.0
3629,2023-06-01 04:00:00,30.31789763474245,6.8,0.0
3630,2023-06-01 05:00:00,31.057358552663,6.11,0.0
3631,2023-06-01 06:00:00,32.16654992954382,6.5,0.0
3632,2023-06-01 07:00:00,33.27574130642464,6.63,0.04
3633,2023-06-01 08:00:00,34.75466314226574,5.89,0.2
3634,2023-06-01 09:00:00,35.12439360122601,7.56,0.406
3635,2023-06-01 10:00:00,34.75466314226574,7.81,0.593
3636,2023-06-01 11:00:00,34.384932683305465,6.8,0.766
3637,2023-06-01 12:00:00,33.64547176538492,7.32,0.867
3638,2023-06-01 13:00:00,32.536280388504096,7.6,0.905
3639,2023-06-01 14:00:00,32.16654992954382,8.07,0.857
3640,2023-06-01 15:00:00,33.64547176538492,8.92,0.774
3641,2023-06-01 16:00:00,35.12439360122601,9.58,0.609
3642,2023-06-01 17:00:00,36.23358497810683,9.44,0.387
3643,2023-06-01 18:00:00,36.97304589602739,9.0,0.21
3644,2023-06-01 19:00:00,35.863854519146564,8.79,0.045
3645,2023-06-01 20:00:00,34.75466314226574,8.37,0.0
3646,2023-06-01 21:00:00,31.057358552663,8.29,0.0
3647,2023-06-01 22:00:00,32.536280388504096,8.1,0.0
3648,2023-06-01 23:00:00,33.64547176538492,7.76,0.0
3649,2023-06-02 00:00:00,29.199462996387627,7.38,0.0
3650,2023-06-02 01:00:00,27.75751420644256,6.82,0.0
3651,2023-06-02 02:00:00,28.838975798901355,7.18,0.0
3652,2023-06-02 03:00:00,28.47848860141509,7.5,0.0
3653,2023-06-02 04:00:00,29.55995019387389,7.37,0.0
3654,2023-06-02 05:00:00,30.280924588846425,7.4,0.0
3655,2023-06-02 06:00:00,31.362386181305222,7.57,0.0
3656,2023-06-02 07:00:00,32.44384777376402,6.94,0.037
3657,2023-06-02 08:00:00,33.885796563709086,6.74,0.169
3658,2023-06-02 09:00:00,34.24628376119536,7.73,0.329
3659,2023-06-02 10:00:00,33.885796563709086,8.12,0.536
3660,2023-06-02 11:00:00,33.52530936622283,7.91,0.742
3661,2023-06-02 12:00:00,32.80433497125029,8.08,0.879
3662,2023-06-02 13:00:00,31.72287337879149,8.26,0.915
3663,2023-06-02 14:00:00,31.362386181305222,8.32,0.881
3664,2023-06-02 15:00:00,32.80433497125029,8.16,0.78
3665,2023-06-02 16:00:00,34.24628376119536,8.04,0.621
3666,2023-06-02 17:00:00,35.327745353654166,7.6,0.425
3667,2023-06-02 18:00:00,36.048719748626695,6.77,0.214
3668,2023-06-02 19:00:00,34.9672581561679,6.36,0.047
3669,2023-06-02 20:00:00,33.885796563709086,6.52,0.0
3670,2023-06-02 21:00:00,30.280924588846425,6.93,0.0
3671,2023-06-02 22:00:00,31.72287337879149,7.56,0.0
3672,2023-06-02 23:00:00,32.80433497125029,7.05,0.0
3673,2023-06-03 00:00:00,21.70792897736571,6.72,0.0
3674,2023-06-03 01:00:00,20.63593248465629,6.32,0.0
3675,2023-06-03 02:00:00,21.43992985418836,6.24,0.0
3676,2023-06-03 03:00:00,21.171930731011003,6.49,0.0
3677,2023-06-03 04:00:00,21.97592810054306,6.35,0.0
3678,2023-06-03 05:00:00,22.51192634689777,6.62,0.0
3679,2023-06-03 06:00:00,23.31592371642984,6.8,0.0
3680,2023-06-03 07:00:00,24.1199210859619,6.94,0.038
3681,2023-06-03 08:00:00,25.191917578671315,7.21,0.193
3682,2023-06-03 09:00:00,25.45991670184867,7.42,0.407
3683,2023-06-03 10:00:00,25.191917578671315,7.83,0.61
3684,2023-06-03 11:00:00,24.923918455493965,7.52,0.762
3685,2023-06-03 12:00:00,24.387920209139256,7.47,0.825
3686,2023-06-03 13:00:00,23.58392283960719,7.22,0.833
3687,2023-06-03 14:00:00,23.31592371642984,6.5,0.867
3688,2023-06-03 15:00:00,24.387920209139256,5.95,0.777
3689,2023-06-03 16:00:00,25.45991670184867,5.81,0.624
3690,2023-06-03 17:00:00,26.263914071380736,5.91,0.429
3691,2023-06-03 18:00:00,26.799912317735444,5.89,0.217
3692,2023-06-03 19:00:00,25.99591494820338,6.21,0.048
3693,2023-06-03 20:00:00,25.191917578671315,6.61,0.0
3694,2023-06-03 21:00:00,22.51192634689777,6.14,0.0
3695,2023-06-03 22:00:00,23.58392283960719,6.02,0.0
3696,2023-06-03 23:00:00,24.387920209139256,5.44,0.0
3697,2023-06-04 00:00:00,21.02511076575788,5.23,0.0
3698,2023-06-04 01:00:00,19.98683369090564,5.37,0.0
3699,2023-06-04 02:00:00,20.76554149704482,5.87,0.0
3700,2023-06-04 03:00:00,20.50597222833176,6.36,0.0
3701,2023-06-04 04:00:00,21.284680034470934,7.06,0.0
3702,2023-06-04 05:00:00,21.803818571897057,7.25,0.0
3703,2023-06-04 06:00:00,22.58252637803624,7.34,0.0
3704,2023-06-04 07:00:00,23.361234184175423,7.15,0.038
3705,2023-06-04 08:00:00,24.399511259027665,6.75,0.179
3706,2023-06-04 09:00:00,24.659080527740723,6.74,0.389
3707,2023-06-04 10:00:00,24.399511259027665,6.52,0.549
3708,2023-06-04 11:00:00,24.1399419903146,6.41,0.769
3709,2023-06-04 12:00:00,23.62080345288848,6.14,0.886
3710,2023-06-04 13:00:00,22.8420956467493,6.23,0.911
3711,2023-06-04 14:00:00,22.58252637803624,5.99,0.89
3712,2023-06-04 15:00:00,23.62080345288848,5.96,0.795
3713,2023-06-04 16:00:00,24.659080527740723,6.05,0.636
3714,2023-06-04 17:00:00,25.4377883338799,5.82,0.434
3715,2023-06-04 18:00:00,25.95692687130602,5.1,0.221
3716,2023-06-04 19:00:00,25.178219065166843,4.55,0.049
3717,2023-06-04 20:00:00,24.399511259027665,4.92,0.0
3718,2023-06-04 21:00:00,21.803818571897057,5.22,0.0
3719,2023-06-04 22:00:00,22.8420956467493,5.93,0.0
3720,2023-06-04 23:00:00,23.62080345288848,6.05,0.0
3721,2023-06-05 00:00:00,28.21117347958681,5.45,0.0
3722,2023-06-05 01:00:00,26.8180291102245,5.36,0.0
3723,2023-06-05 02:00:00,27.86288738724624,5.41,0.0
3724,2023-06-05 03:00:00,27.51460129490566,4.0,0.0
3725,2023-06-05 04:00:00,28.55945957192739,4.14,0.0
3726,2023-06-05 05:00:00,29.256031756608547,5.07,0.0
3727,2023-06-05 06:00:00,30.300890033630285,4.71,0.0
3728,2023-06-05 07:00:00,31.345748310652016,5.02,0.039
3729,2023-06-05 08:00:00,32.738892680014324,4.37,0.135
3730,2023-06-05 09:00:00,33.08717877235491,3.8,0.306
3731,2023-06-05 10:00:00,32.738892680014324,3.91,0.6
3732,2023-06-05 11:00:00,32.39060658767375,4.4,0.764
3733,2023-06-05 12:00:00,31.6940344029926,3.83,0.887
3734,2023-06-05 13:00:00,30.64917612597086,3.2,0.919
3735,2023-06-05 14:00:00,30.300890033630285,3.05,0.878
3736,2023-06-05 15:00:00,31.6940344029926,2.84,0.776
3737,2023-06-05 16:00:00,33.08717877235491,2.28,0.604
3738,2023-06-05 17:00:00,34.13203704937664,1.57,0.428
3739,2023-06-05 18:00:00,34.8286092340578,1.08,0.219
3740,2023-06-05 19:00:00,33.78375095703606,0.36,0.049
3741,2023-06-05 20:00:00,32.738892680014324,0.92,0.0
3742,2023-06-05 21:00:00,29.256031756608547,1.36,0.0
3743,2023-06-05 22:00:00,30.64917612597086,1.03,0.0
3744,2023-06-05 23:00:00,31.6940344029926,2.34,0.0
3745,2023-06-06 00:00:00,29.379151999442318,2.25,0.0
3746,2023-06-06 01:00:00,27.928329678482203,1.63,0.0
3747,2023-06-06 02:00:00,29.01644641920229,1.66,0.0
3748,2023-06-06 03:00:00,28.65374083896226,2.01,0.0
3749,2023-06-06 04:00:00,29.74185757968235,2.14,0.0
3750,2023-06-06 05:00:00,30.4672687401624,1.65,0.0
3751,2023-06-06 06:00:00,31.55538548088249,0.5,0.0
3752,2023-06-06 07:00:00,32.64350222160258,1.3,0.04
3753,2023-06-06 08:00:00,34.09432454256269,2.69,0.197
3754,2023-06-06 09:00:00,34.45703012280271,4.53,0.398
3755,2023-06-06 10:00:00,34.09432454256269,4.8,0.574
3756,2023-06-06 11:00:00,33.73161896232266,3.98,0.755
3757,2023-06-06 12:00:00,33.006207801842606,3.97,0.88
3758,2023-06-06 13:00:00,31.91809106112252,3.53,0.918
3759,2023-06-06 14:00:00,31.55538548088249,3.32,0.883
3760,2023-06-06 15:00:00,33.006207801842606,2.26,0.782
3761,2023-06-06 16:00:00,34.45703012280271,1.41,0.618
3762,2023-06-06 17:00:00,35.5451468635228,2.02,0.424
3763,2023-06-06 18:00:00,36.27055802400287,2.04,0.217
3764,2023-06-06 19:00:00,35.18244128328278,0.94,0.049
3765,2023-06-06 20:00:00,34.09432454256269,0.76,0.0
3766,2023-06-06 21:00:00,30.4672687401624,0.63,0.0
3767,2023-06-06 22:00:00,31.91809106112252,0.45,0.0
3768,2023-06-06 23:00:00,33.006207801842606,0.72,0.0
3769,2023-06-07 00:00:00,28.630447820047763,1.8,0.0
3770,2023-06-07 01:00:00,27.21659854498368,2.86,0.0
3771,2023-06-07 02:00:00,28.276985501281736,3.91,0.0
3772,2023-06-07 03:00:00,27.923523182515723,4.1,0.0
3773,2023-06-07 04:00:00,28.98391013881379,4.12,0.0
3774,2023-06-07 05:00:00,29.690834776345827,4.54,0.0
3775,2023-06-07 06:00:00,30.75122173264389,4.33,0.0
3776,2023-06-07 07:00:00,31.81160868894196,4.95,0.039
3777,2023-06-07 08:00:00,33.22545796400605,4.51,0.197
3778,2023-06-07 09:00:00,33.57892028277207,4.21,0.405
3779,2023-06-07 10:00:00,33.22545796400605,4.25,0.606
3780,2023-06-07 11:00:00,32.87199564524003,4.26,0.767
3781,2023-06-07 12:00:00,32.165071007707986,4.89,0.87
3782,2023-06-07 13:00:00,31.10468405140992,5.01,0.908
3783,2023-06-07 14:00:00,30.75122173264389,4.33,0.874
3784,2023-06-07 15:00:00,32.165071007707986,3.55,0.771
3785,2023-06-07 16:00:00,33.57892028277207,2.77,0.608
3786,2023-06-07 17:00:00,34.639307239070135,2.34,0.423
3787,2023-06-07 18:00:00,35.34623187660218,2.77,0.217
3788,2023-06-07 19:00:00,34.28584492030412,3.85,0.05
3789,2023-06-07 20:00:00,33.22545796400605,5.0,0.0
3790,2023-06-07 21:00:00,29.690834776345827,4.81,0.0
3791,2023-06-07 22:00:00,31.10468405140992,4.12,0.0
3792,2023-06-07 23:00:00,32.165071007707986,3.61,0.0
3793,2023-06-08 00:00:00,29.948167175782174,3.47,0.0
3794,2023-06-08 01:00:00,28.46924533994108,3.52,0.0
3795,2023-06-08 02:00:00,29.578436716821905,3.42,0.0
3796,2023-06-08 03:00:00,29.20870625786163,3.69,0.0
3797,2023-06-08 04:00:00,30.31789763474245,4.06,0.0
3798,2023-06-08 05:00:00,31.057358552663,4.74,0.0
3799,2023-06-08 06:00:00,32.16654992954382,5.81,0.0
3800,2023-06-08 07:00:00,33.27574130642464,7.12,0.037
3801,2023-06-08 08:00:00,34.75466314226574,6.85,0.18
3802,2023-06-08 09:00:00,35.12439360122601,7.2,0.381
3803,2023-06-08 10:00:00,34.75466314226574,7.62,0.589
3804,2023-06-08 11:00:00,34.384932683305465,6.84,0.757
3805,2023-06-08 12:00:00,33.64547176538492,5.37,0.872
3806,2023-06-08 13:00:00,32.536280388504096,5.16,0.909
3807,2023-06-08 14:00:00,32.16654992954382,5.1,0.872
3808,2023-06-08 15:00:00,33.64547176538492,5.11,0.771
3809,2023-06-08 16:00:00,35.12439360122601,4.8,0.612
3810,2023-06-08 17:00:00,36.23358497810683,4.67,0.414
3811,2023-06-08 18:00:00,36.97304589602739,4.55,0.214
3812,2023-06-08 19:00:00,35.863854519146564,4.31,0.048
3813,2023-06-08 20:00:00,34.75466314226574,4.28,0.0
3814,2023-06-08 21:00:00,31.057358552663,4.08,0.0
3815,2023-06-08 22:00:00,32.536280388504096,4.05,0.0
3816,2023-06-08 23:00:00,33.64547176538492,4.1,0.0
3817,2023-06-09 00:00:00,29.199462996387627,3.5,0.0
3818,2023-06-09 01:00:00,27.75751420644256,3.51,0.0
3819,2023-06-09 02:00:00,28.838975798901355,4.02,0.0
3820,2023-06-09 03:00:00,28.47848860141509,4.83,0.0
3821,2023-06-09 04:00:00,29.55995019387389,4.8,0.0
3822,2023-06-09 05:00:00,30.280924588846425,5.01,0.0
3823,2023-06-09 06:00:00,31.362386181305222,5.53,0.0
3824,2023-06-09 07:00:00,32.44384777376402,5.7,0.029
3825,2023-06-09 08:00:00,33.885796563709086,5.32,0.168
3826,2023-06-09 09:00:00,34.24628376119536,5.55,0.369
3827,2023-06-09 10:00:00,33.885796563709086,5.61,0.572
3828,2023-06-09 11:00:00,33.52530936622283,5.39,0.759
3829,2023-06-09 12:00:00,32.80433497125029,5.02,0.866
3830,2023-06-09 13:00:00,31.72287337879149,4.09,0.906
3831,2023-06-09 14:00:00,31.362386181305222,4.2,0.874
3832,2023-06-09 15:00:00,32.80433497125029,5.1,0.781
3833,2023-06-09 16:00:00,34.24628376119536,6.26,0.61
3834,2023-06-09 17:00:00,35.327745353654166,6.53,0.416
3835,2023-06-09 18:00:00,36.048719748626695,6.43,0.22
3836,2023-06-09 19:00:00,34.9672581561679,6.72,0.051
3837,2023-06-09 20:00:00,33.885796563709086,6.9,0.0
3838,2023-06-09 21:00:00,30.280924588846425,6.8,0.0
3839,2023-06-09 22:00:00,31.72287337879149,6.7,0.0
3840,2023-06-09 23:00:00,32.80433497125029,7.21,0.0
3841,2023-06-10 00:00:00,21.70792897736571,7.01,0.0
3842,2023-06-10 01:00:00,20.63593248465629,7.3,0.0
3843,2023-06-10 02:00:00,21.43992985418836,7.41,0.0
3844,2023-06-10 03:00:00,21.171930731011003,7.21,0.0
3845,2023-06-10 04:00:00,21.97592810054306,6.9,0.0
3846,2023-06-10 05:00:00,22.51192634689777,6.6,0.0
3847,2023-06-10 06:00:00,23.31592371642984,6.71,0.0
3848,2023-06-10 07:00:00,24.1199210859619,7.02,0.038
3849,2023-06-10 08:00:00,25.191917578671315,6.33,0.194
3850,2023-06-10 09:00:00,25.45991670184867,6.28,0.402
3851,2023-06-10 10:00:00,25.191917578671315,6.84,0.604
3852,2023-06-10 11:00:00,24.923918455493965,5.63,0.769
3853,2023-06-10 12:00:00,24.387920209139256,6.36,0.864
3854,2023-06-10 13:00:00,23.58392283960719,7.27,0.91
3855,2023-06-10 14:00:00,23.31592371642984,7.49,0.877
3856,2023-06-10 15:00:00,24.387920209139256,7.4,0.779
3857,2023-06-10 16:00:00,25.45991670184867,7.86,0.624
3858,2023-06-10 17:00:00,26.263914071380736,7.95,0.426
3859,2023-06-10 18:00:00,26.799912317735444,7.82,0.219
3860,2023-06-10 19:00:00,25.99591494820338,7.9,0.051
3861,2023-06-10 20:00:00,25.191917578671315,8.2,0.0
3862,2023-06-10 21:00:00,22.51192634689777,8.7,0.0
3863,2023-06-10 22:00:00,23.58392283960719,9.22,0.0
3864,2023-06-10 23:00:00,24.387920209139256,9.0,0.0
3865,2023-06-11 00:00:00,21.02511076575788,9.04,0.0
3866,2023-06-11 01:00:00,19.98683369090564,8.71,0.0
3867,2023-06-11 02:00:00,20.76554149704482,8.7,0.0
3868,2023-06-11 03:00:00,20.50597222833176,8.21,0.0
3869,2023-06-11 04:00:00,21.284680034470934,8.81,0.0
3870,2023-06-11 05:00:00,21.803818571897057,8.94,0.0
3871,2023-06-11 06:00:00,22.58252637803624,8.8,0.0
3872,2023-06-11 07:00:00,23.361234184175423,8.67,0.038
3873,2023-06-11 08:00:00,24.399511259027665,7.82,0.195
3874,2023-06-11 09:00:00,24.659080527740723,7.37,0.402
3875,2023-06-11 10:00:00,24.399511259027665,7.71,0.602
3876,2023-06-11 11:00:00,24.1399419903146,8.59,0.761
3877,2023-06-11 12:00:00,23.62080345288848,8.42,0.865
3878,2023-06-11 13:00:00,22.8420956467493,9.1,0.9
3879,2023-06-11 14:00:00,22.58252637803624,9.75,0.872
3880,2023-06-11 15:00:00,23.62080345288848,9.79,0.775
3881,2023-06-11 16:00:00,24.659080527740723,9.79,0.62
3882,2023-06-11 17:00:00,25.4377883338799,9.65,0.426
3883,2023-06-11 18:00:00,25.95692687130602,8.81,0.22
3884,2023-06-11 19:00:00,25.178219065166843,8.9,0.052
3885,2023-06-11 20:00:00,24.399511259027665,9.71,0.0
3886,2023-06-11 21:00:00,21.803818571897057,9.19,0.0
3887,2023-06-11 22:00:00,22.8420956467493,9.25,0.0
3888,2023-06-11 23:00:00,23.62080345288848,9.82,0.0
3889,2023-06-12 00:00:00,28.21117347958681,11.23,0.0
3890,2023-06-12 01:00:00,26.8180291102245,11.58,0.0
3891,2023-06-12 02:00:00,27.86288738724624,12.15,0.0
3892,2023-06-12 03:00:00,27.51460129490566,11.67,0.0
3893,2023-06-12 04:00:00,28.55945957192739,11.71,0.0
3894,2023-06-12 05:00:00,29.256031756608547,11.82,0.0
3895,2023-06-12 06:00:00,30.300890033630285,10.75,0.0
3896,2023-06-12 07:00:00,31.345748310652016,8.67,0.037
3897,2023-06-12 08:00:00,32.738892680014324,8.14,0.195
3898,2023-06-12 09:00:00,33.08717877235491,8.32,0.4
3899,2023-06-12 10:00:00,32.738892680014324,9.26,0.596
3900,2023-06-12 11:00:00,32.39060658767375,9.9,0.759
3901,2023-06-12 12:00:00,31.6940344029926,9.61,0.867
3902,2023-06-12 13:00:00,30.64917612597086,9.08,0.904
3903,2023-06-12 14:00:00,30.300890033630285,8.79,0.862
3904,2023-06-12 15:00:00,31.6940344029926,8.23,0.777
3905,2023-06-12 16:00:00,33.08717877235491,7.67,0.615
3906,2023-06-12 17:00:00,34.13203704937664,7.69,0.417
3907,2023-06-12 18:00:00,34.8286092340578,7.52,0.22
3908,2023-06-12 19:00:00,33.78375095703606,7.11,0.052
3909,2023-06-12 20:00:00,32.738892680014324,6.62,0.0
3910,2023-06-12 21:00:00,29.256031756608547,6.74,0.0
3911,2023-06-12 22:00:00,30.64917612597086,7.45,0.0
3912,2023-06-12 23:00:00,31.6940344029926,8.75,0.0
3913,2023-06-13 00:00:00,29.379151999442318,8.34,0.0
3914,2023-06-13 01:00:00,27.928329678482203,7.96,0.0
3915,2023-06-13 02:00:00,29.01644641920229,8.26,0.0
3916,2023-06-13 03:00:00,28.65374083896226,9.12,0.0
3917,2023-06-13 04:00:00,29.74185757968235,9.36,0.0
3918,2023-06-13 05:00:00,30.4672687401624,9.14,0.0
3919,2023-06-13 06:00:00,31.55538548088249,8.65,0.0
3920,2023-06-13 07:00:00,32.64350222160258,8.77,0.034
3921,2023-06-13 08:00:00,34.09432454256269,7.87,0.18
3922,2023-06-13 09:00:00,34.45703012280271,7.65,0.361
3923,2023-06-13 10:00:00,34.09432454256269,8.25,0.502
3924,2023-06-13 11:00:00,33.73161896232266,8.1,0.747
3925,2023-06-13 12:00:00,33.006207801842606,8.23,0.86
3926,2023-06-13 13:00:00,31.91809106112252,8.93,0.902
3927,2023-06-13 14:00:00,31.55538548088249,8.46,0.787
3928,2023-06-13 15:00:00,33.006207801842606,8.3,0.551
3929,2023-06-13 16:00:00,34.45703012280271,8.0,0.596
3930,2023-06-13 17:00:00,35.5451468635228,7.71,0.428
3931,2023-06-13 18:00:00,36.27055802400287,6.55,0.217
3932,2023-06-13 19:00:00,35.18244128328278,6.54,0.052
3933,2023-06-13 20:00:00,34.09432454256269,7.0,0.0
3934,2023-06-13 21:00:00,30.4672687401624,6.3,0.0
3935,2023-06-13 22:00:00,31.91809106112252,6.56,0.0
3936,2023-06-13 23:00:00,33.006207801842606,5.7,0.0
3937,2023-06-14 00:00:00,28.630447820047763,6.43,0.0
3938,2023-06-14 01:00:00,27.21659854498368,7.17,0.0
3939,2023-06-14 02:00:00,28.276985501281736,7.09,0.0
3940,2023-06-14 03:00:00,27.923523182515723,7.57,0.0
3941,2023-06-14 04:00:00,28.98391013881379,7.91,0.0
3942,2023-06-14 05:00:00,29.690834776345827,7.19,0.0
3943,2023-06-14 06:00:00,30.75122173264389,7.89,0.0
3944,2023-06-14 07:00:00,31.81160868894196,7.65,0.029
3945,2023-06-14 08:00:00,33.22545796400605,8.18,0.154
3946,2023-06-14 09:00:00,33.57892028277207,7.96,0.341
3947,2023-06-14 10:00:00,33.22545796400605,7.47,0.536
3948,2023-06-14 11:00:00,32.87199564524003,8.05,0.654
3949,2023-06-14 12:00:00,32.165071007707986,8.05,0.85
3950,2023-06-14 13:00:00,31.10468405140992,8.13,0.87
3951,2023-06-14 14:00:00,30.75122173264389,7.56,0.849
3952,2023-06-14 15:00:00,32.165071007707986,7.49,0.751
3953,2023-06-14 16:00:00,33.57892028277207,7.82,0.569
3954,2023-06-14 17:00:00,34.639307239070135,7.77,0.416
3955,2023-06-14 18:00:00,35.34623187660218,7.12,0.22
3956,2023-06-14 19:00:00,34.28584492030412,6.87,0.052
3957,2023-06-14 20:00:00,33.22545796400605,6.33,0.0
3958,2023-06-14 21:00:00,29.690834776345827,5.84,0.0
3959,2023-06-14 22:00:00,31.10468405140992,6.06,0.0
3960,2023-06-14 23:00:00,32.165071007707986,4.57,0.0
3961,2023-06-15 00:00:00,29.948167175782174,4.84,0.0
3962,2023-06-15 01:00:00,28.46924533994108,5.07,0.0
3963,2023-06-15 02:00:00,29.578436716821905,5.32,0.0
3964,2023-06-15 03:00:00,29.20870625786163,5.77,0.0
3965,2023-06-15 04:00:00,30.31789763474245,6.14,0.0
3966,2023-06-15 05:00:00,31.057358552663,6.53,0.0
3967,2023-06-15 06:00:00,32.16654992954382,7.28,0.0
3968,2023-06-15 07:00:00,33.27574130642464,7.49,0.036
3969,2023-06-15 08:00:00,34.75466314226574,7.48,0.191
3970,2023-06-15 09:00:00,35.12439360122601,7.43,0.395
3971,2023-06-15 10:00:00,34.75466314226574,7.29,0.581
3972,2023-06-15 11:00:00,34.384932683305465,7.21,0.739
3973,2023-06-15 12:00:00,33.64547176538492,7.47,0.831
3974,2023-06-15 13:00:00,32.536280388504096,7.6,0.856
3975,2023-06-15 14:00:00,32.16654992954382,7.5,0.833
3976,2023-06-15 15:00:00,33.64547176538492,7.5,0.748
3977,2023-06-15 16:00:00,35.12439360122601,7.28,0.611
3978,2023-06-15 17:00:00,36.23358497810683,6.63,0.421
3979,2023-06-15 18:00:00,36.97304589602739,6.2,0.217
3980,2023-06-15 19:00:00,35.863854519146564,6.04,0.052
3981,2023-06-15 20:00:00,34.75466314226574,6.16,0.0
3982,2023-06-15 21:00:00,31.057358552663,5.51,0.0
3983,2023-06-15 22:00:00,32.536280388504096,5.66,0.0
3984,2023-06-15 23:00:00,33.64547176538492,7.08,0.0
3985,2023-06-16 00:00:00,29.199462996387627,6.55,0.0
3986,2023-06-16 01:00:00,27.75751420644256,5.63,0.0
3987,2023-06-16 02:00:00,28.838975798901355,5.48,0.0
3988,2023-06-16 03:00:00,28.47848860141509,5.54,0.0
3989,2023-06-16 04:00:00,29.55995019387389,5.89,0.0
3990,2023-06-16 05:00:00,30.280924588846425,5.91,0.0
3991,2023-06-16 06:00:00,31.362386181305222,5.99,0.0
3992,2023-06-16 07:00:00,32.44384777376402,6.22,0.035
3993,2023-06-16 08:00:00,33.885796563709086,6.28,0.182
3994,2023-06-16 09:00:00,34.24628376119536,6.43,0.389
3995,2023-06-16 10:00:00,33.885796563709086,6.65,0.581
3996,2023-06-16 11:00:00,33.52530936622283,7.12,0.744
3997,2023-06-16 12:00:00,32.80433497125029,6.93,0.748
3998,2023-06-16 13:00:00,31.72287337879149,6.43,0.871
3999,2023-06-16 14:00:00,31.362386181305222,6.1,0.843
4000,2023-06-16 15:00:00,32.80433497125029,5.92,0.763
4001,2023-06-16 16:00:00,34.24628376119536,6.53,0.612
4002,2023-06-16 17:00:00,35.327745353654166,6.89,0.422
4003,2023-06-16 18:00:00,36.048719748626695,6.34,0.218
4004,2023-06-16 19:00:00,34.9672581561679,6.14,0.053
4005,2023-06-16 20:00:00,33.885796563709086,6.41,0.0
4006,2023-06-16 21:00:00,30.280924588846425,5.94,0.0
4007,2023-06-16 22:00:00,31.72287337879149,5.82,0.0
4008,2023-06-16 23:00:00,32.80433497125029,5.94,0.0
4009,2023-06-17 00:00:00,21.70792897736571,5.36,0.0
4010,2023-06-17 01:00:00,20.63593248465629,4.49,0.0
4011,2023-06-17 02:00:00,21.43992985418836,4.15,0.0
4012,2023-06-17 03:00:00,21.171930731011003,3.73,0.0
4013,2023-06-17 04:00:00,21.97592810054306,3.5,0.0
4014,2023-06-17 05:00:00,22.51192634689777,3.9,0.0
4015,2023-06-17 06:00:00,23.31592371642984,4.5,0.0
4016,2023-06-17 07:00:00,24.1199210859619,4.9,0.034
4017,2023-06-17 08:00:00,25.191917578671315,4.6,0.176
4018,2023-06-17 09:00:00,25.45991670184867,4.81,0.354
4019,2023-06-17 10:00:00,25.191917578671315,5.12,0.522
4020,2023-06-17 11:00:00,24.923918455493965,5.83,0.652
4021,2023-06-17 12:00:00,24.387920209139256,5.35,0.767
4022,2023-06-17 13:00:00,23.58392283960719,5.2,0.823
4023,2023-06-17 14:00:00,23.31592371642984,5.78,0.837
4024,2023-06-17 15:00:00,24.387920209139256,5.82,0.737
4025,2023-06-17 16:00:00,25.45991670184867,5.66,0.559
4026,2023-06-17 17:00:00,26.263914071380736,4.59,0.38
4027,2023-06-17 18:00:00,26.799912317735444,4.22,0.201
4028,2023-06-17 19:00:00,25.99591494820338,4.57,0.052
4029,2023-06-17 20:00:00,25.191917578671315,5.22,0.0
4030,2023-06-17 21:00:00,22.51192634689777,6.13,0.0
4031,2023-06-17 22:00:00,23.58392283960719,5.8,0.0
4032,2023-06-17 23:00:00,24.387920209139256,4.41,0.0
4033,2023-06-18 00:00:00,21.02511076575788,3.94,0.0
4034,2023-06-18 01:00:00,19.98683369090564,3.54,0.0
4035,2023-06-18 02:00:00,20.76554149704482,2.77,0.0
4036,2023-06-18 03:00:00,20.50597222833176,2.83,0.0
4037,2023-06-18 04:00:00,21.284680034470934,5.41,0.0
4038,2023-06-18 05:00:00,21.803818571897057,7.02,0.0
4039,2023-06-18 06:00:00,22.58252637803624,6.31,0.0
4040,2023-06-18 07:00:00,23.361234184175423,7.1,0.036
4041,2023-06-18 08:00:00,24.399511259027665,6.71,0.189
4042,2023-06-18 09:00:00,24.659080527740723,6.56,0.395
4043,2023-06-18 10:00:00,24.399511259027665,6.51,0.587
4044,2023-06-18 11:00:00,24.1399419903146,2.73,0.747
4045,2023-06-18 12:00:00,23.62080345288848,2.06,0.857
4046,2023-06-18 13:00:00,22.8420956467493,3.22,0.901
4047,2023-06-18 14:00:00,22.58252637803624,3.2,0.873
4048,2023-06-18 15:00:00,23.62080345288848,3.49,0.781
4049,2023-06-18 16:00:00,24.659080527740723,4.02,0.624
4050,2023-06-18 17:00:00,25.4377883338799,4.55,0.428
4051,2023-06-18 18:00:00,25.95692687130602,4.41,0.223
4052,2023-06-18 19:00:00,25.178219065166843,4.72,0.055
4053,2023-06-18 20:00:00,24.399511259027665,5.21,0.0
4054,2023-06-18 21:00:00,21.803818571897057,5.53,0.0
4055,2023-06-18 22:00:00,22.8420956467493,6.14,0.0
4056,2023-06-18 23:00:00,23.62080345288848,6.7,0.0
4057,2023-06-19 00:00:00,28.21117347958681,6.73,0.0
4058,2023-06-19 01:00:00,26.8180291102245,6.46,0.0
4059,2023-06-19 02:00:00,27.86288738724624,6.45,0.0
4060,2023-06-19 03:00:00,27.51460129490566,7.16,0.0
4061,2023-06-19 04:00:00,28.55945957192739,8.37,0.0
4062,2023-06-19 05:00:00,29.256031756608547,8.79,0.0
4063,2023-06-19 06:00:00,30.300890033630285,8.49,0.0
4064,2023-06-19 07:00:00,31.345748310652016,8.9,0.036
4065,2023-06-19 08:00:00,32.738892680014324,8.44,0.19
4066,2023-06-19 09:00:00,33.08717877235491,8.61,0.397
4067,2023-06-19 10:00:00,32.738892680014324,8.49,0.598
4068,2023-06-19 11:00:00,32.39060658767375,7.17,0.757
4069,2023-06-19 12:00:00,31.6940344029926,7.69,0.847
4070,2023-06-19 13:00:00,30.64917612597086,7.51,0.832
4071,2023-06-19 14:00:00,30.300890033630285,6.81,0.819
4072,2023-06-19 15:00:00,31.6940344029926,5.91,0.757
4073,2023-06-19 16:00:00,33.08717877235491,5.25,0.612
4074,2023-06-19 17:00:00,34.13203704937664,4.98,0.417
4075,2023-06-19 18:00:00,34.8286092340578,4.88,0.207
4076,2023-06-19 19:00:00,33.78375095703606,4.44,0.05
4077,2023-06-19 20:00:00,32.738892680014324,4.07,0.0
4078,2023-06-19 21:00:00,29.256031756608547,3.52,0.0
4079,2023-06-19 22:00:00,30.64917612597086,3.11,0.0
4080,2023-06-19 23:00:00,31.6940344029926,2.43,0.0
4081,2023-06-20 00:00:00,29.379151999442318,2.82,0.0
4082,2023-06-20 01:00:00,27.928329678482203,2.83,0.0
4083,2023-06-20 02:00:00,29.01644641920229,3.18,0.0
4084,2023-06-20 03:00:00,28.65374083896226,3.6,0.0
4085,2023-06-20 04:00:00,29.74185757968235,3.9,0.0
4086,2023-06-20 05:00:00,30.4672687401624,4.0,0.0
4087,2023-06-20 06:00:00,31.55538548088249,4.1,0.0
4088,2023-06-20 07:00:00,32.64350222160258,5.23,0.035
4089,2023-06-20 08:00:00,34.09432454256269,6.55,0.18
4090,2023-06-20 09:00:00,34.45703012280271,7.3,0.359
4091,2023-06-20 10:00:00,34.09432454256269,6.89,0.551
4092,2023-06-20 11:00:00,33.73161896232266,5.78,0.717
4093,2023-06-20 12:00:00,33.006207801842606,5.49,0.841
4094,2023-06-20 13:00:00,31.91809106112252,5.75,0.874
4095,2023-06-20 14:00:00,31.55538548088249,5.65,0.853
4096,2023-06-20 15:00:00,33.006207801842606,5.31,0.762
4097,2023-06-20 16:00:00,34.45703012280271,5.09,0.612
4098,2023-06-20 17:00:00,35.5451468635228,5.19,0.423
4099,2023-06-20 18:00:00,36.27055802400287,6.11,0.221
4100,2023-06-20 19:00:00,35.18244128328278,6.41,0.055
4101,2023-06-20 20:00:00,34.09432454256269,6.79,0.0
4102,2023-06-20 21:00:00,30.4672687401624,6.36,0.0
4103,2023-06-20 22:00:00,31.91809106112252,6.38,0.0
4104,2023-06-20 23:00:00,33.006207801842606,5.85,0.0
4105,2023-06-21 00:00:00,28.630447820047763,5.37,0.0
4106,2023-06-21 01:00:00,27.21659854498368,5.28,0.0
4107,2023-06-21 02:00:00,28.276985501281736,5.37,0.0
4108,2023-06-21 03:00:00,27.923523182515723,5.44,0.0
4109,2023-06-21 04:00:00,28.98391013881379,5.57,0.0
4110,2023-06-21 05:00:00,29.690834776345827,6.07,0.0
4111,2023-06-21 06:00:00,30.75122173264389,6.08,0.0
4112,2023-06-21 07:00:00,31.81160868894196,6.14,0.035
4113,2023-06-21 08:00:00,33.22545796400605,6.36,0.186
4114,2023-06-21 09:00:00,33.57892028277207,7.83,0.393
4115,2023-06-21 10:00:00,33.22545796400605,8.01,0.583
4116,2023-06-21 11:00:00,32.87199564524003,7.78,0.752
4117,2023-06-21 12:00:00,32.165071007707986,7.56,0.859
4118,2023-06-21 13:00:00,31.10468405140992,7.69,0.885
4119,2023-06-21 14:00:00,30.75122173264389,7.81,0.872
4120,2023-06-21 15:00:00,32.165071007707986,7.82,0.778
4121,2023-06-21 16:00:00,33.57892028277207,7.41,0.624
4122,2023-06-21 17:00:00,34.639307239070135,6.66,0.433
4123,2023-06-21 18:00:00,35.34623187660218,6.3,0.228
4124,2023-06-21 19:00:00,34.28584492030412,5.72,0.056
4125,2023-06-21 20:00:00,33.22545796400605,5.9,0.0
4126,2023-06-21 21:00:00,29.690834776345827,5.59,0.0
4127,2023-06-21 22:00:00,31.10468405140992,5.66,0.0
4128,2023-06-21 23:00:00,32.165071007707986,4.82,0.0
4129,2023-06-22 00:00:00,29.948167175782174,5.21,0.0
4130,2023-06-22 01:00:00,28.46924533994108,4.85,0.0
4131,2023-06-22 02:00:00,29.578436716821905,5.25,0.0
4132,2023-06-22 03:00:00,29.20870625786163,5.41,0.0
4133,2023-06-22 04:00:00,30.31789763474245,6.1,0.0
4134,2023-06-22 05:00:00,31.057358552663,6.11,0.0
4135,2023-06-22 06:00:00,32.16654992954382,6.35,0.0
4136,2023-06-22 07:00:00,33.27574130642464,7.38,0.032
4137,2023-06-22 08:00:00,34.75466314226574,7.88,0.176
4138,2023-06-22 09:00:00,35.12439360122601,7.65,0.393
4139,2023-06-22 10:00:00,34.75466314226574,8.89,0.59
4140,2023-06-22 11:00:00,34.384932683305465,8.27,0.731
4141,2023-06-22 12:00:00,33.64547176538492,7.22,0.865
4142,2023-06-22 13:00:00,32.536280388504096,6.43,0.908
4143,2023-06-22 14:00:00,32.16654992954382,6.96,0.873
4144,2023-06-22 15:00:00,33.64547176538492,8.54,0.777
4145,2023-06-22 16:00:00,35.12439360122601,8.86,0.624
4146,2023-06-22 17:00:00,36.23358497810683,8.03,0.43
4147,2023-06-22 18:00:00,36.97304589602739,8.11,0.225
4148,2023-06-22 19:00:00,35.863854519146564,8.2,0.057
4149,2023-06-22 20:00:00,34.75466314226574,8.91,0.0
4150,2023-06-22 21:00:00,31.057358552663,9.79,0.0
4151,2023-06-22 22:00:00,32.536280388504096,10.49,0.0
4152,2023-06-22 23:00:00,33.64547176538492,9.9,0.0
4153,2023-06-23 00:00:00,29.199462996387627,9.87,0.0
4154,2023-06-23 01:00:00,27.75751420644256,8.73,0.0
4155,2023-06-23 02:00:00,28.838975798901355,7.69,0.0
4156,2023-06-23 03:00:00,28.47848860141509,7.27,0.0
4157,2023-06-23 04:00:00,29.55995019387389,7.02,0.0
4158,2023-06-23 05:00:00,30.280924588846425,6.85,0.0
4159,2023-06-23 06:00:00,31.362386181305222,6.48,0.0
4160,2023-06-23 07:00:00,32.44384777376402,5.59,0.031
4161,2023-06-23 08:00:00,33.885796563709086,5.28,0.161
4162,2023-06-23 09:00:00,34.24628376119536,5.24,0.344
4163,2023-06-23 10:00:00,33.885796563709086,4.74,0.562
4164,2023-06-23 11:00:00,33.52530936622283,4.72,0.726
4165,2023-06-23 12:00:00,32.80433497125029,5.44,0.845
4166,2023-06-23 13:00:00,31.72287337879149,5.27,0.876
4167,2023-06-23 14:00:00,31.362386181305222,4.88,0.835
4168,2023-06-23 15:00:00,32.80433497125029,4.65,0.716
4169,2023-06-23 16:00:00,34.24628376119536,4.44,0.572
4170,2023-06-23 17:00:00,35.327745353654166,3.76,0.38
4171,2023-06-23 18:00:00,36.048719748626695,3.32,0.187
4172,2023-06-23 19:00:00,34.9672581561679,4.46,0.047
4173,2023-06-23 20:00:00,33.885796563709086,4.03,0.0
4174,2023-06-23 21:00:00,30.280924588846425,3.83,0.0
4175,2023-06-23 22:00:00,31.72287337879149,4.18,0.0
4176,2023-06-23 23:00:00,32.80433497125029,6.45,0.0
4177,2023-06-24 00:00:00,21.70792897736571,5.87,0.0
4178,2023-06-24 01:00:00,20.63593248465629,5.2,0.0
4179,2023-06-24 02:00:00,21.43992985418836,5.11,0.0
4180,2023-06-24 03:00:00,21.171930731011003,5.17,0.0
4181,2023-06-24 04:00:00,21.97592810054306,5.08,0.0
4182,2023-06-24 05:00:00,22.51192634689777,5.22,0.0
4183,2023-06-24 06:00:00,23.31592371642984,6.12,0.0
4184,2023-06-24 07:00:00,24.1199210859619,7.34,0.033
4185,2023-06-24 08:00:00,25.191917578671315,7.08,0.172
4186,2023-06-24 09:00:00,25.45991670184867,6.92,0.377
4187,2023-06-24 10:00:00,25.191917578671315,7.53,0.582
4188,2023-06-24 11:00:00,24.923918455493965,6.77,0.744
4189,2023-06-24 12:00:00,24.387920209139256,6.61,0.865
4190,2023-06-24 13:00:00,23.58392283960719,6.72,0.906
4191,2023-06-24 14:00:00,23.31592371642984,6.77,0.883
4192,2023-06-24 15:00:00,24.387920209139256,7.51,0.786
4193,2023-06-24 16:00:00,25.45991670184867,8.47,0.631
4194,2023-06-24 17:00:00,26.263914071380736,9.44,0.439
4195,2023-06-24 18:00:00,26.799912317735444,10.56,0.231
4196,2023-06-24 19:00:00,25.99591494820338,10.8,0.058
4197,2023-06-24 20:00:00,25.191917578671315,10.52,0.0
4198,2023-06-24 21:00:00,22.51192634689777,9.22,0.0
4199,2023-06-24 22:00:00,23.58392283960719,8.34,0.0
4200,2023-06-24 23:00:00,24.387920209139256,9.06,0.0
4201,2023-06-25 00:00:00,21.02511076575788,8.37,0.0
4202,2023-06-25 01:00:00,19.98683369090564,7.4,0.0
4203,2023-06-25 02:00:00,20.76554149704482,7.24,0.0
4204,2023-06-25 03:00:00,20.50597222833176,7.12,0.0
4205,2023-06-25 04:00:00,21.284680034470934,6.99,0.0
4206,2023-06-25 05:00:00,21.803818571897057,6.91,0.0
4207,2023-06-25 06:00:00,22.58252637803624,7.16,0.0
4208,2023-06-25 07:00:00,23.361234184175423,7.91,0.03
4209,2023-06-25 08:00:00,24.399511259027665,8.82,0.166
4210,2023-06-25 09:00:00,24.659080527740723,8.29,0.388
4211,2023-06-25 10:00:00,24.399511259027665,8.13,0.586
4212,2023-06-25 11:00:00,24.1399419903146,7.94,0.741
4213,2023-06-25 12:00:00,23.62080345288848,7.88,0.851
4214,2023-06-25 13:00:00,22.8420956467493,7.81,0.899
4215,2023-06-25 14:00:00,22.58252637803624,7.94,0.86
4216,2023-06-25 15:00:00,23.62080345288848,8.06,0.776
4217,2023-06-25 16:00:00,24.659080527740723,7.69,0.617
4218,2023-06-25 17:00:00,25.4377883338799,8.06,0.434
4219,2023-06-25 18:00:00,25.95692687130602,8.68,0.215
4220,2023-06-25 19:00:00,25.178219065166843,8.56,0.057
4221,2023-06-25 20:00:00,24.399511259027665,8.76,0.0
4222,2023-06-25 21:00:00,21.803818571897057,8.63,0.0
4223,2023-06-25 22:00:00,22.8420956467493,8.42,0.0
4224,2023-06-25 23:00:00,23.62080345288848,8.74,0.0
4225,2023-06-26 00:00:00,28.21117347958681,8.1,0.0
4226,2023-06-26 01:00:00,26.8180291102245,7.84,0.0
4227,2023-06-26 02:00:00,27.86288738724624,7.27,0.0
4228,2023-06-26 03:00:00,27.51460129490566,7.17,0.0
4229,2023-06-26 04:00:00,28.55945957192739,7.24,0.0
4230,2023-06-26 05:00:00,29.256031756608547,7.13,0.0
4231,2023-06-26 06:00:00,30.300890033630285,6.98,0.0
4232,2023-06-26 07:00:00,31.345748310652016,6.84,0.032
4233,2023-06-26 08:00:00,32.738892680014324,6.66,0.172
4234,2023-06-26 09:00:00,33.08717877235491,7.07,0.376
4235,2023-06-26 10:00:00,32.738892680014324,6.89,0.558
4236,2023-06-26 11:00:00,32.39060658767375,7.18,0.708
4237,2023-06-26 12:00:00,31.6940344029926,7.21,0.84
4238,2023-06-26 13:00:00,30.64917612597086,7.78,0.858
4239,2023-06-26 14:00:00,30.300890033630285,7.46,0.746
4240,2023-06-26 15:00:00,31.6940344029926,6.14,0.665
4241,2023-06-26 16:00:00,33.08717877235491,5.72,0.561
4242,2023-06-26 17:00:00,34.13203704937664,5.2,0.381
4243,2023-06-26 18:00:00,34.8286092340578,5.53,0.223
4244,2023-06-26 19:00:00,33.78375095703606,5.81,0.053
4245,2023-06-26 20:00:00,32.738892680014324,5.71,0.0
4246,2023-06-26 21:00:00,29.256031756608547,5.12,0.0
4247,2023-06-26 22:00:00,30.64917612597086,5.06,0.0
4248,2023-06-26 23:00:00,31.6940344029926,4.63,0.0
4249,2023-06-27 00:00:00,29.379151999442318,4.22,0.0
4250,2023-06-27 01:00:00,27.928329678482203,4.12,0.0
4251,2023-06-27 02:00:00,29.01644641920229,4.37,0.0
4252,2023-06-27 03:00:00,28.65374083896226,4.15,0.0
4253,2023-06-27 04:00:00,29.74185757968235,4.22,0.0
4254,2023-06-27 05:00:00,30.4672687401624,5.06,0.0
4255,2023-06-27 06:00:00,31.55538548088249,5.24,0.0
4256,2023-06-27 07:00:00,32.64350222160258,5.03,0.031
4257,2023-06-27 08:00:00,34.09432454256269,5.41,0.173
4258,2023-06-27 09:00:00,34.45703012280271,5.68,0.37
4259,2023-06-27 10:00:00,34.09432454256269,5.86,0.583
4260,2023-06-27 11:00:00,33.73161896232266,4.61,0.744
4261,2023-06-27 12:00:00,33.006207801842606,4.3,0.779
4262,2023-06-27 13:00:00,31.91809106112252,2.77,0.854
4263,2023-06-27 14:00:00,31.55538548088249,1.91,0.868
4264,2023-06-27 15:00:00,33.006207801842606,1.84,0.777
4265,2023-06-27 16:00:00,34.45703012280271,2.25,0.587
4266,2023-06-27 17:00:00,35.5451468635228,3.31,0.4
4267,2023-06-27 18:00:00,36.27055802400287,4.37,0.198
4268,2023-06-27 19:00:00,35.18244128328278,4.67,0.056
4269,2023-06-27 20:00:00,34.09432454256269,5.43,0.0
4270,2023-06-27 21:00:00,30.4672687401624,5.39,0.0
4271,2023-06-27 22:00:00,31.91809106112252,5.08,0.0
4272,2023-06-27 23:00:00,33.006207801842606,4.12,0.0
4273,2023-06-28 00:00:00,28.630447820047763,4.47,0.0
4274,2023-06-28 01:00:00,27.21659854498368,4.75,0.0
4275,2023-06-28 02:00:00,28.276985501281736,4.96,0.0
4276,2023-06-28 03:00:00,27.923523182515723,5.26,0.0
4277,2023-06-28 04:00:00,28.98391013881379,5.63,0.0
4278,2023-06-28 05:00:00,29.690834776345827,5.79,0.0
4279,2023-06-28 06:00:00,30.75122173264389,5.72,0.0
4280,2023-06-28 07:00:00,31.81160868894196,5.76,0.03
4281,2023-06-28 08:00:00,33.22545796400605,5.95,0.166
4282,2023-06-28 09:00:00,33.57892028277207,5.94,0.315
4283,2023-06-28 10:00:00,33.22545796400605,5.29,0.55
4284,2023-06-28 11:00:00,32.87199564524003,6.04,0.751
4285,2023-06-28 12:00:00,32.165071007707986,5.44,0.868
4286,2023-06-28 13:00:00,31.10468405140992,4.43,0.912
4287,2023-06-28 14:00:00,30.75122173264389,2.0,0.886
4288,2023-06-28 15:00:00,32.165071007707986,2.97,0.796
4289,2023-06-28 16:00:00,33.57892028277207,3.49,0.642
4290,2023-06-28 17:00:00,34.639307239070135,4.11,0.446
4291,2023-06-28 18:00:00,35.34623187660218,4.54,0.234
4292,2023-06-28 19:00:00,34.28584492030412,5.12,0.06
4293,2023-06-28 20:00:00,33.22545796400605,6.1,0.0
4294,2023-06-28 21:00:00,29.690834776345827,6.21,0.0
4295,2023-06-28 22:00:00,31.10468405140992,5.9,0.0
4296,2023-06-28 23:00:00,32.165071007707986,5.0,0.0
4297,2023-06-29 00:00:00,29.948167175782174,5.2,0.0
4298,2023-06-29 01:00:00,28.46924533994108,5.3,0.0
4299,2023-06-29 02:00:00,29.578436716821905,5.41,0.0
4300,2023-06-29 03:00:00,29.20870625786163,5.52,0.0
4301,2023-06-29 04:00:00,30.31789763474245,5.64,0.0
4302,2023-06-29 05:00:00,31.057358552663,5.92,0.0
4303,2023-06-29 06:00:00,32.16654992954382,5.85,0.0
4304,2023-06-29 07:00:00,33.27574130642464,5.59,0.028
4305,2023-06-29 08:00:00,34.75466314226574,6.2,0.169
4306,2023-06-29 09:00:00,35.12439360122601,7.21,0.354
4307,2023-06-29 10:00:00,34.75466314226574,7.16,0.52
4308,2023-06-29 11:00:00,34.384932683305465,5.78,0.636
4309,2023-06-29 12:00:00,33.64547176538492,5.88,0.826
4310,2023-06-29 13:00:00,32.536280388504096,5.74,0.879
4311,2023-06-29 14:00:00,32.16654992954382,6.48,0.87
4312,2023-06-29 15:00:00,33.64547176538492,6.4,0.767
4313,2023-06-29 16:00:00,35.12439360122601,6.58,0.598
4314,2023-06-29 17:00:00,36.23358497810683,6.22,0.395
4315,2023-06-29 18:00:00,36.97304589602739,5.41,0.221
4316,2023-06-29 19:00:00,35.863854519146564,5.02,0.057
4317,2023-06-29 20:00:00,34.75466314226574,4.32,0.0
4318,2023-06-29 21:00:00,31.057358552663,4.08,0.0
4319,2023-06-29 22:00:00,32.536280388504096,4.03,0.0
4320,2023-06-29 23:00:00,33.64547176538492,4.54,0.0
4321,2023-06-30 00:00:00,29.199462996387627,4.41,0.0
4322,2023-06-30 01:00:00,27.75751420644256,4.73,0.0
4323,2023-06-30 02:00:00,28.838975798901355,4.4,0.0
4324,2023-06-30 03:00:00,28.47848860141509,4.9,0.0
4325,2023-06-30 04:00:00,29.55995019387389,4.6,0.0
4326,2023-06-30 05:00:00,30.280924588846425,4.8,0.0
4327,2023-06-30 06:00:00,31.362386181305222,5.3,0.0
4328,2023-06-30 07:00:00,32.44384777376402,5.35,0.028
4329,2023-06-30 08:00:00,33.885796563709086,4.7,0.168
4330,2023-06-30 09:00:00,34.24628376119536,3.94,0.375
4331,2023-06-30 10:00:00,33.885796563709086,2.97,0.58
4332,2023-06-30 11:00:00,33.52530936622283,2.06,0.746
4333,2023-06-30 12:00:00,32.80433497125029,2.4,0.851
4334,2023-06-30 13:00:00,31.72287337879149,2.42,0.895
4335,2023-06-30 14:00:00,31.362386181305222,2.33,0.865
4336,2023-06-30 15:00:00,32.80433497125029,2.38,0.772
4337,2023-06-30 16:00:00,34.24628376119536,0.85,0.624
4338,2023-06-30 17:00:00,35.327745353654166,0.81,0.43
4339,2023-06-30 18:00:00,36.048719748626695,0.9,0.232
4340,2023-06-30 19:00:00,34.9672581561679,0.41,0.06
4341,2023-06-30 20:00:00,33.885796563709086,1.61,0.0
4342,2023-06-30 21:00:00,30.280924588846425,3.3,0.0
4343,2023-06-30 22:00:00,31.72287337879149,3.64,0.0
4344,2023-06-30 23:00:00,32.80433497125029,3.44,0.0
4345,2023-07-01 00:00:00,20.51811385785265,3.54,0.0
4346,2023-07-01 01:00:00,19.50487366734141,4.49,0.0
4347,2023-07-01 02:00:00,20.264803810224844,4.46,0.0
4348,2023-07-01 03:00:00,20.01149376259704,5.04,0.0
4349,2023-07-01 04:00:00,20.771423905480464,5.64,0.0
4350,2023-07-01 05:00:00,21.278044000736088,5.59,0.0
4351,2023-07-01 06:00:00,22.03797414361952,5.25,0.0
4352,2023-07-01 07:00:00,22.797904286502952,4.47,0.031
4353,2023-07-01 08:00:00,23.811144477014192,2.37,0.182
4354,2023-07-01 09:00:00,24.06445452464201,1.82,0.391
4355,2023-07-01 10:00:00,23.811144477014192,2.64,0.584
4356,2023-07-01 11:00:00,23.557834429386386,0.58,0.733
4357,2023-07-01 12:00:00,23.05121433413076,1.84,0.839
4358,2023-07-01 13:00:00,22.29128419124733,1.97,0.884
4359,2023-07-01 14:00:00,22.03797414361952,1.81,0.856
4360,2023-07-01 15:00:00,23.05121433413076,1.49,0.777
4361,2023-07-01 16:00:00,24.06445452464201,1.86,0.636
4362,2023-07-01 17:00:00,24.82438466752544,1.24,0.438
4363,2023-07-01 18:00:00,25.33100476278106,2.64,0.221
4364,2023-07-01 19:00:00,24.571074619897622,5.34,0.06
4365,2023-07-01 20:00:00,23.811144477014192,6.56,0.0
4366,2023-07-01 21:00:00,21.278044000736088,5.63,0.0
4367,2023-07-01 22:00:00,22.29128419124733,5.12,0.0
4368,2023-07-01 23:00:00,23.05121433413076,5.54,0.0
4369,2023-07-02 00:00:00,19.872721023529643,5.93,0.0
4370,2023-07-02 01:00:00,18.891352084096077,5.9,0.0
4371,2023-07-02 02:00:00,19.62737878867125,5.7,0.0
4372,2023-07-02 03:00:00,19.382036553812856,5.82,0.0
4373,2023-07-02 04:00:00,20.11806325838803,5.73,0.0
4374,2023-07-02 05:00:00,20.608747728104813,5.49,0.0
4375,2023-07-02 06:00:00,21.34477443267998,5.43,0.0
4376,2023-07-02 07:00:00,22.08080113725516,5.25,0.018
4377,2023-07-02 08:00:00,23.06217007668872,6.0,0.111
4378,2023-07-02 09:00:00,23.30751231154711,5.78,0.27
4379,2023-07-02 10:00:00,23.06217007668872,6.0,0.44
4380,2023-07-02 11:00:00,22.816827841830328,6.31,0.607
4381,2023-07-02 12:00:00,22.326143372113545,5.81,0.7
4382,2023-07-02 13:00:00,21.59011666753837,5.39,0.67
4383,2023-07-02 14:00:00,21.34477443267998,4.4,0.672
4384,2023-07-02 15:00:00,22.326143372113545,3.77,0.741
4385,2023-07-02 16:00:00,23.30751231154711,4.16,0.58
4386,2023-07-02 17:00:00,24.04353901612228,5.28,0.4
4387,2023-07-02 18:00:00,24.534223485839064,5.66,0.228
4388,2023-07-02 19:00:00,23.798196781263886,5.41,0.055
4389,2023-07-02 20:00:00,23.06217007668872,5.06,0.0
4390,2023-07-02 21:00:00,20.608747728104813,4.59,0.0
4391,2023-07-02 22:00:00,21.59011666753837,3.99,0.0
4392,2023-07-02 23:00:00,22.326143372113545,3.83,0.0
4393,2023-07-03 00:00:00,26.664914470714223,3.99,0.0
4394,2023-07-03 01:00:00,25.348128570925866,3.8,0.0
4395,2023-07-03 02:00:00,26.335717995767133,3.13,0.0
4396,2023-07-03 03:00:00,26.006521520820044,3.06,0.0
4397,2023-07-03 04:00:00,26.99411094566132,3.67,0.0
4398,2023-07-03 05:00:00,27.65250389555549,4.28,0.0
4399,2023-07-03 06:00:00,28.64009332039676,4.27,0.0
4400,2023-07-03 07:00:00,29.627682745238022,4.59,0.029
4401,2023-07-03 08:00:00,30.94446864502638,4.56,0.174
4402,2023-07-03 09:00:00,31.273665119973472,4.82,0.378
4403,2023-07-03 10:00:00,30.94446864502638,4.9,0.566
4404,2023-07-03 11:00:00,30.61527217007929,4.7,0.721
4405,2023-07-03 12:00:00,29.956879220185115,5.36,0.849
4406,2023-07-03 13:00:00,28.969289795343844,6.63,0.893
4407,2023-07-03 14:00:00,28.64009332039676,7.45,0.867
4408,2023-07-03 15:00:00,29.956879220185115,6.81,0.775
4409,2023-07-03 16:00:00,31.273665119973472,6.35,0.624
4410,2023-07-03 17:00:00,32.26125454481474,5.04,0.432
4411,2023-07-03 18:00:00,32.91964749470892,2.93,0.228
4412,2023-07-03 19:00:00,31.932058069867647,2.51,0.06
4413,2023-07-03 20:00:00,30.94446864502638,3.41,0.0
4414,2023-07-03 21:00:00,27.65250389555549,2.82,0.0
4415,2023-07-03 22:00:00,28.969289795343844,3.36,0.0
4416,2023-07-03 23:00:00,29.956879220185115,3.44,0.0
4417,2023-07-04 00:00:00,27.768875897845703,4.12,0.0
4418,2023-07-04 01:00:00,26.39757338437184,4.83,0.0
4419,2023-07-04 02:00:00,27.42605026947723,4.34,0.0
4420,2023-07-04 03:00:00,27.08322464110877,4.58,0.0
4421,2023-07-04 04:00:00,28.11170152621417,4.79,0.0
4422,2023-07-04 05:00:00,28.797352782951094,4.88,0.0
4423,2023-07-04 06:00:00,29.82582966805649,5.62,0.0
4424,2023-07-04 07:00:00,30.85430655316189,6.0,0.023
4425,2023-07-04 08:00:00,32.225609066635755,6.37,0.149
4426,2023-07-04 09:00:00,32.568434695004214,5.8,0.251
4427,2023-07-04 10:00:00,32.225609066635755,5.4,0.534
4428,2023-07-04 11:00:00,31.882783438267285,5.7,0.703
4429,2023-07-04 12:00:00,31.19713218153036,5.78,0.821
4430,2023-07-04 13:00:00,30.16865529642496,5.42,0.877
4431,2023-07-04 14:00:00,29.82582966805649,5.32,0.855
4432,2023-07-04 15:00:00,31.19713218153036,5.63,0.765
4433,2023-07-04 16:00:00,32.568434695004214,5.45,0.616
4434,2023-07-04 17:00:00,33.59691158010962,5.16,0.429
4435,2023-07-04 18:00:00,34.282562836846544,4.75,0.226
4436,2023-07-04 19:00:00,33.254085951741146,4.08,0.059
4437,2023-07-04 20:00:00,32.225609066635755,3.83,0.0
4438,2023-07-04 21:00:00,28.797352782951094,4.33,0.0
4439,2023-07-04 22:00:00,30.16865529642496,4.81,0.0
4440,2023-07-04 23:00:00,31.19713218153036,4.82,0.0
4441,2023-07-05 00:00:00,27.061208316351166,4.6,0.0
4442,2023-07-05 01:00:00,25.724852350111597,4.7,0.0
4443,2023-07-05 02:00:00,26.727119324791268,5.76,0.0
4444,2023-07-05 03:00:00,26.393030333231383,6.31,0.0
4445,2023-07-05 04:00:00,27.395297307911058,5.9,0.0
4446,2023-07-05 05:00:00,28.06347529103084,5.4,0.0
4447,2023-07-05 06:00:00,29.06574226571051,5.4,0.0
4448,2023-07-05 07:00:00,30.068009240390182,5.1,0.029
4449,2023-07-05 08:00:00,31.40436520662975,3.31,0.176
4450,2023-07-05 09:00:00,31.738454198189636,1.84,0.378
4451,2023-07-05 10:00:00,31.40436520662975,1.02,0.577
4452,2023-07-05 11:00:00,31.070276215069857,2.06,0.74
4453,2023-07-05 12:00:00,30.402098231950077,1.8,0.849
4454,2023-07-05 13:00:00,29.399831257270403,1.08,0.894
4455,2023-07-05 14:00:00,29.06574226571051,1.39,0.866
4456,2023-07-05 15:00:00,30.402098231950077,2.11,0.769
4457,2023-07-05 16:00:00,31.738454198189636,2.06,0.629
4458,2023-07-05 17:00:00,32.74072117286931,2.4,0.438
4459,2023-07-05 18:00:00,33.40889915598909,3.01,0.232
4460,2023-07-05 19:00:00,32.40663218130942,3.36,0.061
4461,2023-07-05 20:00:00,31.40436520662975,4.52,0.0
4462,2023-07-05 21:00:00,28.06347529103084,4.54,0.0
4463,2023-07-05 22:00:00,29.399831257270403,4.4,0.0
4464,2023-07-05 23:00:00,30.402098231950077,5.1,0.0
4465,2023-07-06 00:00:00,28.306703259781543,4.64,0.0
4466,2023-07-06 01:00:00,26.908841370409625,3.74,0.0
4467,2023-07-06 02:00:00,27.95723778743857,3.82,0.0
4468,2023-07-06 03:00:00,27.607772315095588,4.12,0.0
4469,2023-07-06 04:00:00,28.65616873212453,4.94,0.0
4470,2023-07-06 05:00:00,29.3550996768105,5.81,0.0
4471,2023-07-06 06:00:00,30.403496093839443,6.23,0.0
4472,2023-07-06 07:00:00,31.451892510868397,6.31,0.027
4473,2023-07-06 08:00:00,32.849754400240315,6.81,0.159
4474,2023-07-06 09:00:00,33.1992198725833,7.92,0.364
4475,2023-07-06 10:00:00,32.849754400240315,9.8,0.562
4476,2023-07-06 11:00:00,32.50028892789734,11.06,0.702
4477,2023-07-06 12:00:00,31.80135798321137,10.33,0.74
4478,2023-07-06 13:00:00,30.752961566182428,9.65,0.828
4479,2023-07-06 14:00:00,30.403496093839443,9.49,0.837
4480,2023-07-06 15:00:00,31.80135798321137,9.74,0.757
4481,2023-07-06 16:00:00,33.1992198725833,9.23,0.494
4482,2023-07-06 17:00:00,34.247616289612246,8.41,0.344
4483,2023-07-06 18:00:00,34.94654723429821,8.01,0.218
4484,2023-07-06 19:00:00,33.89815081726926,7.47,0.055
4485,2023-07-06 20:00:00,32.849754400240315,6.94,0.0
4486,2023-07-06 21:00:00,29.3550996768105,6.85,0.0
4487,2023-07-06 22:00:00,30.752961566182428,6.49,0.0
4488,2023-07-06 23:00:00,31.80135798321137,6.95,0.0
4489,2023-07-07 00:00:00,27.599035678287017,5.59,0.0
4490,2023-07-07 01:00:00,26.236120336149387,4.88,0.0
4491,2023-07-07 02:00:00,27.25830684275261,5.66,0.0
4492,2023-07-07 03:00:00,26.917578007218204,5.57,0.0
4493,2023-07-07 04:00:00,27.939764513821423,5.97,0.0
4494,2023-07-07 05:00:00,28.621222184890243,6.04,0.0
4495,2023-07-07 06:00:00,29.643408691493462,5.68,0.0
4496,2023-07-07 07:00:00,30.66559519809669,5.91,0.027
4497,2023-07-07 08:00:00,32.028510540234315,4.97,0.16
4498,2023-07-07 09:00:00,32.36923937576872,4.57,0.373
4499,2023-07-07 10:00:00,32.028510540234315,4.17,0.561
4500,2023-07-07 11:00:00,31.68778170469991,4.53,0.7
4501,2023-07-07 12:00:00,31.00632403363109,5.81,0.85
4502,2023-07-07 13:00:00,29.98413752702787,6.73,0.874
4503,2023-07-07 14:00:00,29.643408691493462,6.11,0.795
4504,2023-07-07 15:00:00,31.00632403363109,6.57,0.753
4505,2023-07-07 16:00:00,32.36923937576872,6.9,0.589
4506,2023-07-07 17:00:00,33.39142588237195,6.62,0.392
4507,2023-07-07 18:00:00,34.07288355344076,5.96,0.204
4508,2023-07-07 19:00:00,33.050697046837534,5.07,0.051
4509,2023-07-07 20:00:00,32.028510540234315,4.31,0.0
4510,2023-07-07 21:00:00,28.621222184890243,3.91,0.0
4511,2023-07-07 22:00:00,29.98413752702787,3.35,0.0
4512,2023-07-07 23:00:00,31.00632403363109,2.95,0.0
4513,2023-07-08 00:00:00,20.51811385785265,2.83,0.0
4514,2023-07-08 01:00:00,19.50487366734141,2.78,0.0
4515,2023-07-08 02:00:00,20.264803810224844,2.82,0.0
4516,2023-07-08 03:00:00,20.01149376259704,3.4,0.0
4517,2023-07-08 04:00:00,20.771423905480464,3.62,0.0
4518,2023-07-08 05:00:00,21.278044000736088,4.48,0.0
4519,2023-07-08 06:00:00,22.03797414361952,4.92,0.0
4520,2023-07-08 07:00:00,22.797904286502952,5.69,0.024
4521,2023-07-08 08:00:00,23.811144477014192,6.01,0.137
4522,2023-07-08 09:00:00,24.06445452464201,5.6,0.293
4523,2023-07-08 10:00:00,23.811144477014192,4.65,0.507
4524,2023-07-08 11:00:00,23.557834429386386,5.01,0.717
4525,2023-07-08 12:00:00,23.05121433413076,4.83,0.546
4526,2023-07-08 13:00:00,22.29128419124733,4.53,0.719
4527,2023-07-08 14:00:00,22.03797414361952,3.37,0.771
4528,2023-07-08 15:00:00,23.05121433413076,3.11,0.626
4529,2023-07-08 16:00:00,24.06445452464201,3.67,0.509
4530,2023-07-08 17:00:00,24.82438466752544,3.98,0.433
4531,2023-07-08 18:00:00,25.33100476278106,3.66,0.226
4532,2023-07-08 19:00:00,24.571074619897622,3.69,0.06
4533,2023-07-08 20:00:00,23.811144477014192,4.4,0.0
4534,2023-07-08 21:00:00,21.278044000736088,5.69,0.0
4535,2023-07-08 22:00:00,22.29128419124733,6.46,0.0
4536,2023-07-08 23:00:00,23.05121433413076,6.86,0.0
4537,2023-07-09 00:00:00,19.872721023529643,6.41,0.0
4538,2023-07-09 01:00:00,18.891352084096077,6.59,0.0
4539,2023-07-09 02:00:00,19.62737878867125,6.14,0.0
4540,2023-07-09 03:00:00,19.382036553812856,5.73,0.0
4541,2023-07-09 04:00:00,20.11806325838803,5.73,0.0
4542,2023-07-09 05:00:00,20.608747728104813,6.13,0.0
4543,2023-07-09 06:00:00,21.34477443267998,6.5,0.0
4544,2023-07-09 07:00:00,22.08080113725516,6.51,0.027
4545,2023-07-09 08:00:00,23.06217007668872,6.1,0.161
4546,2023-07-09 09:00:00,23.30751231154711,5.97,0.361
4547,2023-07-09 10:00:00,23.06217007668872,5.63,0.556
4548,2023-07-09 11:00:00,22.816827841830328,3.64,0.725
4549,2023-07-09 12:00:00,22.326143372113545,3.09,0.851
4550,2023-07-09 13:00:00,21.59011666753837,3.19,0.895
4551,2023-07-09 14:00:00,21.34477443267998,3.64,0.865
4552,2023-07-09 15:00:00,22.326143372113545,4.22,0.767
4553,2023-07-09 16:00:00,23.30751231154711,5.19,0.63
4554,2023-07-09 17:00:00,24.04353901612228,6.09,0.436
4555,2023-07-09 18:00:00,24.534223485839064,6.85,0.226
4556,2023-07-09 19:00:00,23.798196781263886,7.11,0.06
4557,2023-07-09 20:00:00,23.06217007668872,7.8,0.0
4558,2023-07-09 21:00:00,20.608747728104813,8.11,0.0
4559,2023-07-09 22:00:00,21.59011666753837,8.32,0.0
4560,2023-07-09 23:00:00,22.326143372113545,7.81,0.0
4561,2023-07-10 00:00:00,26.664914470714223,8.03,0.0
4562,2023-07-10 01:00:00,25.348128570925866,8.05,0.0
4563,2023-07-10 02:00:00,26.335717995767133,8.24,0.0
4564,2023-07-10 03:00:00,26.006521520820044,8.2,0.0
4565,2023-07-10 04:00:00,26.99411094566132,8.14,0.0
4566,2023-07-10 05:00:00,27.65250389555549,8.54,0.0
4567,2023-07-10 06:00:00,28.64009332039676,8.22,0.0
4568,2023-07-10 07:00:00,29.627682745238022,7.47,0.028
4569,2023-07-10 08:00:00,30.94446864502638,7.02,0.175
4570,2023-07-10 09:00:00,31.273665119973472,7.55,0.377
4571,2023-07-10 10:00:00,30.94446864502638,7.55,0.564
4572,2023-07-10 11:00:00,30.61527217007929,7.06,0.748
4573,2023-07-10 12:00:00,29.956879220185115,8.3,0.842
4574,2023-07-10 13:00:00,28.969289795343844,8.54,0.867
4575,2023-07-10 14:00:00,28.64009332039676,7.79,0.856
4576,2023-07-10 15:00:00,29.956879220185115,7.53,0.779
4577,2023-07-10 16:00:00,31.273665119973472,7.0,0.613
4578,2023-07-10 17:00:00,32.26125454481474,6.98,0.398
4579,2023-07-10 18:00:00,32.91964749470892,6.91,0.205
4580,2023-07-10 19:00:00,31.932058069867647,5.91,0.052
4581,2023-07-10 20:00:00,30.94446864502638,5.26,0.0
4582,2023-07-10 21:00:00,27.65250389555549,5.03,0.0
4583,2023-07-10 22:00:00,28.969289795343844,4.9,0.0
4584,2023-07-10 23:00:00,29.956879220185115,4.73,0.0
4585,2023-07-11 00:00:00,27.768875897845703,5.29,0.0
4586,2023-07-11 01:00:00,26.39757338437184,5.32,0.0
4587,2023-07-11 02:00:00,27.42605026947723,5.14,0.0
4588,2023-07-11 03:00:00,27.08322464110877,5.22,0.0
4589,2023-07-11 04:00:00,28.11170152621417,5.41,0.0
4590,2023-07-11 05:00:00,28.797352782951094,4.79,0.0
4591,2023-07-11 06:00:00,29.82582966805649,4.81,0.0
4592,2023-07-11 07:00:00,30.85430655316189,5.52,0.023
4593,2023-07-11 08:00:00,32.225609066635755,5.3,0.162
4594,2023-07-11 09:00:00,32.568434695004214,4.1,0.361
4595,2023-07-11 10:00:00,32.225609066635755,3.85,0.521
4596,2023-07-11 11:00:00,31.882783438267285,4.05,0.634
4597,2023-07-11 12:00:00,31.19713218153036,4.93,0.79
4598,2023-07-11 13:00:00,30.16865529642496,5.81,0.853
4599,2023-07-11 14:00:00,29.82582966805649,5.0,0.855
4600,2023-07-11 15:00:00,31.19713218153036,3.91,0.711
4601,2023-07-11 16:00:00,32.568434695004214,2.62,0.587
4602,2023-07-11 17:00:00,33.59691158010962,2.12,0.388
4603,2023-07-11 18:00:00,34.282562836846544,1.84,0.184
4604,2023-07-11 19:00:00,33.254085951741146,1.8,0.059
4605,2023-07-11 20:00:00,32.225609066635755,3.62,0.0
4606,2023-07-11 21:00:00,28.797352782951094,3.98,0.0
4607,2023-07-11 22:00:00,30.16865529642496,4.0,0.0
4608,2023-07-11 23:00:00,31.19713218153036,4.9,0.0
4609,2023-07-12 00:00:00,27.061208316351166,4.18,0.0
4610,2023-07-12 01:00:00,25.724852350111597,3.22,0.0
4611,2023-07-12 02:00:00,26.727119324791268,4.18,0.0
4612,2023-07-12 03:00:00,26.393030333231383,4.41,0.0
4613,2023-07-12 04:00:00,27.395297307911058,4.7,0.0
4614,2023-07-12 05:00:00,28.06347529103084,5.2,0.0
4615,2023-07-12 06:00:00,29.06574226571051,5.11,0.0
4616,2023-07-12 07:00:00,30.068009240390182,4.73,0.024
4617,2023-07-12 08:00:00,31.40436520662975,4.28,0.157
4618,2023-07-12 09:00:00,31.738454198189636,4.18,0.349
4619,2023-07-12 10:00:00,31.40436520662975,3.22,0.509
4620,2023-07-12 11:00:00,31.070276215069857,4.64,0.705
4621,2023-07-12 12:00:00,30.402098231950077,3.91,0.799
4622,2023-07-12 13:00:00,29.399831257270403,3.71,0.87
4623,2023-07-12 14:00:00,29.06574226571051,4.36,0.857
4624,2023-07-12 15:00:00,30.402098231950077,4.61,0.768
4625,2023-07-12 16:00:00,31.738454198189636,3.75,0.624
4626,2023-07-12 17:00:00,32.74072117286931,3.09,0.432
4627,2023-07-12 18:00:00,33.40889915598909,2.39,0.219
4628,2023-07-12 19:00:00,32.40663218130942,2.42,0.058
4629,2023-07-12 20:00:00,31.40436520662975,2.69,0.0
4630,2023-07-12 21:00:00,28.06347529103084,2.83,0.0
4631,2023-07-12 22:00:00,29.399831257270403,3.76,0.0
4632,2023-07-12 23:00:00,30.402098231950077,2.52,0.0
4633,2023-07-13 00:00:00,28.306703259781543,2.48,0.0
4634,2023-07-13 01:00:00,26.908841370409625,3.2,0.0
4635,2023-07-13 02:00:00,27.95723778743857,3.8,0.0
4636,2023-07-13 03:00:00,27.607772315095588,3.67,0.0
4637,2023-07-13 04:00:00,28.65616873212453,3.45,0.0
4638,2023-07-13 05:00:00,29.3550996768105,3.41,0.0
4639,2023-07-13 06:00:00,30.403496093839443,4.08,0.0
4640,2023-07-13 07:00:00,31.451892510868397,4.58,0.023
4641,2023-07-13 08:00:00,32.849754400240315,4.88,0.148
4642,2023-07-13 09:00:00,33.1992198725833,5.08,0.334
4643,2023-07-13 10:00:00,32.849754400240315,5.32,0.537
4644,2023-07-13 11:00:00,32.50028892789734,4.92,0.717
4645,2023-07-13 12:00:00,31.80135798321137,4.7,0.817
4646,2023-07-13 13:00:00,30.752961566182428,4.7,0.725
4647,2023-07-13 14:00:00,30.403496093839443,3.82,0.55
4648,2023-07-13 15:00:00,31.80135798321137,3.06,0.747
4649,2023-07-13 16:00:00,33.1992198725833,2.24,0.391
4650,2023-07-13 17:00:00,34.247616289612246,3.3,0.257
4651,2023-07-13 18:00:00,34.94654723429821,4.03,0.193
4652,2023-07-13 19:00:00,33.89815081726926,3.3,0.059
4653,2023-07-13 20:00:00,32.849754400240315,2.79,0.0
4654,2023-07-13 21:00:00,29.3550996768105,2.42,0.0
4655,2023-07-13 22:00:00,30.752961566182428,2.33,0.0
4656,2023-07-13 23:00:00,31.80135798321137,1.42,0.0
4657,2023-07-14 00:00:00,27.599035678287017,1.9,0.0
4658,2023-07-14 01:00:00,26.236120336149387,3.0,0.0
4659,2023-07-14 02:00:00,27.25830684275261,2.55,0.0
4660,2023-07-14 03:00:00,26.917578007218204,1.98,0.0
4661,2023-07-14 04:00:00,27.939764513821423,1.7,0.0
4662,2023-07-14 05:00:00,28.621222184890243,1.03,0.0
4663,2023-07-14 06:00:00,29.643408691493462,2.58,0.0
4664,2023-07-14 07:00:00,30.66559519809669,3.23,0.026
4665,2023-07-14 08:00:00,32.028510540234315,1.92,0.17
4666,2023-07-14 09:00:00,32.36923937576872,0.6,0.372
4667,2023-07-14 10:00:00,32.028510540234315,0.8,0.573
4668,2023-07-14 11:00:00,31.68778170469991,3.31,0.738
4669,2023-07-14 12:00:00,31.00632403363109,3.23,0.85
4670,2023-07-14 13:00:00,29.98413752702787,2.72,0.872
4671,2023-07-14 14:00:00,29.643408691493462,3.49,0.847
4672,2023-07-14 15:00:00,31.00632403363109,3.13,0.762
4673,2023-07-14 16:00:00,32.36923937576872,3.86,0.584
4674,2023-07-14 17:00:00,33.39142588237195,4.24,0.4
4675,2023-07-14 18:00:00,34.07288355344076,3.74,0.182
4676,2023-07-14 19:00:00,33.050697046837534,2.93,0.053
4677,2023-07-14 20:00:00,32.028510540234315,2.12,0.0
4678,2023-07-14 21:00:00,28.621222184890243,1.04,0.0
4679,2023-07-14 22:00:00,29.98413752702787,1.24,0.0
4680,2023-07-14 23:00:00,31.00632403363109,2.3,0.0
4681,2023-07-15 00:00:00,20.51811385785265,1.91,0.0
4682,2023-07-15 01:00:00,19.50487366734141,2.04,0.0
4683,2023-07-15 02:00:00,20.264803810224844,3.13,0.0
4684,2023-07-15 03:00:00,20.01149376259704,2.41,0.0
4685,2023-07-15 04:00:00,20.771423905480464,1.72,0.0
4686,2023-07-15 05:00:00,21.278044000736088,1.84,0.0
4687,2023-07-15 06:00:00,22.03797414361952,2.61,0.0
4688,2023-07-15 07:00:00,22.797904286502952,2.45,0.016
4689,2023-07-15 08:00:00,23.811144477014192,2.27,0.149
4690,2023-07-15 09:00:00,24.06445452464201,1.82,0.37
4691,2023-07-15 10:00:00,23.811144477014192,2.97,0.537
4692,2023-07-15 11:00:00,23.557834429386386,4.6,0.725
4693,2023-07-15 12:00:00,23.05121433413076,4.33,0.851
4694,2023-07-15 13:00:00,22.29128419124733,4.46,0.876
4695,2023-07-15 14:00:00,22.03797414361952,4.06,0.779
4696,2023-07-15 15:00:00,23.05121433413076,3.83,0.756
4697,2023-07-15 16:00:00,24.06445452464201,3.8,0.627
4698,2023-07-15 17:00:00,24.82438466752544,3.88,0.438
4699,2023-07-15 18:00:00,25.33100476278106,4.0,0.232
4700,2023-07-15 19:00:00,24.571074619897622,3.77,0.06
4701,2023-07-15 20:00:00,23.811144477014192,3.88,0.0
4702,2023-07-15 21:00:00,21.278044000736088,3.32,0.0
4703,2023-07-15 22:00:00,22.29128419124733,3.11,0.0
4704,2023-07-15 23:00:00,23.05121433413076,3.42,0.0
4705,2023-07-16 00:00:00,19.872721023529643,3.48,0.0
4706,2023-07-16 01:00:00,18.891352084096077,3.04,0.0
4707,2023-07-16 02:00:00,19.62737878867125,2.98,0.0
4708,2023-07-16 03:00:00,19.382036553812856,2.73,0.0
4709,2023-07-16 04:00:00,20.11806325838803,2.92,0.0
4710,2023-07-16 05:00:00,20.608747728104813,2.62,0.0
4711,2023-07-16 06:00:00,21.34477443267998,2.09,0.0
4712,2023-07-16 07:00:00,22.08080113725516,1.8,0.023
4713,2023-07-16 08:00:00,23.06217007668872,1.22,0.155
4714,2023-07-16 09:00:00,23.30751231154711,0.82,0.327
4715,2023-07-16 10:00:00,23.06217007668872,2.11,0.526
4716,2023-07-16 11:00:00,22.816827841830328,2.45,0.647
4717,2023-07-16 12:00:00,22.326143372113545,2.91,0.704
4718,2023-07-16 13:00:00,21.59011666753837,2.86,0.736
4719,2023-07-16 14:00:00,21.34477443267998,2.75,0.672
4720,2023-07-16 15:00:00,22.326143372113545,2.0,0.566
4721,2023-07-16 16:00:00,23.30751231154711,1.32,0.33
4722,2023-07-16 17:00:00,24.04353901612228,0.7,0.198
4723,2023-07-16 18:00:00,24.534223485839064,1.04,0.118
4724,2023-07-16 19:00:00,23.798196781263886,0.61,0.037
4725,2023-07-16 20:00:00,23.06217007668872,1.78,0.0
4726,2023-07-16 21:00:00,20.608747728104813,2.36,0.0
4727,2023-07-16 22:00:00,21.59011666753837,2.53,0.0
4728,2023-07-16 23:00:00,22.326143372113545,4.4,0.0
4729,2023-07-17 00:00:00,26.664914470714223,4.32,0.0
4730,2023-07-17 01:00:00,25.348128570925866,3.65,0.0
4731,2023-07-17 02:00:00,26.335717995767133,3.76,0.0
4732,2023-07-17 03:00:00,26.006521520820044,3.96,0.0
4733,2023-07-17 04:00:00,26.99411094566132,4.62,0.0
4734,2023-07-17 05:00:00,27.65250389555549,4.9,0.0
4735,2023-07-17 06:00:00,28.64009332039676,5.33,0.0
4736,2023-07-17 07:00:00,29.627682745238022,5.81,0.022
4737,2023-07-17 08:00:00,30.94446864502638,5.35,0.123
4738,2023-07-17 09:00:00,31.273665119973472,5.2,0.316
4739,2023-07-17 10:00:00,30.94446864502638,5.26,0.419
4740,2023-07-17 11:00:00,30.61527217007929,5.54,0.666
4741,2023-07-17 12:00:00,29.956879220185115,6.05,0.763
4742,2023-07-17 13:00:00,28.969289795343844,6.62,0.822
4743,2023-07-17 14:00:00,28.64009332039676,6.34,0.832
4744,2023-07-17 15:00:00,29.956879220185115,5.86,0.714
4745,2023-07-17 16:00:00,31.273665119973472,5.73,0.601
4746,2023-07-17 17:00:00,32.26125454481474,5.66,0.41
4747,2023-07-17 18:00:00,32.91964749470892,5.65,0.226
4748,2023-07-17 19:00:00,31.932058069867647,6.26,0.06
4749,2023-07-17 20:00:00,30.94446864502638,6.33,0.0
4750,2023-07-17 21:00:00,27.65250389555549,5.95,0.0
4751,2023-07-17 22:00:00,28.969289795343844,5.82,0.0
4752,2023-07-17 23:00:00,29.956879220185115,5.82,0.0
4753,2023-07-18 00:00:00,27.768875897845703,5.46,0.0
4754,2023-07-18 01:00:00,26.39757338437184,5.24,0.0
4755,2023-07-18 02:00:00,27.42605026947723,5.12,0.0
4756,2023-07-18 03:00:00,27.08322464110877,4.9,0.0
4757,2023-07-18 04:00:00,28.11170152621417,4.78,0.0
4758,2023-07-18 05:00:00,28.797352782951094,5.02,0.0
4759,2023-07-18 06:00:00,29.82582966805649,5.32,0.0
4760,2023-07-18 07:00:00,30.85430655316189,5.37,0.022
4761,2023-07-18 08:00:00,32.225609066635755,5.42,0.159
4762,2023-07-18 09:00:00,32.568434695004214,5.47,0.353
4763,2023-07-18 10:00:00,32.225609066635755,5.96,0.556
4764,2023-07-18 11:00:00,31.882783438267285,6.1,0.701
4765,2023-07-18 12:00:00,31.19713218153036,6.6,0.719
4766,2023-07-18 13:00:00,30.16865529642496,6.48,0.702
4767,2023-07-18 14:00:00,29.82582966805649,6.44,0.623
4768,2023-07-18 15:00:00,31.19713218153036,6.6,0.536
4769,2023-07-18 16:00:00,32.568434695004214,6.05,0.473
4770,2023-07-18 17:00:00,33.59691158010962,5.9,0.373
4771,2023-07-18 18:00:00,34.282562836846544,5.54,0.185
4772,2023-07-18 19:00:00,33.254085951741146,5.2,0.055
4773,2023-07-18 20:00:00,32.225609066635755,4.85,0.0
4774,2023-07-18 21:00:00,28.797352782951094,4.48,0.0
4775,2023-07-18 22:00:00,30.16865529642496,4.52,0.0
4776,2023-07-18 23:00:00,31.19713218153036,4.27,0.0
4777,2023-07-19 00:00:00,27.061208316351166,4.02,0.0
4778,2023-07-19 01:00:00,25.724852350111597,4.34,0.0
4779,2023-07-19 02:00:00,26.727119324791268,4.31,0.0
4780,2023-07-19 03:00:00,26.393030333231383,4.18,0.0
4781,2023-07-19 04:00:00,27.395297307911058,4.27,0.0
4782,2023-07-19 05:00:00,28.06347529103084,4.35,0.0
4783,2023-07-19 06:00:00,29.06574226571051,4.3,0.0
4784,2023-07-19 07:00:00,30.068009240390182,4.3,0.023
4785,2023-07-19 08:00:00,31.40436520662975,4.08,0.155
4786,2023-07-19 09:00:00,31.738454198189636,4.33,0.291
4787,2023-07-19 10:00:00,31.40436520662975,4.38,0.495
4788,2023-07-19 11:00:00,31.070276215069857,5.15,0.658
4789,2023-07-19 12:00:00,30.402098231950077,5.63,0.667
4790,2023-07-19 13:00:00,29.399831257270403,5.73,0.608
4791,2023-07-19 14:00:00,29.06574226571051,5.52,0.499
4792,2023-07-19 15:00:00,30.402098231950077,5.54,0.698
4793,2023-07-19 16:00:00,31.738454198189636,5.15,0.602
4794,2023-07-19 17:00:00,32.74072117286931,5.1,0.387
4795,2023-07-19 18:00:00,33.40889915598909,4.43,0.174
4796,2023-07-19 19:00:00,32.40663218130942,3.58,0.037
4797,2023-07-19 20:00:00,31.40436520662975,2.51,0.0
4798,2023-07-19 21:00:00,28.06347529103084,1.64,0.0
4799,2023-07-19 22:00:00,29.399831257270403,1.5,0.0
4800,2023-07-19 23:00:00,30.402098231950077,1.49,0.0
4801,2023-07-20 00:00:00,28.306703259781543,1.06,0.0
4802,2023-07-20 01:00:00,26.908841370409625,1.25,0.0
4803,2023-07-20 02:00:00,27.95723778743857,1.58,0.0
4804,2023-07-20 03:00:00,27.607772315095588,2.05,0.0
4805,2023-07-20 04:00:00,28.65616873212453,1.92,0.0
4806,2023-07-20 05:00:00,29.3550996768105,1.22,0.0
4807,2023-07-20 06:00:00,30.403496093839443,1.32,0.0
4808,2023-07-20 07:00:00,31.451892510868397,1.65,0.022
4809,2023-07-20 08:00:00,32.849754400240315,1.39,0.153
4810,2023-07-20 09:00:00,33.1992198725833,2.22,0.354
4811,2023-07-20 10:00:00,32.849754400240315,3.04,0.524
4812,2023-07-20 11:00:00,32.50028892789734,3.49,0.661
4813,2023-07-20 12:00:00,31.80135798321137,4.88,0.795
4814,2023-07-20 13:00:00,30.752961566182428,3.99,0.878
4815,2023-07-20 14:00:00,30.403496093839443,3.4,0.855
4816,2023-07-20 15:00:00,31.80135798321137,2.98,0.761
4817,2023-07-20 16:00:00,33.1992198725833,2.69,0.623
4818,2023-07-20 17:00:00,34.247616289612246,3.01,0.42
4819,2023-07-20 18:00:00,34.94654723429821,2.41,0.212
4820,2023-07-20 19:00:00,33.89815081726926,2.43,0.055
4821,2023-07-20 20:00:00,32.849754400240315,3.55,0.0
4822,2023-07-20 21:00:00,29.3550996768105,3.2,0.0
4823,2023-07-20 22:00:00,30.752961566182428,3.27,0.0
4824,2023-07-20 23:00:00,31.80135798321137,3.28,0.0
4825,2023-07-21 00:00:00,27.599035678287017,2.94,0.0
4826,2023-07-21 01:00:00,26.236120336149387,1.77,0.0
4827,2023-07-21 02:00:00,27.25830684275261,1.91,0.0
4828,2023-07-21 03:00:00,26.917578007218204,2.71,0.0
4829,2023-07-21 04:00:00,27.939764513821423,3.42,0.0
4830,2023-07-21 05:00:00,28.621222184890243,3.22,0.0
4831,2023-07-21 06:00:00,29.643408691493462,3.91,0.0
4832,2023-07-21 07:00:00,30.66559519809669,4.54,0.02
4833,2023-07-21 08:00:00,32.028510540234315,4.71,0.147
4834,2023-07-21 09:00:00,32.36923937576872,5.25,0.241
4835,2023-07-21 10:00:00,32.028510540234315,5.69,0.443
4836,2023-07-21 11:00:00,31.68778170469991,3.67,0.663
4837,2023-07-21 12:00:00,31.00632403363109,2.62,0.829
4838,2023-07-21 13:00:00,29.98413752702787,1.3,0.834
4839,2023-07-21 14:00:00,29.643408691493462,1.2,0.859
4840,2023-07-21 15:00:00,31.00632403363109,0.54,0.758
4841,2023-07-21 16:00:00,32.36923937576872,0.67,0.611
4842,2023-07-21 17:00:00,33.39142588237195,1.14,0.342
4843,2023-07-21 18:00:00,34.07288355344076,1.88,0.137
4844,2023-07-21 19:00:00,33.050697046837534,3.13,0.042
4845,2023-07-21 20:00:00,32.028510540234315,4.2,0.0
4846,2023-07-21 21:00:00,28.621222184890243,4.82,0.0
4847,2023-07-21 22:00:00,29.98413752702787,4.87,0.0
4848,2023-07-21 23:00:00,31.00632403363109,4.55,0.0
4849,2023-07-22 00:00:00,20.51811385785265,4.87,0.0
4850,2023-07-22 01:00:00,19.50487366734141,5.36,0.0
4851,2023-07-22 02:00:00,20.264803810224844,5.64,0.0
4852,2023-07-22 03:00:00,20.01149376259704,5.73,0.0
4853,2023-07-22 04:00:00,20.771423905480464,5.81,0.0
4854,2023-07-22 05:00:00,21.278044000736088,6.3,0.0
4855,2023-07-22 06:00:00,22.03797414361952,6.64,0.0
4856,2023-07-22 07:00:00,22.797904286502952,6.36,0.019
4857,2023-07-22 08:00:00,23.811144477014192,6.0,0.133
4858,2023-07-22 09:00:00,24.06445452464201,6.0,0.318
4859,2023-07-22 10:00:00,23.811144477014192,5.39,0.504
4860,2023-07-22 11:00:00,23.557834429386386,4.44,0.691
4861,2023-07-22 12:00:00,23.05121433413076,3.49,0.823
4862,2023-07-22 13:00:00,22.29128419124733,3.08,0.902
4863,2023-07-22 14:00:00,22.03797414361952,3.58,0.878
4864,2023-07-22 15:00:00,23.05121433413076,4.61,0.776
4865,2023-07-22 16:00:00,24.06445452464201,5.69,0.626
4866,2023-07-22 17:00:00,24.82438466752544,5.24,0.441
4867,2023-07-22 18:00:00,25.33100476278106,4.51,0.236
4868,2023-07-22 19:00:00,24.571074619897622,4.41,0.056
4869,2023-07-22 20:00:00,23.811144477014192,5.12,0.0
4870,2023-07-22 21:00:00,21.278044000736088,4.62,0.0
4871,2023-07-22 22:00:00,22.29128419124733,4.21,0.0
4872,2023-07-22 23:00:00,23.05121433413076,3.9,0.0
4873,2023-07-23 00:00:00,19.872721023529643,4.21,0.0
4874,2023-07-23 01:00:00,18.891352084096077,4.03,0.0
4875,2023-07-23 02:00:00,19.62737878867125,4.2,0.0
4876,2023-07-23 03:00:00,19.382036553812856,4.3,0.0
4877,2023-07-23 04:00:00,20.11806325838803,4.31,0.0
4878,2023-07-23 05:00:00,20.608747728104813,4.4,0.0
4879,2023-07-23 06:00:00,21.34477443267998,4.4,0.0
4880,2023-07-23 07:00:00,22.08080113725516,4.97,0.019
4881,2023-07-23 08:00:00,23.06217007668872,5.59,0.119
4882,2023-07-23 09:00:00,23.30751231154711,5.69,0.288
4883,2023-07-23 10:00:00,23.06217007668872,5.48,0.475
4884,2023-07-23 11:00:00,22.816827841830328,6.02,0.641
4885,2023-07-23 12:00:00,22.326143372113545,6.11,0.67
4886,2023-07-23 13:00:00,21.59011666753837,6.17,0.73
4887,2023-07-23 14:00:00,21.34477443267998,6.52,0.582
4888,2023-07-23 15:00:00,22.326143372113545,6.72,0.635
4889,2023-07-23 16:00:00,23.30751231154711,6.31,0.498
4890,2023-07-23 17:00:00,24.04353901612228,5.59,0.378
4891,2023-07-23 18:00:00,24.534223485839064,4.99,0.204
4892,2023-07-23 19:00:00,23.798196781263886,4.3,0.051
4893,2023-07-23 20:00:00,23.06217007668872,3.8,0.0
4894,2023-07-23 21:00:00,20.608747728104813,3.22,0.0
4895,2023-07-23 22:00:00,21.59011666753837,3.45,0.0
4896,2023-07-23 23:00:00,22.326143372113545,5.0,0.0
4897,2023-07-24 00:00:00,26.664914470714223,4.98,0.0
4898,2023-07-24 01:00:00,25.348128570925866,4.39,0.0
4899,2023-07-24 02:00:00,26.335717995767133,3.94,0.0
4900,2023-07-24 03:00:00,26.006521520820044,4.11,0.0
4901,2023-07-24 04:00:00,26.99411094566132,4.66,0.0
4902,2023-07-24 05:00:00,27.65250389555549,5.19,0.0
4903,2023-07-24 06:00:00,28.64009332039676,5.14,0.0
4904,2023-07-24 07:00:00,29.627682745238022,5.05,0.022
4905,2023-07-24 08:00:00,30.94446864502638,4.39,0.158
4906,2023-07-24 09:00:00,31.273665119973472,3.98,0.366
4907,2023-07-24 10:00:00,30.94446864502638,3.8,0.55
4908,2023-07-24 11:00:00,30.61527217007929,4.79,0.662
4909,2023-07-24 12:00:00,29.956879220185115,4.78,0.796
4910,2023-07-24 13:00:00,28.969289795343844,5.18,0.826
4911,2023-07-24 14:00:00,28.64009332039676,4.62,0.803
4912,2023-07-24 15:00:00,29.956879220185115,5.02,0.745
4913,2023-07-24 16:00:00,31.273665119973472,5.23,0.576
4914,2023-07-24 17:00:00,32.26125454481474,4.92,0.375
4915,2023-07-24 18:00:00,32.91964749470892,5.23,0.182
4916,2023-07-24 19:00:00,31.932058069867647,5.66,0.044
4917,2023-07-24 20:00:00,30.94446864502638,6.04,0.0
4918,2023-07-24 21:00:00,27.65250389555549,5.87,0.0
4919,2023-07-24 22:00:00,28.969289795343844,5.92,0.0
4920,2023-07-24 23:00:00,29.956879220185115,6.02,0.0
4921,2023-07-25 00:00:00,27.768875897845703,5.58,0.0
4922,2023-07-25 01:00:00,26.39757338437184,5.41,0.0
4923,2023-07-25 02:00:00,27.42605026947723,5.41,0.0
4924,2023-07-25 03:00:00,27.08322464110877,5.19,0.0
4925,2023-07-25 04:00:00,28.11170152621417,5.24,0.0
4926,2023-07-25 05:00:00,28.797352782951094,5.76,0.0
4927,2023-07-25 06:00:00,29.82582966805649,6.09,0.0
4928,2023-07-25 07:00:00,30.85430655316189,6.2,0.018
4929,2023-07-25 08:00:00,32.225609066635755,6.08,0.138
4930,2023-07-25 09:00:00,32.568434695004214,6.11,0.342
4931,2023-07-25 10:00:00,32.225609066635755,5.75,0.496
4932,2023-07-25 11:00:00,31.882783438267285,5.38,0.697
4933,2023-07-25 12:00:00,31.19713218153036,5.59,0.78
4934,2023-07-25 13:00:00,30.16865529642496,5.02,0.76
4935,2023-07-25 14:00:00,29.82582966805649,4.75,0.568
4936,2023-07-25 15:00:00,31.19713218153036,4.96,0.471
4937,2023-07-25 16:00:00,32.568434695004214,5.49,0.499
4938,2023-07-25 17:00:00,33.59691158010962,5.37,0.309
4939,2023-07-25 18:00:00,34.282562836846544,4.92,0.111
4940,2023-07-25 19:00:00,33.254085951741146,5.2,0.029
4941,2023-07-25 20:00:00,32.225609066635755,5.26,0.0
4942,2023-07-25 21:00:00,28.797352782951094,4.67,0.0
4943,2023-07-25 22:00:00,30.16865529642496,4.78,0.0
4944,2023-07-25 23:00:00,31.19713218153036,5.83,0.0
4945,2023-07-26 00:00:00,27.061208316351166,6.08,0.0
4946,2023-07-26 01:00:00,25.724852350111597,5.52,0.0
4947,2023-07-26 02:00:00,26.727119324791268,5.89,0.0
4948,2023-07-26 03:00:00,26.393030333231383,6.33,0.0
4949,2023-07-26 04:00:00,27.395297307911058,6.05,0.0
4950,2023-07-26 05:00:00,28.06347529103084,6.13,0.0
4951,2023-07-26 06:00:00,29.06574226571051,5.68,0.0
4952,2023-07-26 07:00:00,30.068009240390182,5.37,0.019
4953,2023-07-26 08:00:00,31.40436520662975,5.73,0.137
4954,2023-07-26 09:00:00,31.738454198189636,5.32,0.325
4955,2023-07-26 10:00:00,31.40436520662975,4.77,0.423
4956,2023-07-26 11:00:00,31.070276215069857,3.62,0.69
4957,2023-07-26 12:00:00,30.402098231950077,4.12,0.749
4958,2023-07-26 13:00:00,29.399831257270403,4.61,0.652
4959,2023-07-26 14:00:00,29.06574226571051,4.96,0.75
4960,2023-07-26 15:00:00,30.402098231950077,5.06,0.657
4961,2023-07-26 16:00:00,31.738454198189636,4.42,0.553
4962,2023-07-26 17:00:00,32.74072117286931,3.14,0.38
4963,2023-07-26 18:00:00,33.40889915598909,1.28,0.184
4964,2023-07-26 19:00:00,32.40663218130942,0.89,0.04
4965,2023-07-26 20:00:00,31.40436520662975,1.94,0.0
4966,2023-07-26 21:00:00,28.06347529103084,2.43,0.0
4967,2023-07-26 22:00:00,29.399831257270403,2.95,0.0
4968,2023-07-26 23:00:00,30.402098231950077,4.36,0.0
4969,2023-07-27 00:00:00,28.306703259781543,5.19,0.0
4970,2023-07-27 01:00:00,26.908841370409625,5.17,0.0
4971,2023-07-27 02:00:00,27.95723778743857,5.26,0.0
4972,2023-07-27 03:00:00,27.607772315095588,5.77,0.0
4973,2023-07-27 04:00:00,28.65616873212453,5.86,0.0
4974,2023-07-27 05:00:00,29.3550996768105,5.99,0.0
4975,2023-07-27 06:00:00,30.403496093839443,7.38,0.0
4976,2023-07-27 07:00:00,31.451892510868397,5.1,0.02
4977,2023-07-27 08:00:00,32.849754400240315,4.3,0.147
4978,2023-07-27 09:00:00,33.1992198725833,4.11,0.356
4979,2023-07-27 10:00:00,32.849754400240315,4.3,0.567
4980,2023-07-27 11:00:00,32.50028892789734,4.08,0.74
4981,2023-07-27 12:00:00,31.80135798321137,4.05,0.857
4982,2023-07-27 13:00:00,30.752961566182428,3.06,0.901
4983,2023-07-27 14:00:00,30.403496093839443,2.44,0.874
4984,2023-07-27 15:00:00,31.80135798321137,1.39,0.788
4985,2023-07-27 16:00:00,33.1992198725833,0.63,0.636
4986,2023-07-27 17:00:00,34.247616289612246,0.3,0.446
4987,2023-07-27 18:00:00,34.94654723429821,0.2,0.233
4988,2023-07-27 19:00:00,33.89815081726926,1.89,0.059
4989,2023-07-27 20:00:00,32.849754400240315,4.03,0.0
4990,2023-07-27 21:00:00,29.3550996768105,5.6,0.0
4991,2023-07-27 22:00:00,30.752961566182428,6.11,0.0
4992,2023-07-27 23:00:00,31.80135798321137,6.2,0.0
4993,2023-07-28 00:00:00,27.599035678287017,6.2,0.0
4994,2023-07-28 01:00:00,26.236120336149387,6.3,0.0
4995,2023-07-28 02:00:00,27.25830684275261,6.2,0.0
4996,2023-07-28 03:00:00,26.917578007218204,6.3,0.0
4997,2023-07-28 04:00:00,27.939764513821423,5.9,0.0
4998,2023-07-28 05:00:00,28.621222184890243,6.0,0.0
4999,2023-07-28 06:00:00,29.643408691493462,6.0,0.0
5000,2023-07-28 07:00:00,30.66559519809669,6.1,0.022
5001,2023-07-28 08:00:00,32.028510540234315,5.22,0.16
5002,2023-07-28 09:00:00,32.36923937576872,5.49,0.358
5003,2023-07-28 10:00:00,32.028510540234315,5.32,0.569
5004,2023-07-28 11:00:00,31.68778170469991,3.45,0.755
5005,2023-07-28 12:00:00,31.00632403363109,3.67,0.833
5006,2023-07-28 13:00:00,29.98413752702787,4.17,0.896
5007,2023-07-28 14:00:00,29.643408691493462,4.22,0.87
5008,2023-07-28 15:00:00,31.00632403363109,3.57,0.766
5009,2023-07-28 16:00:00,32.36923937576872,4.12,0.619
5010,2023-07-28 17:00:00,33.39142588237195,5.15,0.409
5011,2023-07-28 18:00:00,34.07288355344076,5.85,0.216
5012,2023-07-28 19:00:00,33.050697046837534,6.38,0.057
5013,2023-07-28 20:00:00,32.028510540234315,6.55,0.0
5014,2023-07-28 21:00:00,28.621222184890243,6.71,0.0
5015,2023-07-28 22:00:00,29.98413752702787,6.75,0.0
5016,2023-07-28 23:00:00,31.00632403363109,6.1,0.0
5017,2023-07-29 00:00:00,20.51811385785265,6.4,0.0
5018,2023-07-29 01:00:00,19.50487366734141,6.4,0.0
5019,2023-07-29 02:00:00,20.264803810224844,6.21,0.0
5020,2023-07-29 03:00:00,20.01149376259704,6.42,0.0
5021,2023-07-29 04:00:00,20.771423905480464,6.94,0.0
5022,2023-07-29 05:00:00,21.278044000736088,6.05,0.0
5023,2023-07-29 06:00:00,22.03797414361952,6.41,0.0
5024,2023-07-29 07:00:00,22.797904286502952,6.68,0.016
5025,2023-07-29 08:00:00,23.811144477014192,7.53,0.133
5026,2023-07-29 09:00:00,24.06445452464201,9.0,0.267
5027,2023-07-29 10:00:00,23.811144477014192,8.6,0.436
5028,2023-07-29 11:00:00,23.557834429386386,7.25,0.68
5029,2023-07-29 12:00:00,23.05121433413076,6.08,0.835
5030,2023-07-29 13:00:00,22.29128419124733,5.73,0.853
5031,2023-07-29 14:00:00,22.03797414361952,5.32,0.782
5032,2023-07-29 15:00:00,23.05121433413076,5.11,0.737
5033,2023-07-29 16:00:00,24.06445452464201,5.51,0.509
5034,2023-07-29 17:00:00,24.82438466752544,5.59,0.376
5035,2023-07-29 18:00:00,25.33100476278106,5.22,0.218
5036,2023-07-29 19:00:00,24.571074619897622,5.61,0.05
5037,2023-07-29 20:00:00,23.811144477014192,5.41,0.0
5038,2023-07-29 21:00:00,21.278044000736088,4.85,0.0
5039,2023-07-29 22:00:00,22.29128419124733,4.71,0.0
5040,2023-07-29 23:00:00,23.05121433413076,4.92,0.0
5041,2023-07-30 00:00:00,19.872721023529643,5.0,0.0
5042,2023-07-30 01:00:00,18.891352084096077,4.94,0.0
5043,2023-07-30 02:00:00,19.62737878867125,4.13,0.0
5044,2023-07-30 03:00:00,19.382036553812856,3.85,0.0
5045,2023-07-30 04:00:00,20.11806325838803,4.22,0.0
5046,2023-07-30 05:00:00,20.608747728104813,4.31,0.0
5047,2023-07-30 06:00:00,21.34477443267998,3.88,0.0
5048,2023-07-30 07:00:00,22.08080113725516,3.94,0.018
5049,2023-07-30 08:00:00,23.06217007668872,3.33,0.154
5050,2023-07-30 09:00:00,23.30751231154711,4.1,0.2
5051,2023-07-30 10:00:00,23.06217007668872,4.0,0.411
5052,2023-07-30 11:00:00,22.816827841830328,5.0,0.644
5053,2023-07-30 12:00:00,22.326143372113545,5.2,0.735
5054,2023-07-30 13:00:00,21.59011666753837,4.52,0.746
5055,2023-07-30 14:00:00,21.34477443267998,3.79,0.656
5056,2023-07-30 15:00:00,22.326143372113545,3.68,0.723
5057,2023-07-30 16:00:00,23.30751231154711,3.14,0.598
5058,2023-07-30 17:00:00,24.04353901612228,2.86,0.35
5059,2023-07-30 18:00:00,24.534223485839064,2.19,0.131
5060,2023-07-30 19:00:00,23.798196781263886,1.75,0.025
5061,2023-07-30 20:00:00,23.06217007668872,1.26,0.0
5062,2023-07-30 21:00:00,20.608747728104813,0.72,0.0
5063,2023-07-30 22:00:00,21.59011666753837,1.14,0.0
5064,2023-07-30 23:00:00,22.326143372113545,1.02,0.0
5065,2023-07-31 00:00:00,26.664914470714223,1.28,0.0
5066,2023-07-31 01:00:00,25.348128570925866,2.31,0.0
5067,2023-07-31 02:00:00,26.335717995767133,1.44,0.0
5068,2023-07-31 03:00:00,26.006521520820044,1.28,0.0
5069,2023-07-31 04:00:00,26.99411094566132,0.73,0.0
5070,2023-07-31 05:00:00,27.65250389555549,0.58,0.0
5071,2023-07-31 06:00:00,28.64009332039676,0.72,0.0
5072,2023-07-31 07:00:00,29.627682745238022,0.8,0.017
5073,2023-07-31 08:00:00,30.94446864502638,1.0,0.112
5074,2023-07-31 09:00:00,31.273665119973472,1.88,0.231
5075,2023-07-31 10:00:00,30.94446864502638,2.69,0.452
5076,2023-07-31 11:00:00,30.61527217007929,3.0,0.671
5077,2023-07-31 12:00:00,29.956879220185115,4.32,0.826
5078,2023-07-31 13:00:00,28.969289795343844,4.71,0.876
5079,2023-07-31 14:00:00,28.64009332039676,4.69,0.867
5080,2023-07-31 15:00:00,29.956879220185115,3.98,0.779
5081,2023-07-31 16:00:00,31.273665119973472,4.22,0.627
5082,2023-07-31 17:00:00,32.26125454481474,4.74,0.426
5083,2023-07-31 18:00:00,32.91964749470892,4.4,0.206
5084,2023-07-31 19:00:00,31.932058069867647,4.14,0.044
5085,2023-07-31 20:00:00,30.94446864502638,3.68,0.0
5086,2023-07-31 21:00:00,27.65250389555549,2.5,0.0
5087,2023-07-31 22:00:00,28.969289795343844,1.66,0.0
5088,2023-07-31 23:00:00,29.956879220185115,2.52,0.0
5089,2023-08-01 00:00:00,25.348429632633295,2.52,0.0
5090,2023-08-01 01:00:00,24.096655329787204,2.2,0.0
5091,2023-08-01 02:00:00,25.035486056921776,1.87,0.0
5092,2023-08-01 03:00:00,24.72254248121025,2.01,0.0
5093,2023-08-01 04:00:00,25.66137320834482,2.24,0.0
5094,2023-08-01 05:00:00,26.287260359767863,2.4,0.0
5095,2023-08-01 06:00:00,27.22609108690243,2.21,0.0
5096,2023-08-01 07:00:00,28.164921814037,2.73,0.02
5097,2023-08-01 08:00:00,29.416696116883084,2.65,0.158
5098,2023-08-01 09:00:00,29.729639692594603,3.61,0.346
5099,2023-08-01 10:00:00,29.416696116883084,3.2,0.549
5100,2023-08-01 11:00:00,29.10375254117156,2.42,0.659
5101,2023-08-01 12:00:00,28.477865389748523,1.84,0.444
5102,2023-08-01 13:00:00,27.539034662613957,2.44,0.781
5103,2023-08-01 14:00:00,27.22609108690243,2.21,0.651
5104,2023-08-01 15:00:00,28.477865389748523,1.55,0.434
5105,2023-08-01 16:00:00,29.729639692594603,1.0,0.344
5106,2023-08-01 17:00:00,30.66847041972917,1.75,0.222
5107,2023-08-01 18:00:00,31.29435757115222,2.22,0.128
5108,2023-08-01 19:00:00,30.355526844017653,2.28,0.029
5109,2023-08-01 20:00:00,29.416696116883084,3.16,0.0
5110,2023-08-01 21:00:00,26.287260359767863,3.77,0.0
5111,2023-08-01 22:00:00,27.539034662613957,3.9,0.0
5112,2023-08-01 23:00:00,28.477865389748523,2.26,0.0
5113,2023-08-02 00:00:00,24.70244518735722,1.94,0.0
5114,2023-08-02 01:00:00,23.48257135094452,1.71,0.0
5115,2023-08-02 02:00:00,24.397476728254045,1.5,0.0
5116,2023-08-02 03:00:00,24.092508269150876,1.3,0.0
5117,2023-08-02 04:00:00,25.0074136464604,2.25,0.0
5118,2023-08-02 05:00:00,25.617350564666744,3.01,0.0
5119,2023-08-02 06:00:00,26.53225594197627,3.47,0.0
5120,2023-08-02 07:00:00,27.4471613192858,4.14,0.02
5121,2023-08-02 08:00:00,28.6670351556985,4.23,0.158
5122,2023-08-02 09:00:00,28.97200361480168,3.81,0.369
5123,2023-08-02 10:00:00,28.6670351556985,2.31,0.561
5124,2023-08-02 11:00:00,28.362066696595328,1.8,0.67
5125,2023-08-02 12:00:00,27.752129778388973,0.9,0.855
5126,2023-08-02 13:00:00,26.837224401079453,1.82,0.898
5127,2023-08-02 14:00:00,26.53225594197627,3.63,0.878
5128,2023-08-02 15:00:00,27.752129778388973,3.49,0.757
5129,2023-08-02 16:00:00,28.97200361480168,3.01,0.564
5130,2023-08-02 17:00:00,29.88690899211121,2.86,0.413
5131,2023-08-02 18:00:00,30.49684591031756,3.57,0.205
5132,2023-08-02 19:00:00,29.581940533008027,3.36,0.043
5133,2023-08-02 20:00:00,28.6670351556985,4.33,0.0
5134,2023-08-02 21:00:00,25.617350564666744,4.12,0.0
5135,2023-08-02 22:00:00,26.837224401079453,3.92,0.0
5136,2023-08-02 23:00:00,27.752129778388973,3.44,0.0
5137,2023-08-03 00:00:00,25.83937781104312,2.91,0.0
5138,2023-08-03 01:00:00,24.56335915370765,2.43,0.0
5139,2023-08-03 02:00:00,25.52037314670925,3.95,0.0
5140,2023-08-03 03:00:00,25.201368482375383,3.71,0.0
5141,2023-08-03 04:00:00,26.158382475376985,4.41,0.0
5142,2023-08-03 05:00:00,26.796391804044717,4.77,0.0
5143,2023-08-03 06:00:00,27.753405797046312,4.31,0.0
5144,2023-08-03 07:00:00,28.71041979004791,4.71,0.021
5145,2023-08-03 08:00:00,29.986438447383367,3.49,0.166
5146,2023-08-03 09:00:00,30.305443111717235,3.52,0.378
5147,2023-08-03 10:00:00,29.986438447383367,3.11,0.583
5148,2023-08-03 11:00:00,29.6674337830495,1.89,0.748
5149,2023-08-03 12:00:00,29.029424454381772,3.23,0.861
5150,2023-08-03 13:00:00,28.072410461380176,3.57,0.916
5151,2023-08-03 14:00:00,27.753405797046312,3.31,0.882
5152,2023-08-03 15:00:00,29.029424454381772,3.76,0.793
5153,2023-08-03 16:00:00,30.305443111717235,2.95,0.622
5154,2023-08-03 17:00:00,31.26245710471883,3.79,0.434
5155,2023-08-03 18:00:00,31.90046643338657,4.65,0.222
5156,2023-08-03 19:00:00,30.943452440384966,4.08,0.05
5157,2023-08-03 20:00:00,29.986438447383367,4.26,0.0
5158,2023-08-03 21:00:00,26.796391804044717,3.98,0.0
5159,2023-08-03 22:00:00,28.072410461380176,3.11,0.0
5160,2023-08-03 23:00:00,29.029424454381772,2.48,0.0
5161,2023-08-04 00:00:00,25.19339336576704,2.06,0.0
5162,2023-08-04 01:00:00,23.949275174864965,2.42,0.0
5163,2023-08-04 02:00:00,24.88236381804152,2.83,0.0
5164,2023-08-04 03:00:00,24.571334270316004,2.05,0.0
5165,2023-08-04 04:00:00,25.50442291349256,2.58,0.0
5166,2023-08-04 05:00:00,26.1264820089436,3.34,0.0
5167,2023-08-04 06:00:00,27.059570652120158,3.34,0.0
5168,2023-08-04 07:00:00,27.99265929529671,3.55,0.017
5169,2023-08-04 08:00:00,29.23677748619879,3.64,0.091
5170,2023-08-04 09:00:00,29.5478070339243,3.76,0.3
5171,2023-08-04 10:00:00,29.23677748619879,4.11,0.52
5172,2023-08-04 11:00:00,28.92574793847327,5.04,0.666
5173,2023-08-04 12:00:00,28.30368884302223,5.5,0.75
5174,2023-08-04 13:00:00,27.37060019984568,5.18,0.854
5175,2023-08-04 14:00:00,27.059570652120158,4.92,0.853
5176,2023-08-04 15:00:00,28.30368884302223,4.93,0.785
5177,2023-08-04 16:00:00,29.5478070339243,4.83,0.637
5178,2023-08-04 17:00:00,30.480895677100865,4.8,0.439
5179,2023-08-04 18:00:00,31.102954772551904,4.24,0.222
5180,2023-08-04 19:00:00,30.169866129375343,4.07,0.052
5181,2023-08-04 20:00:00,29.23677748619879,3.11,0.0
5182,2023-08-04 21:00:00,26.1264820089436,2.53,0.0
5183,2023-08-04 22:00:00,27.37060019984568,3.8,0.0
5184,2023-08-04 23:00:00,28.30368884302223,4.81,0.0
5185,2023-08-05 00:00:00,18.729673006334604,4.57,0.0
5186,2023-08-05 01:00:00,17.804750882564996,4.44,0.0
5187,2023-08-05 02:00:00,18.4984424753922,4.51,0.0
5188,2023-08-05 03:00:00,18.2672119444498,4.7,0.0
5189,2023-08-05 04:00:00,18.960903537277005,4.81,0.0
5190,2023-08-05 05:00:00,19.42336459916181,4.81,0.0
5191,2023-08-05 06:00:00,20.11705619198901,4.88,0.0
5192,2023-08-05 07:00:00,20.81074778481623,5.16,0.017
5193,2023-08-05 08:00:00,21.73566990858584,4.03,0.14
5194,2023-08-05 09:00:00,21.96690043952824,4.08,0.292
5195,2023-08-05 10:00:00,21.73566990858584,3.58,0.532
5196,2023-08-05 11:00:00,21.504439377643436,3.35,0.729
5197,2023-08-05 12:00:00,21.041978315758627,3.12,0.843
5198,2023-08-05 13:00:00,20.34828672293142,2.3,0.904
5199,2023-08-05 14:00:00,20.11705619198901,2.39,0.901
5200,2023-08-05 15:00:00,21.041978315758627,2.15,0.808
5201,2023-08-05 16:00:00,21.96690043952824,1.94,0.63
5202,2023-08-05 17:00:00,22.66059203235545,3.49,0.433
5203,2023-08-05 18:00:00,23.12305309424025,4.9,0.232
5204,2023-08-05 19:00:00,22.42936150141304,5.89,0.054
5205,2023-08-05 20:00:00,21.73566990858584,6.1,0.0
5206,2023-08-05 21:00:00,19.42336459916181,5.2,0.0
5207,2023-08-05 22:00:00,20.34828672293142,4.28,0.0
5208,2023-08-05 23:00:00,21.041978315758627,4.61,0.0
5209,2023-08-06 00:00:00,18.14053519224282,4.12,0.0
5210,2023-08-06 01:00:00,17.24470629386046,4.11,0.0
5211,2023-08-06 02:00:00,17.916577967647235,4.4,0.0
5212,2023-08-06 03:00:00,17.692620743051645,4.92,0.0
5213,2023-08-06 04:00:00,18.364492416838413,4.61,0.0
5214,2023-08-06 05:00:00,18.812406866029598,4.38,0.0
5215,2023-08-06 06:00:00,19.48427853981636,4.62,0.0
5216,2023-08-06 07:00:00,20.156150213603137,4.68,0.019
5217,2023-08-06 08:00:00,21.0519791119855,4.3,0.144
5218,2023-08-06 09:00:00,21.27593633658109,4.12,0.372
5219,2023-08-06 10:00:00,21.0519791119855,3.42,0.566
5220,2023-08-06 11:00:00,20.828021887389905,4.09,0.743
5221,2023-08-06 12:00:00,20.380107438198728,4.05,0.819
5222,2023-08-06 13:00:00,19.708235764411956,4.08,0.895
5223,2023-08-06 14:00:00,19.48427853981636,3.14,0.861
5224,2023-08-06 15:00:00,20.380107438198728,3.38,0.76
5225,2023-08-06 16:00:00,21.27593633658109,3.67,0.644
5226,2023-08-06 17:00:00,21.947808010367854,4.31,0.439
5227,2023-08-06 18:00:00,22.395722459559043,3.49,0.227
5228,2023-08-06 19:00:00,21.723850785772267,2.47,0.05
5229,2023-08-06 20:00:00,21.0519791119855,2.64,0.0
5230,2023-08-06 21:00:00,18.812406866029598,3.04,0.0
5231,2023-08-06 22:00:00,19.708235764411956,3.38,0.0
5232,2023-08-06 23:00:00,20.380107438198728,3.61,0.0
5233,2023-08-07 00:00:00,24.340693898002616,3.54,0.0
5234,2023-08-07 01:00:00,23.13868432279261,3.38,0.0
5235,2023-08-07 02:00:00,24.040191504200116,3.16,0.0
5236,2023-08-07 03:00:00,23.739689110397617,3.29,0.0
5237,2023-08-07 04:00:00,24.64119629180512,3.81,0.0
5238,2023-08-07 05:00:00,25.24220107941013,3.98,0.0
5239,2023-08-07 06:00:00,26.143708260817625,4.12,0.0
5240,2023-08-07 07:00:00,27.04521544222513,3.77,0.016
5241,2023-08-07 08:00:00,28.24722501743514,3.72,0.139
5242,2023-08-07 09:00:00,28.547727411237634,4.02,0.323
5243,2023-08-07 10:00:00,28.24722501743514,5.19,0.457
5244,2023-08-07 11:00:00,27.946722623632628,5.94,0.615
5245,2023-08-07 12:00:00,27.345717836027628,5.55,0.8
5246,2023-08-07 13:00:00,26.444210654620125,4.8,0.859
5247,2023-08-07 14:00:00,26.143708260817625,2.69,0.851
5248,2023-08-07 15:00:00,27.345717836027628,2.06,0.786
5249,2023-08-07 16:00:00,28.547727411237634,2.15,0.652
5250,2023-08-07 17:00:00,29.44923459264514,2.62,0.452
5251,2023-08-07 18:00:00,30.050239380250144,3.77,0.215
5252,2023-08-07 19:00:00,29.14873219884264,5.42,0.044
5253,2023-08-07 20:00:00,28.24722501743514,6.2,0.0
5254,2023-08-07 21:00:00,25.24220107941013,5.82,0.0
5255,2023-08-07 22:00:00,26.444210654620125,5.71,0.0
5256,2023-08-07 23:00:00,27.345717836027628,5.46,0.0
5257,2023-08-08 00:00:00,25.348429632633295,5.3,0.0
5258,2023-08-08 01:00:00,24.096655329787204,5.34,0.0
5259,2023-08-08 02:00:00,25.035486056921776,5.35,0.0
5260,2023-08-08 03:00:00,24.72254248121025,5.0,0.0
5261,2023-08-08 04:00:00,25.66137320834482,4.84,0.0
5262,2023-08-08 05:00:00,26.287260359767863,5.22,0.0
5263,2023-08-08 06:00:00,27.22609108690243,5.44,0.0
5264,2023-08-08 07:00:00,28.164921814037,5.44,0.019
5265,2023-08-08 08:00:00,29.416696116883084,5.03,0.156
5266,2023-08-08 09:00:00,29.729639692594603,5.16,0.369
5267,2023-08-08 10:00:00,29.416696116883084,5.28,0.562
5268,2023-08-08 11:00:00,29.10375254117156,4.94,0.708
5269,2023-08-08 12:00:00,28.477865389748523,4.33,0.892
5270,2023-08-08 13:00:00,27.539034662613957,3.83,0.922
5271,2023-08-08 14:00:00,27.22609108690243,3.44,0.902
5272,2023-08-08 15:00:00,28.477865389748523,3.89,0.782
5273,2023-08-08 16:00:00,29.729639692594603,4.78,0.623
5274,2023-08-08 17:00:00,30.66847041972917,5.15,0.441
5275,2023-08-08 18:00:00,31.29435757115222,5.55,0.218
5276,2023-08-08 19:00:00,30.355526844017653,5.59,0.052
5277,2023-08-08 20:00:00,29.416696116883084,5.59,0.0
5278,2023-08-08 21:00:00,26.287260359767863,5.3,0.0
5279,2023-08-08 22:00:00,27.539034662613957,5.08,0.0
5280,2023-08-08 23:00:00,28.477865389748523,4.59,0.0
5281,2023-08-09 00:00:00,24.70244518735722,4.4,0.0
5282,2023-08-09 01:00:00,23.48257135094452,4.34,0.0
5283,2023-08-09 02:00:00,24.397476728254045,4.02,0.0
5284,2023-08-09 03:00:00,24.092508269150876,3.92,0.0
5285,2023-08-09 04:00:00,25.0074136464604,3.83,0.0
5286,2023-08-09 05:00:00,25.617350564666744,4.28,0.0
5287,2023-08-09 06:00:00,26.53225594197627,4.31,0.0
5288,2023-08-09 07:00:00,27.4471613192858,4.2,0.02
5289,2023-08-09 08:00:00,28.6670351556985,3.52,0.138
5290,2023-08-09 09:00:00,28.97200361480168,4.34,0.345
5291,2023-08-09 10:00:00,28.6670351556985,5.0,0.456
5292,2023-08-09 11:00:00,28.362066696595328,4.07,0.731
5293,2023-08-09 12:00:00,27.752129778388973,3.89,0.831
5294,2023-08-09 13:00:00,26.837224401079453,2.66,0.878
5295,2023-08-09 14:00:00,26.53225594197627,0.92,0.875
5296,2023-08-09 15:00:00,27.752129778388973,0.14,0.792
5297,2023-08-09 16:00:00,28.97200361480168,0.54,0.611
5298,2023-08-09 17:00:00,29.88690899211121,2.55,0.437
5299,2023-08-09 18:00:00,30.49684591031756,5.41,0.213
5300,2023-08-09 19:00:00,29.581940533008027,6.49,0.05
5301,2023-08-09 20:00:00,28.6670351556985,5.94,0.0
5302,2023-08-09 21:00:00,25.617350564666744,5.21,0.0
5303,2023-08-09 22:00:00,26.837224401079453,5.32,0.0
5304,2023-08-09 23:00:00,27.752129778388973,5.76,0.0
5305,2023-08-10 00:00:00,25.83937781104312,5.2,0.0
5306,2023-08-10 01:00:00,24.56335915370765,4.95,0.0
5307,2023-08-10 02:00:00,25.52037314670925,4.97,0.0
5308,2023-08-10 03:00:00,25.201368482375383,4.97,0.0
5309,2023-08-10 04:00:00,26.158382475376985,4.98,0.0
5310,2023-08-10 05:00:00,26.796391804044717,4.43,0.0
5311,2023-08-10 06:00:00,27.753405797046312,4.12,0.0
5312,2023-08-10 07:00:00,28.71041979004791,4.37,0.017
5313,2023-08-10 08:00:00,29.986438447383367,4.21,0.154
5314,2023-08-10 09:00:00,30.305443111717235,4.65,0.373
5315,2023-08-10 10:00:00,29.986438447383367,5.32,0.57
5316,2023-08-10 11:00:00,29.6674337830495,5.37,0.691
5317,2023-08-10 12:00:00,29.029424454381772,5.1,0.874
5318,2023-08-10 13:00:00,28.072410461380176,4.47,0.922
5319,2023-08-10 14:00:00,27.753405797046312,4.25,0.897
5320,2023-08-10 15:00:00,29.029424454381772,4.37,0.798
5321,2023-08-10 16:00:00,30.305443111717235,3.86,0.655
5322,2023-08-10 17:00:00,31.26245710471883,4.59,0.452
5323,2023-08-10 18:00:00,31.90046643338657,4.71,0.232
5324,2023-08-10 19:00:00,30.943452440384966,4.32,0.051
5325,2023-08-10 20:00:00,29.986438447383367,4.2,0.0
5326,2023-08-10 21:00:00,26.796391804044717,4.2,0.0
5327,2023-08-10 22:00:00,28.072410461380176,4.2,0.0
5328,2023-08-10 23:00:00,29.029424454381772,3.16,0.0
5329,2023-08-11 00:00:00,25.19339336576704,3.16,0.0
5330,2023-08-11 01:00:00,23.949275174864965,3.48,0.0
5331,2023-08-11 02:00:00,24.88236381804152,3.4,0.0
5332,2023-08-11 03:00:00,24.571334270316004,2.47,0.0
5333,2023-08-11 04:00:00,25.50442291349256,1.57,0.0
5334,2023-08-11 05:00:00,26.1264820089436,1.21,0.0
5335,2023-08-11 06:00:00,27.059570652120158,1.52,0.0
5336,2023-08-11 07:00:00,27.99265929529671,1.7,0.019
5337,2023-08-11 08:00:00,29.23677748619879,1.1,0.159
5338,2023-08-11 09:00:00,29.5478070339243,0.61,0.384
5339,2023-08-11 10:00:00,29.23677748619879,2.1,0.545
5340,2023-08-11 11:00:00,28.92574793847327,1.71,0.669
5341,2023-08-11 12:00:00,28.30368884302223,1.79,0.866
5342,2023-08-11 13:00:00,27.37060019984568,2.24,0.831
5343,2023-08-11 14:00:00,27.059570652120158,3.04,0.65
5344,2023-08-11 15:00:00,28.30368884302223,3.24,0.484
5345,2023-08-11 16:00:00,29.5478070339243,4.14,0.302
5346,2023-08-11 17:00:00,30.480895677100865,4.97,0.265
5347,2023-08-11 18:00:00,31.102954772551904,5.16,0.151
5348,2023-08-11 19:00:00,30.169866129375343,4.52,0.046
5349,2023-08-11 20:00:00,29.23677748619879,3.85,0.0
5350,2023-08-11 21:00:00,26.1264820089436,2.91,0.0
5351,2023-08-11 22:00:00,27.37060019984568,2.31,0.0
5352,2023-08-11 23:00:00,28.30368884302223,1.96,0.0
5353,2023-08-12 00:00:00,18.729673006334604,1.92,0.0
5354,2023-08-12 01:00:00,17.804750882564996,2.22,0.0
5355,2023-08-12 02:00:00,18.4984424753922,2.8,0.0
5356,2023-08-12 03:00:00,18.2672119444498,2.34,0.0
5357,2023-08-12 04:00:00,18.960903537277005,2.38,0.0
5358,2023-08-12 05:00:00,19.42336459916181,1.88,0.0
5359,2023-08-12 06:00:00,20.11705619198901,1.75,0.0
5360,2023-08-12 07:00:00,20.81074778481623,2.84,0.019
5361,2023-08-12 08:00:00,21.73566990858584,2.41,0.162
5362,2023-08-12 09:00:00,21.96690043952824,1.9,0.379
5363,2023-08-12 10:00:00,21.73566990858584,0.89,0.574
5364,2023-08-12 11:00:00,21.504439377643436,2.64,0.711
5365,2023-08-12 12:00:00,21.041978315758627,3.33,0.82
5366,2023-08-12 13:00:00,20.34828672293142,3.72,0.824
5367,2023-08-12 14:00:00,20.11705619198901,2.91,0.739
5368,2023-08-12 15:00:00,21.041978315758627,3.22,0.75
5369,2023-08-12 16:00:00,21.96690043952824,4.03,0.611
5370,2023-08-12 17:00:00,22.66059203235545,4.75,0.414
5371,2023-08-12 18:00:00,23.12305309424025,4.42,0.226
5372,2023-08-12 19:00:00,22.42936150141304,3.75,0.048
5373,2023-08-12 20:00:00,21.73566990858584,2.88,0.0
5374,2023-08-12 21:00:00,19.42336459916181,2.11,0.0
5375,2023-08-12 22:00:00,20.34828672293142,1.32,0.0
5376,2023-08-12 23:00:00,21.041978315758627,1.32,0.0
5377,2023-08-13 00:00:00,18.14053519224282,1.4,0.0
5378,2023-08-13 01:00:00,17.24470629386046,1.46,0.0
5379,2023-08-13 02:00:00,17.916577967647235,0.5,0.0
5380,2023-08-13 03:00:00,17.692620743051645,0.85,0.0
5381,2023-08-13 04:00:00,18.364492416838413,0.92,0.0
5382,2023-08-13 05:00:00,18.812406866029598,1.3,0.0
5383,2023-08-13 06:00:00,19.48427853981636,1.93,0.0
5384,2023-08-13 07:00:00,20.156150213603137,2.2,0.016
5385,2023-08-13 08:00:00,21.0519791119855,1.8,0.161
5386,2023-08-13 09:00:00,21.27593633658109,1.49,0.35
5387,2023-08-13 10:00:00,21.0519791119855,2.75,0.541
5388,2023-08-13 11:00:00,20.828021887389905,4.2,0.717
5389,2023-08-13 12:00:00,20.380107438198728,4.54,0.771
5390,2023-08-13 13:00:00,19.708235764411956,5.07,0.841
5391,2023-08-13 14:00:00,19.48427853981636,5.0,0.758
5392,2023-08-13 15:00:00,20.380107438198728,3.24,0.593
5393,2023-08-13 16:00:00,21.27593633658109,2.9,0.521
5394,2023-08-13 17:00:00,21.947808010367854,2.83,0.391
5395,2023-08-13 18:00:00,22.395722459559043,2.91,0.199
5396,2023-08-13 19:00:00,21.723850785772267,3.2,0.041
5397,2023-08-13 20:00:00,21.0519791119855,3.42,0.0
5398,2023-08-13 21:00:00,18.812406866029598,3.23,0.0
5399,2023-08-13 22:00:00,19.708235764411956,3.53,0.0
5400,2023-08-13 23:00:00,20.380107438198728,4.34,0.0
5401,2023-08-14 00:00:00,24.340693898002616,4.84,0.0
5402,2023-08-14 01:00:00,23.13868432279261,5.1,0.0
5403,2023-08-14 02:00:00,24.040191504200116,4.08,0.0
5404,2023-08-14 03:00:00,23.739689110397617,4.66,0.0
5405,2023-08-14 04:00:00,24.64119629180512,3.8,0.0
5406,2023-08-14 05:00:00,25.24220107941013,4.13,0.0
5407,2023-08-14 06:00:00,26.143708260817625,4.65,0.0
5408,2023-08-14 07:00:00,27.04521544222513,4.05,0.015
5409,2023-08-14 08:00:00,28.24722501743514,3.67,0.107
5410,2023-08-14 09:00:00,28.547727411237634,3.26,0.314
5411,2023-08-14 10:00:00,28.24722501743514,4.53,0.349
5412,2023-08-14 11:00:00,27.946722623632628,5.92,0.686
5413,2023-08-14 12:00:00,27.345717836027628,5.36,0.764
5414,2023-08-14 13:00:00,26.444210654620125,5.28,0.839
5415,2023-08-14 14:00:00,26.143708260817625,5.08,0.863
5416,2023-08-14 15:00:00,27.345717836027628,4.76,0.708
5417,2023-08-14 16:00:00,28.547727411237634,4.53,0.611
5418,2023-08-14 17:00:00,29.44923459264514,3.75,0.38
5419,2023-08-14 18:00:00,30.050239380250144,2.55,0.161
5420,2023-08-14 19:00:00,29.14873219884264,2.42,0.043
5421,2023-08-14 20:00:00,28.24722501743514,3.21,0.0
5422,2023-08-14 21:00:00,25.24220107941013,2.79,0.0
5423,2023-08-14 22:00:00,26.444210654620125,1.8,0.0
5424,2023-08-14 23:00:00,27.345717836027628,2.39,0.0
5425,2023-08-15 00:00:00,25.348429632633295,3.14,0.0
5426,2023-08-15 01:00:00,24.096655329787204,3.24,0.0
5427,2023-08-15 02:00:00,25.035486056921776,3.34,0.0
5428,2023-08-15 03:00:00,24.72254248121025,3.0,0.0
5429,2023-08-15 04:00:00,25.66137320834482,2.46,0.0
5430,2023-08-15 05:00:00,26.287260359767863,1.9,0.0
5431,2023-08-15 06:00:00,27.22609108690243,1.61,0.0
5432,2023-08-15 07:00:00,28.164921814037,1.26,0.018
5433,2023-08-15 08:00:00,29.416696116883084,1.06,0.165
5434,2023-08-15 09:00:00,29.729639692594603,0.3,0.379
5435,2023-08-15 10:00:00,29.416696116883084,2.19,0.462
5436,2023-08-15 11:00:00,29.10375254117156,2.84,0.683
5437,2023-08-15 12:00:00,28.477865389748523,3.67,0.669
5438,2023-08-15 13:00:00,27.539034662613957,3.94,0.765
5439,2023-08-15 14:00:00,27.22609108690243,3.55,0.642
5440,2023-08-15 15:00:00,28.477865389748523,2.5,0.542
5441,2023-08-15 16:00:00,29.729639692594603,2.38,0.35
5442,2023-08-15 17:00:00,30.66847041972917,2.33,0.191
5443,2023-08-15 18:00:00,31.29435757115222,2.05,0.067
5444,2023-08-15 19:00:00,30.355526844017653,1.36,0.013
5445,2023-08-15 20:00:00,29.416696116883084,0.78,0.0
5446,2023-08-15 21:00:00,26.287260359767863,1.08,0.0
5447,2023-08-15 22:00:00,27.539034662613957,1.91,0.0
5448,2023-08-15 23:00:00,28.477865389748523,3.0,0.0
5449,2023-08-16 00:00:00,24.70244518735722,2.0,0.0
5450,2023-08-16 01:00:00,23.48257135094452,1.5,0.0
5451,2023-08-16 02:00:00,24.397476728254045,0.89,0.0
5452,2023-08-16 03:00:00,24.092508269150876,1.14,0.0
5453,2023-08-16 04:00:00,25.0074136464604,1.61,0.0
5454,2023-08-16 05:00:00,25.617350564666744,2.24,0.0
5455,2023-08-16 06:00:00,26.53225594197627,2.93,0.0
5456,2023-08-16 07:00:00,27.4471613192858,3.54,0.018
5457,2023-08-16 08:00:00,28.6670351556985,3.52,0.153
5458,2023-08-16 09:00:00,28.97200361480168,3.31,0.336
5459,2023-08-16 10:00:00,28.6670351556985,4.76,0.522
5460,2023-08-16 11:00:00,28.362066696595328,4.02,0.66
5461,2023-08-16 12:00:00,27.752129778388973,5.02,0.803
5462,2023-08-16 13:00:00,26.837224401079453,5.05,0.863
5463,2023-08-16 14:00:00,26.53225594197627,5.01,0.749
5464,2023-08-16 15:00:00,27.752129778388973,4.22,0.185
5465,2023-08-16 16:00:00,28.97200361480168,3.81,0.16
5466,2023-08-16 17:00:00,29.88690899211121,3.99,0.12
5467,2023-08-16 18:00:00,30.49684591031756,4.24,0.072
5468,2023-08-16 19:00:00,29.581940533008027,3.22,0.01
5469,2023-08-16 20:00:00,28.6670351556985,2.86,0.0
5470,2023-08-16 21:00:00,25.617350564666744,1.97,0.0
5471,2023-08-16 22:00:00,26.837224401079453,2.34,0.0
5472,2023-08-16 23:00:00,27.752129778388973,3.81,0.0
5473,2023-08-17 00:00:00,25.83937781104312,3.48,0.0
5474,2023-08-17 01:00:00,24.56335915370765,1.66,0.0
5475,2023-08-17 02:00:00,25.52037314670925,1.77,0.0
5476,2023-08-17 03:00:00,25.201368482375383,2.5,0.0
5477,2023-08-17 04:00:00,26.158382475376985,3.01,0.0
5478,2023-08-17 05:00:00,26.796391804044717,3.67,0.0
5479,2023-08-17 06:00:00,27.753405797046312,3.86,0.0
5480,2023-08-17 07:00:00,28.71041979004791,4.17,0.008
5481,2023-08-17 08:00:00,29.986438447383367,5.38,0.102
5482,2023-08-17 09:00:00,30.305443111717235,4.32,0.148
5483,2023-08-17 10:00:00,29.986438447383367,5.25,0.494
5484,2023-08-17 11:00:00,29.6674337830495,4.66,0.506
5485,2023-08-17 12:00:00,29.029424454381772,5.61,0.615
5486,2023-08-17 13:00:00,28.072410461380176,6.22,0.799
5487,2023-08-17 14:00:00,27.753405797046312,7.39,0.785
5488,2023-08-17 15:00:00,29.029424454381772,6.62,0.766
5489,2023-08-17 16:00:00,30.305443111717235,6.38,0.523
5490,2023-08-17 17:00:00,31.26245710471883,6.6,0.262
5491,2023-08-17 18:00:00,31.90046643338657,6.74,0.183
5492,2023-08-17 19:00:00,30.943452440384966,7.59,0.03
5493,2023-08-17 20:00:00,29.986438447383367,7.31,0.0
5494,2023-08-17 21:00:00,26.796391804044717,7.27,0.0
5495,2023-08-17 22:00:00,28.072410461380176,7.18,0.0
5496,2023-08-17 23:00:00,29.029424454381772,7.1,0.0
5497,2023-08-18 00:00:00,25.19339336576704,7.29,0.0
5498,2023-08-18 01:00:00,23.949275174864965,7.45,0.0
5499,2023-08-18 02:00:00,24.88236381804152,6.64,0.0
5500,2023-08-18 03:00:00,24.571334270316004,5.6,0.0
5501,2023-08-18 04:00:00,25.50442291349256,5.31,0.0
5502,2023-08-18 05:00:00,26.1264820089436,5.47,0.0
5503,2023-08-18 06:00:00,27.059570652120158,4.9,0.0
5504,2023-08-18 07:00:00,27.99265929529671,4.94,0.01
5505,2023-08-18 08:00:00,29.23677748619879,4.14,0.115
5506,2023-08-18 09:00:00,29.5478070339243,3.64,0.304
5507,2023-08-18 10:00:00,29.23677748619879,3.01,0.524
5508,2023-08-18 11:00:00,28.92574793847327,1.84,0.617
5509,2023-08-18 12:00:00,28.30368884302223,3.55,0.774
5510,2023-08-18 13:00:00,27.37060019984568,2.91,0.73
5511,2023-08-18 14:00:00,27.059570652120158,3.33,0.774
5512,2023-08-18 15:00:00,28.30368884302223,4.3,0.638
5513,2023-08-18 16:00:00,29.5478070339243,2.52,0.488
5514,2023-08-18 17:00:00,30.480895677100865,1.68,0.338
5515,2023-08-18 18:00:00,31.102954772551904,2.46,0.149
5516,2023-08-18 19:00:00,30.169866129375343,2.94,0.034
5517,2023-08-18 20:00:00,29.23677748619879,2.6,0.0
5518,2023-08-18 21:00:00,26.1264820089436,2.05,0.0
5519,2023-08-18 22:00:00,27.37060019984568,2.41,0.0
5520,2023-08-18 23:00:00,28.30368884302223,2.26,0.0
5521,2023-08-19 00:00:00,18.729673006334604,2.13,0.0
5522,2023-08-19 01:00:00,17.804750882564996,2.33,0.0
5523,2023-08-19 02:00:00,18.4984424753922,3.4,0.0
5524,2023-08-19 03:00:00,18.2672119444498,2.69,0.0
5525,2023-08-19 04:00:00,18.960903537277005,3.45,0.0
5526,2023-08-19 05:00:00,19.42336459916181,3.3,0.0
5527,2023-08-19 06:00:00,20.11705619198901,3.44,0.0
5528,2023-08-19 07:00:00,20.81074778481623,4.18,0.016
5529,2023-08-19 08:00:00,21.73566990858584,3.34,0.159
5530,2023-08-19 09:00:00,21.96690043952824,2.5,0.361
5531,2023-08-19 10:00:00,21.73566990858584,2.2,0.535
5532,2023-08-19 11:00:00,21.504439377643436,4.64,0.707
5533,2023-08-19 12:00:00,21.041978315758627,3.96,0.811
5534,2023-08-19 13:00:00,20.34828672293142,3.94,0.87
5535,2023-08-19 14:00:00,20.11705619198901,4.24,0.801
5536,2023-08-19 15:00:00,21.041978315758627,4.63,0.743
5537,2023-08-19 16:00:00,21.96690043952824,5.61,0.623
5538,2023-08-19 17:00:00,22.66059203235545,5.74,0.392
5539,2023-08-19 18:00:00,23.12305309424025,5.97,0.19
5540,2023-08-19 19:00:00,22.42936150141304,5.95,0.036
5541,2023-08-19 20:00:00,21.73566990858584,5.73,0.0
5542,2023-08-19 21:00:00,19.42336459916181,5.51,0.0
5543,2023-08-19 22:00:00,20.34828672293142,4.7,0.0
5544,2023-08-19 23:00:00,21.041978315758627,4.6,0.0
5545,2023-08-20 00:00:00,18.14053519224282,4.6,0.0
5546,2023-08-20 01:00:00,17.24470629386046,4.41,0.0
5547,2023-08-20 02:00:00,17.916577967647235,4.3,0.0
5548,2023-08-20 03:00:00,17.692620743051645,4.23,0.0
5549,2023-08-20 04:00:00,18.364492416838413,3.62,0.0
5550,2023-08-20 05:00:00,18.812406866029598,3.9,0.0
5551,2023-08-20 06:00:00,19.48427853981636,4.13,0.0
5552,2023-08-20 07:00:00,20.156150213603137,3.95,0.018
5553,2023-08-20 08:00:00,21.0519791119855,3.71,0.159
5554,2023-08-20 09:00:00,21.27593633658109,4.89,0.347
5555,2023-08-20 10:00:00,21.0519791119855,5.36,0.424
5556,2023-08-20 11:00:00,20.828021887389905,5.59,0.536
5557,2023-08-20 12:00:00,20.380107438198728,5.52,0.532
5558,2023-08-20 13:00:00,19.708235764411956,5.33,0.615
5559,2023-08-20 14:00:00,19.48427853981636,5.08,0.288
5560,2023-08-20 15:00:00,20.380107438198728,3.78,0.261
5561,2023-08-20 16:00:00,21.27593633658109,4.2,0.24
5562,2023-08-20 17:00:00,21.947808010367854,2.82,0.23
5563,2023-08-20 18:00:00,22.395722459559043,2.25,0.125
5564,2023-08-20 19:00:00,21.723850785772267,1.61,0.015
5565,2023-08-20 20:00:00,21.0519791119855,0.51,0.0
5566,2023-08-20 21:00:00,18.812406866029598,1.33,0.0
5567,2023-08-20 22:00:00,19.708235764411956,1.41,0.0
5568,2023-08-20 23:00:00,20.380107438198728,2.09,0.0
5569,2023-08-21 00:00:00,24.340693898002616,2.31,0.0
5570,2023-08-21 01:00:00,23.13868432279261,2.83,0.0
5571,2023-08-21 02:00:00,24.040191504200116,3.94,0.0
5572,2023-08-21 03:00:00,23.739689110397617,4.0,0.0
5573,2023-08-21 04:00:00,24.64119629180512,4.25,0.0
5574,2023-08-21 05:00:00,25.24220107941013,6.12,0.0
5575,2023-08-21 06:00:00,26.143708260817625,7.0,0.0
5576,2023-08-21 07:00:00,27.04521544222513,6.22,0.004
5577,2023-08-21 08:00:00,28.24722501743514,6.15,0.037
5578,2023-08-21 09:00:00,28.547727411237634,5.11,0.255
5579,2023-08-21 10:00:00,28.24722501743514,4.46,0.517
5580,2023-08-21 11:00:00,27.946722623632628,3.08,0.697
5581,2023-08-21 12:00:00,27.345717836027628,4.1,0.66
5582,2023-08-21 13:00:00,26.444210654620125,5.26,0.878
5583,2023-08-21 14:00:00,26.143708260817625,5.22,0.899
5584,2023-08-21 15:00:00,27.345717836027628,4.88,0.775
5585,2023-08-21 16:00:00,28.547727411237634,4.62,0.613
5586,2023-08-21 17:00:00,29.44923459264514,4.34,0.415
5587,2023-08-21 18:00:00,30.050239380250144,3.97,0.197
5588,2023-08-21 19:00:00,29.14873219884264,3.85,0.035
5589,2023-08-21 20:00:00,28.24722501743514,4.03,0.0
5590,2023-08-21 21:00:00,25.24220107941013,3.08,0.0
5591,2023-08-21 22:00:00,26.444210654620125,2.64,0.0
5592,2023-08-21 23:00:00,27.345717836027628,1.43,0.0
5593,2023-08-22 00:00:00,25.348429632633295,1.81,0.0
5594,2023-08-22 01:00:00,24.096655329787204,2.33,0.0
5595,2023-08-22 02:00:00,25.035486056921776,2.65,0.0
5596,2023-08-22 03:00:00,24.72254248121025,2.5,0.0
5597,2023-08-22 04:00:00,25.66137320834482,2.02,0.0
5598,2023-08-22 05:00:00,26.287260359767863,1.33,0.0
5599,2023-08-22 06:00:00,27.22609108690243,0.92,0.0
5600,2023-08-22 07:00:00,28.164921814037,1.35,0.018
5601,2023-08-22 08:00:00,29.416696116883084,1.35,0.164
5602,2023-08-22 09:00:00,29.729639692594603,1.14,0.371
5603,2023-08-22 10:00:00,29.416696116883084,1.78,0.569
5604,2023-08-22 11:00:00,29.10375254117156,2.73,0.716
5605,2023-08-22 12:00:00,28.477865389748523,3.0,0.813
5606,2023-08-22 13:00:00,27.539034662613957,2.84,0.559
5607,2023-08-22 14:00:00,27.22609108690243,2.39,0.375
5608,2023-08-22 15:00:00,28.477865389748523,2.64,0.366
5609,2023-08-22 16:00:00,29.729639692594603,3.1,0.467
5610,2023-08-22 17:00:00,30.66847041972917,2.82,0.204
5611,2023-08-22 18:00:00,31.29435757115222,2.9,0.067
5612,2023-08-22 19:00:00,30.355526844017653,2.7,0.018
5613,2023-08-22 20:00:00,29.416696116883084,2.5,0.0
5614,2023-08-22 21:00:00,26.287260359767863,2.15,0.0
5615,2023-08-22 22:00:00,27.539034662613957,2.15,0.0
5616,2023-08-22 23:00:00,28.477865389748523,1.6,0.0
5617,2023-08-23 00:00:00,24.70244518735722,1.52,0.0
5618,2023-08-23 01:00:00,23.48257135094452,1.79,0.0
5619,2023-08-23 02:00:00,24.397476728254045,2.28,0.0
5620,2023-08-23 03:00:00,24.092508269150876,3.14,0.0
5621,2023-08-23 04:00:00,25.0074136464604,2.73,0.0
5622,2023-08-23 05:00:00,25.617350564666744,3.03,0.0
5623,2023-08-23 06:00:00,26.53225594197627,3.44,0.0
5624,2023-08-23 07:00:00,27.4471613192858,3.71,0.016
5625,2023-08-23 08:00:00,28.6670351556985,3.31,0.16
5626,2023-08-23 09:00:00,28.97200361480168,2.77,0.387
5627,2023-08-23 10:00:00,28.6670351556985,3.88,0.597
5628,2023-08-23 11:00:00,28.362066696595328,4.44,0.767
5629,2023-08-23 12:00:00,27.752129778388973,4.12,0.894
5630,2023-08-23 13:00:00,26.837224401079453,3.45,0.94
5631,2023-08-23 14:00:00,26.53225594197627,2.87,0.91
5632,2023-08-23 15:00:00,27.752129778388973,2.88,0.81
5633,2023-08-23 16:00:00,28.97200361480168,3.04,0.648
5634,2023-08-23 17:00:00,29.88690899211121,3.1,0.442
5635,2023-08-23 18:00:00,30.49684591031756,3.32,0.217
5636,2023-08-23 19:00:00,29.581940533008027,4.31,0.039
5637,2023-08-23 20:00:00,28.6670351556985,4.54,0.0
5638,2023-08-23 21:00:00,25.617350564666744,4.37,0.0
5639,2023-08-23 22:00:00,26.837224401079453,4.24,0.0
5640,2023-08-23 23:00:00,27.752129778388973,2.36,0.0
5641,2023-08-24 00:00:00,25.83937781104312,1.56,0.0
5642,2023-08-24 01:00:00,24.56335915370765,2.16,0.0
5643,2023-08-24 02:00:00,25.52037314670925,3.21,0.0
5644,2023-08-24 03:00:00,25.201368482375383,3.75,0.0
5645,2023-08-24 04:00:00,26.158382475376985,4.3,0.0
5646,2023-08-24 05:00:00,26.796391804044717,3.54,0.0
5647,2023-08-24 06:00:00,27.753405797046312,2.89,0.0
5648,2023-08-24 07:00:00,28.71041979004791,3.22,0.018
5649,2023-08-24 08:00:00,29.986438447383367,2.8,0.17
5650,2023-08-24 09:00:00,30.305443111717235,2.04,0.395
5651,2023-08-24 10:00:00,29.986438447383367,1.49,0.593
5652,2023-08-24 11:00:00,29.6674337830495,3.13,0.732
5653,2023-08-24 12:00:00,29.029424454381772,2.52,0.877
5654,2023-08-24 13:00:00,28.072410461380176,1.14,0.938
5655,2023-08-24 14:00:00,27.753405797046312,0.78,0.876
5656,2023-08-24 15:00:00,29.029424454381772,2.16,0.79
5657,2023-08-24 16:00:00,30.305443111717235,2.66,0.622
5658,2023-08-24 17:00:00,31.26245710471883,1.75,0.41
5659,2023-08-24 18:00:00,31.90046643338657,1.75,0.2
5660,2023-08-24 19:00:00,30.943452440384966,3.31,0.034
5661,2023-08-24 20:00:00,29.986438447383367,3.64,0.0
5662,2023-08-24 21:00:00,26.796391804044717,3.18,0.0
5663,2023-08-24 22:00:00,28.072410461380176,2.9,0.0
5664,2023-08-24 23:00:00,29.029424454381772,1.97,0.0
5665,2023-08-25 00:00:00,25.19339336576704,1.3,0.0
5666,2023-08-25 01:00:00,23.949275174864965,0.86,0.0
5667,2023-08-25 02:00:00,24.88236381804152,0.51,0.0
5668,2023-08-25 03:00:00,24.571334270316004,1.0,0.0
5669,2023-08-25 04:00:00,25.50442291349256,1.08,0.0
5670,2023-08-25 05:00:00,26.1264820089436,1.2,0.0
5671,2023-08-25 06:00:00,27.059570652120158,1.46,0.0
5672,2023-08-25 07:00:00,27.99265929529671,1.03,0.017
5673,2023-08-25 08:00:00,29.23677748619879,1.12,0.163
5674,2023-08-25 09:00:00,29.5478070339243,2.91,0.308
5675,2023-08-25 10:00:00,29.23677748619879,3.97,0.498
5676,2023-08-25 11:00:00,28.92574793847327,4.02,0.625
5677,2023-08-25 12:00:00,28.30368884302223,4.61,0.782
5678,2023-08-25 13:00:00,27.37060019984568,5.36,0.808
5679,2023-08-25 14:00:00,27.059570652120158,4.3,0.857
5680,2023-08-25 15:00:00,28.30368884302223,3.54,0.775
5681,2023-08-25 16:00:00,29.5478070339243,3.3,0.588
5682,2023-08-25 17:00:00,30.480895677100865,3.72,0.352
5683,2023-08-25 18:00:00,31.102954772551904,3.42,0.179
5684,2023-08-25 19:00:00,30.169866129375343,2.94,0.035
5685,2023-08-25 20:00:00,29.23677748619879,2.83,0.0
5686,2023-08-25 21:00:00,26.1264820089436,2.51,0.0
5687,2023-08-25 22:00:00,27.37060019984568,2.04,0.0
5688,2023-08-25 23:00:00,28.30368884302223,0.86,0.0
5689,2023-08-26 00:00:00,18.729673006334604,1.08,0.0
5690,2023-08-26 01:00:00,17.804750882564996,1.2,0.0
5691,2023-08-26 02:00:00,18.4984424753922,1.24,0.0
5692,2023-08-26 03:00:00,18.2672119444498,0.82,0.0
5693,2023-08-26 04:00:00,18.960903537277005,0.58,0.0
5694,2023-08-26 05:00:00,19.42336459916181,0.32,0.0
5695,2023-08-26 06:00:00,20.11705619198901,0.61,0.0
5696,2023-08-26 07:00:00,20.81074778481623,0.82,0.017
5697,2023-08-26 08:00:00,21.73566990858584,0.41,0.16
5698,2023-08-26 09:00:00,21.96690043952824,0.61,0.381
5699,2023-08-26 10:00:00,21.73566990858584,1.26,0.586
5700,2023-08-26 11:00:00,21.504439377643436,3.18,0.742
5701,2023-08-26 12:00:00,21.041978315758627,4.18,0.827
5702,2023-08-26 13:00:00,20.34828672293142,3.92,0.865
5703,2023-08-26 14:00:00,20.11705619198901,4.2,0.82
5704,2023-08-26 15:00:00,21.041978315758627,4.11,0.75
5705,2023-08-26 16:00:00,21.96690043952824,3.81,0.606
5706,2023-08-26 17:00:00,22.66059203235545,3.49,0.415
5707,2023-08-26 18:00:00,23.12305309424025,2.92,0.188
5708,2023-08-26 19:00:00,22.42936150141304,2.05,0.03
5709,2023-08-26 20:00:00,21.73566990858584,1.53,0.0
5710,2023-08-26 21:00:00,19.42336459916181,0.71,0.0
5711,2023-08-26 22:00:00,20.34828672293142,0.14,0.0
5712,2023-08-26 23:00:00,21.041978315758627,1.2,0.0
5713,2023-08-27 00:00:00,18.14053519224282,0.76,0.0
5714,2023-08-27 01:00:00,17.24470629386046,0.58,0.0
5715,2023-08-27 02:00:00,17.916577967647235,0.67,0.0
5716,2023-08-27 03:00:00,17.692620743051645,1.32,0.0
5717,2023-08-27 04:00:00,18.364492416838413,2.21,0.0
5718,2023-08-27 05:00:00,18.812406866029598,2.09,0.0
5719,2023-08-27 06:00:00,19.48427853981636,1.89,0.0
5720,2023-08-27 07:00:00,20.156150213603137,2.69,0.018
5721,2023-08-27 08:00:00,21.0519791119855,2.02,0.171
5722,2023-08-27 09:00:00,21.27593633658109,1.71,0.374
5723,2023-08-27 10:00:00,21.0519791119855,1.63,0.592
5724,2023-08-27 11:00:00,20.828021887389905,1.36,0.732
5725,2023-08-27 12:00:00,20.380107438198728,1.44,0.868
5726,2023-08-27 13:00:00,19.708235764411956,2.89,0.9
5727,2023-08-27 14:00:00,19.48427853981636,3.26,0.867
5728,2023-08-27 15:00:00,20.380107438198728,3.51,0.771
5729,2023-08-27 16:00:00,21.27593633658109,3.52,0.625
5730,2023-08-27 17:00:00,21.947808010367854,3.81,0.414
5731,2023-08-27 18:00:00,22.395722459559043,3.86,0.186
5732,2023-08-27 19:00:00,21.723850785772267,4.14,0.034
5733,2023-08-27 20:00:00,21.0519791119855,2.02,0.0
5734,2023-08-27 21:00:00,18.812406866029598,2.18,0.0
5735,2023-08-27 22:00:00,19.708235764411956,2.34,0.0
5736,2023-08-27 23:00:00,20.380107438198728,2.15,0.0
5737,2023-08-28 00:00:00,24.340693898002616,1.97,0.0
5738,2023-08-28 01:00:00,23.13868432279261,1.25,0.0
5739,2023-08-28 02:00:00,24.040191504200116,1.53,0.0
5740,2023-08-28 03:00:00,23.739689110397617,2.2,0.0
5741,2023-08-28 04:00:00,24.64119629180512,2.06,0.0
5742,2023-08-28 05:00:00,25.24220107941013,2.2,0.0
5743,2023-08-28 06:00:00,26.143708260817625,1.92,0.0
5744,2023-08-28 07:00:00,27.04521544222513,1.58,0.018
5745,2023-08-28 08:00:00,28.24722501743514,0.86,0.166
5746,2023-08-28 09:00:00,28.547727411237634,0.5,0.391
5747,2023-08-28 10:00:00,28.24722501743514,0.64,0.613
5748,2023-08-28 11:00:00,27.946722623632628,1.21,0.766
5749,2023-08-28 12:00:00,27.345717836027628,1.84,0.881
5750,2023-08-28 13:00:00,26.444210654620125,2.09,0.921
5751,2023-08-28 14:00:00,26.143708260817625,2.41,0.886
5752,2023-08-28 15:00:00,27.345717836027628,2.76,0.775
5753,2023-08-28 16:00:00,28.547727411237634,2.75,0.569
5754,2023-08-28 17:00:00,29.44923459264514,2.7,0.375
5755,2023-08-28 18:00:00,30.050239380250144,2.33,0.172
5756,2023-08-28 19:00:00,29.14873219884264,0.76,0.028
5757,2023-08-28 20:00:00,28.24722501743514,2.18,0.0
5758,2023-08-28 21:00:00,25.24220107941013,2.9,0.0
5759,2023-08-28 22:00:00,26.444210654620125,2.86,0.0
5760,2023-08-28 23:00:00,27.345717836027628,2.76,0.0
5761,2023-08-29 00:00:00,25.348429632633295,2.37,0.0
5762,2023-08-29 01:00:00,24.096655329787204,2.66,0.0
5763,2023-08-29 02:00:00,25.035486056921776,2.73,0.0
5764,2023-08-29 03:00:00,24.72254248121025,3.21,0.0
5765,2023-08-29 04:00:00,25.66137320834482,3.16,0.0
5766,2023-08-29 05:00:00,26.287260359767863,2.62,0.0
5767,2023-08-29 06:00:00,27.22609108690243,2.84,0.0
5768,2023-08-29 07:00:00,28.164921814037,3.61,0.015
5769,2023-08-29 08:00:00,29.416696116883084,3.14,0.144
5770,2023-08-29 09:00:00,29.729639692594603,3.64,0.355
5771,2023-08-29 10:00:00,29.416696116883084,4.46,0.41
5772,2023-08-29 11:00:00,29.10375254117156,4.47,0.635
5773,2023-08-29 12:00:00,28.477865389748523,4.17,0.841
5774,2023-08-29 13:00:00,27.539034662613957,3.14,0.912
5775,2023-08-29 14:00:00,27.22609108690243,2.95,0.825
5776,2023-08-29 15:00:00,28.477865389748523,2.66,0.681
5777,2023-08-29 16:00:00,29.729639692594603,1.84,0.561
5778,2023-08-29 17:00:00,30.66847041972917,1.26,0.373
5779,2023-08-29 18:00:00,31.29435757115222,4.16,0.166
5780,2023-08-29 19:00:00,30.355526844017653,3.14,0.02
5781,2023-08-29 20:00:00,29.416696116883084,3.47,0.0
5782,2023-08-29 21:00:00,26.287260359767863,5.15,0.0
5783,2023-08-29 22:00:00,27.539034662613957,3.62,0.0
5784,2023-08-29 23:00:00,28.477865389748523,4.01,0.0
5785,2023-08-30 00:00:00,24.70244518735722,4.32,0.0
5786,2023-08-30 01:00:00,23.48257135094452,5.1,0.0
5787,2023-08-30 02:00:00,24.397476728254045,5.41,0.0
5788,2023-08-30 03:00:00,24.092508269150876,5.01,0.0
5789,2023-08-30 04:00:00,25.0074136464604,4.81,0.0
5790,2023-08-30 05:00:00,25.617350564666744,3.75,0.0
5791,2023-08-30 06:00:00,26.53225594197627,3.2,0.0
5792,2023-08-30 07:00:00,27.4471613192858,2.62,0.011
5793,2023-08-30 08:00:00,28.6670351556985,2.25,0.133
5794,2023-08-30 09:00:00,28.97200361480168,2.13,0.234
5795,2023-08-30 10:00:00,28.6670351556985,2.62,0.443
5796,2023-08-30 11:00:00,28.362066696595328,2.55,0.601
5797,2023-08-30 12:00:00,27.752129778388973,2.21,0.561
5798,2023-08-30 13:00:00,26.837224401079453,0.8,0.693
5799,2023-08-30 14:00:00,26.53225594197627,2.2,0.507
5800,2023-08-30 15:00:00,27.752129778388973,3.0,0.454
5801,2023-08-30 16:00:00,28.97200361480168,2.83,0.185
5802,2023-08-30 17:00:00,29.88690899211121,2.91,0.119
5803,2023-08-30 18:00:00,30.49684591031756,2.6,0.123
5804,2023-08-30 19:00:00,29.581940533008027,2.38,0.023
5805,2023-08-30 20:00:00,28.6670351556985,3.01,0.0
5806,2023-08-30 21:00:00,25.617350564666744,5.89,0.0
5807,2023-08-30 22:00:00,26.837224401079453,4.85,0.0
5808,2023-08-30 23:00:00,27.752129778388973,5.92,0.0
5809,2023-08-31 00:00:00,25.83937781104312,5.49,0.0
5810,2023-08-31 01:00:00,24.56335915370765,4.34,0.0
5811,2023-08-31 02:00:00,25.52037314670925,6.4,0.0
5812,2023-08-31 03:00:00,25.201368482375383,8.06,0.0
5813,2023-08-31 04:00:00,26.158382475376985,8.88,0.0
5814,2023-08-31 05:00:00,26.796391804044717,9.02,0.0
5815,2023-08-31 06:00:00,27.753405797046312,9.15,0.0
5816,2023-08-31 07:00:00,28.71041979004791,9.42,0.014
5817,2023-08-31 08:00:00,29.986438447383367,8.98,0.123
5818,2023-08-31 09:00:00,30.305443111717235,9.85,0.248
5819,2023-08-31 10:00:00,29.986438447383367,9.28,0.439
5820,2023-08-31 11:00:00,29.6674337830495,8.59,0.595
5821,2023-08-31 12:00:00,29.029424454381772,8.77,0.548
5822,2023-08-31 13:00:00,28.072410461380176,9.7,0.79
5823,2023-08-31 14:00:00,27.753405797046312,9.97,0.732
5824,2023-08-31 15:00:00,29.029424454381772,9.77,0.646
5825,2023-08-31 16:00:00,30.305443111717235,9.53,0.451
5826,2023-08-31 17:00:00,31.26245710471883,9.13,0.284
5827,2023-08-31 18:00:00,31.90046643338657,8.26,0.182
5828,2023-08-31 19:00:00,30.943452440384966,8.49,0.023
5829,2023-08-31 20:00:00,29.986438447383367,7.3,0.0
5830,2023-08-31 21:00:00,26.796391804044717,9.18,0.0
5831,2023-08-31 22:00:00,28.072410461380176,9.31,0.0
5832,2023-08-31 23:00:00,29.029424454381772,7.16,0.0
5833,2023-09-01 00:00:00,26.845027771926212,5.8,0.0
5834,2023-09-01 01:00:00,27.180590619075293,6.53,0.0
5835,2023-09-01 02:00:00,27.516153466224367,6.82,0.0
5836,2023-09-01 03:00:00,28.187279160522525,6.76,0.0
5837,2023-09-01 04:00:00,28.858404854820684,6.62,0.0
5838,2023-09-01 05:00:00,28.858404854820684,7.88,0.0
5839,2023-09-01 06:00:00,29.865093396267916,8.21,0.0
5840,2023-09-01 07:00:00,30.200656243417,7.09,0.006
5841,2023-09-01 08:00:00,30.871781937715145,8.02,0.061
5842,2023-09-01 09:00:00,31.542907632013303,6.81,0.163
5843,2023-09-01 10:00:00,32.21403332631146,7.43,0.443
5844,2023-09-01 11:00:00,31.87847047916238,6.94,0.546
5845,2023-09-01 12:00:00,31.542907632013303,7.88,0.407
5846,2023-09-01 13:00:00,30.871781937715145,7.38,0.301
5847,2023-09-01 14:00:00,30.200656243417,7.52,0.303
5848,2023-09-01 15:00:00,30.200656243417,6.96,0.244
5849,2023-09-01 16:00:00,30.871781937715145,6.01,0.142
5850,2023-09-01 17:00:00,33.55628471490777,5.65,0.118
5851,2023-09-01 18:00:00,33.55628471490777,7.31,0.072
5852,2023-09-01 19:00:00,33.55628471490777,5.43,0.018
5853,2023-09-01 20:00:00,32.549596173460536,3.01,0.0
5854,2023-09-01 21:00:00,31.207344784864222,2.34,0.0
5855,2023-09-01 22:00:00,27.851716313373448,2.22,0.0
5856,2023-09-01 23:00:00,27.851716313373448,4.94,0.0
5857,2023-09-02 00:00:00,18.48700045864835,4.84,0.0
5858,2023-09-02 01:00:00,18.71808796438145,3.96,0.0
5859,2023-09-02 02:00:00,18.94917547011456,3.18,0.0
5860,2023-09-02 03:00:00,19.411350481580765,2.8,0.0
5861,2023-09-02 04:00:00,19.873525493046976,3.13,0.0
5862,2023-09-02 05:00:00,19.873525493046976,3.23,0.0
5863,2023-09-02 06:00:00,20.566788010246288,3.34,0.0
5864,2023-09-02 07:00:00,20.797875515979392,3.73,0.017
5865,2023-09-02 08:00:00,21.2600505274456,3.79,0.142
5866,2023-09-02 09:00:00,21.722225538911808,3.61,0.275
5867,2023-09-02 10:00:00,22.18440055037802,2.86,0.561
5868,2023-09-02 11:00:00,21.953313044644908,1.2,0.773
5869,2023-09-02 12:00:00,21.722225538911808,1.92,0.552
5870,2023-09-02 13:00:00,21.2600505274456,2.94,0.514
5871,2023-09-02 14:00:00,20.797875515979392,2.1,0.584
5872,2023-09-02 15:00:00,20.797875515979392,2.2,0.771
5873,2023-09-02 16:00:00,21.2600505274456,2.61,0.471
5874,2023-09-02 17:00:00,23.108750573310434,2.7,0.409
5875,2023-09-02 18:00:00,23.108750573310434,2.31,0.189
5876,2023-09-02 19:00:00,23.108750573310434,1.04,0.027
5877,2023-09-02 20:00:00,22.41548805611112,0.1,0.0
5878,2023-09-02 21:00:00,21.491138033178704,1.51,0.0
5879,2023-09-02 22:00:00,19.18026297584766,3.21,0.0
5880,2023-09-02 23:00:00,19.18026297584766,4.7,0.0
5881,2023-09-03 00:00:00,17.905495857065702,4.8,0.0
5882,2023-09-03 01:00:00,18.129314555279024,5.0,0.0
5883,2023-09-03 02:00:00,18.35313325349234,5.53,0.0
5884,2023-09-03 03:00:00,18.800770649918988,5.89,0.0
5885,2023-09-03 04:00:00,19.248408046345634,6.0,0.0
5886,2023-09-03 05:00:00,19.248408046345634,6.43,0.0
5887,2023-09-03 06:00:00,19.919864140985595,6.61,0.0
5888,2023-09-03 07:00:00,20.143682839198917,6.32,0.017
5889,2023-09-03 08:00:00,20.591320235625552,5.73,0.164
5890,2023-09-03 09:00:00,21.0389576320522,5.65,0.387
5891,2023-09-03 10:00:00,21.48659502847884,4.74,0.596
5892,2023-09-03 11:00:00,21.26277633026552,5.71,0.786
5893,2023-09-03 12:00:00,21.0389576320522,4.89,0.902
5894,2023-09-03 13:00:00,20.591320235625552,4.22,0.945
5895,2023-09-03 14:00:00,20.143682839198917,3.98,0.91
5896,2023-09-03 15:00:00,20.143682839198917,3.81,0.801
5897,2023-09-03 16:00:00,20.591320235625552,3.5,0.63
5898,2023-09-03 17:00:00,22.38186982133212,3.19,0.416
5899,2023-09-03 18:00:00,22.38186982133212,2.62,0.191
5900,2023-09-03 19:00:00,22.38186982133212,1.99,0.026
5901,2023-09-03 20:00:00,21.710413726692163,2.06,0.0
5902,2023-09-03 21:00:00,20.81513893383888,2.56,0.0
5903,2023-09-03 22:00:00,18.576951951705663,2.72,0.0
5904,2023-09-03 23:00:00,18.576951951705663,3.61,0.0
5905,2023-09-04 00:00:00,25.93642683195333,2.5,0.0
5906,2023-09-04 01:00:00,26.260632167352743,2.53,0.0
5907,2023-09-04 02:00:00,26.58483750275216,3.2,0.0
5908,2023-09-04 03:00:00,27.233248173550997,3.07,0.0
5909,2023-09-04 04:00:00,27.881658844349836,3.35,0.0
5910,2023-09-04 05:00:00,27.881658844349836,3.36,0.0
5911,2023-09-04 06:00:00,28.85427485054808,3.41,0.0
5912,2023-09-04 07:00:00,29.17848018594749,3.66,0.017
5913,2023-09-04 08:00:00,29.82689085674633,3.91,0.151
5914,2023-09-04 09:00:00,30.475301527545163,4.11,0.371
5915,2023-09-04 10:00:00,31.123712198344,3.82,0.591
5916,2023-09-04 11:00:00,30.79950686294458,4.5,0.768
5917,2023-09-04 12:00:00,30.475301527545163,4.64,0.895
5918,2023-09-04 13:00:00,29.82689085674633,4.22,0.933
5919,2023-09-04 14:00:00,29.17848018594749,3.5,0.887
5920,2023-09-04 15:00:00,29.17848018594749,3.76,0.797
5921,2023-09-04 16:00:00,29.82689085674633,4.2,0.604
5922,2023-09-04 17:00:00,32.42053353994166,4.36,0.407
5923,2023-09-04 18:00:00,32.42053353994166,4.48,0.191
5924,2023-09-04 19:00:00,32.42053353994166,5.23,0.025
5925,2023-09-04 20:00:00,31.44791753374341,5.02,0.0
5926,2023-09-04 21:00:00,30.151096192145747,4.75,0.0
5927,2023-09-04 22:00:00,26.90904283815158,4.08,0.0
5928,2023-09-04 23:00:00,26.90904283815158,3.5,0.0
5929,2023-09-05 00:00:00,27.01022794283038,2.83,0.0
5930,2023-09-05 01:00:00,27.347855792115755,2.22,0.0
5931,2023-09-05 02:00:00,27.68548364140114,2.6,0.0
5932,2023-09-05 03:00:00,28.360739339971893,3.4,0.0
5933,2023-09-05 04:00:00,29.03599503854266,3.8,0.0
5934,2023-09-05 05:00:00,29.03599503854266,4.42,0.0
5935,2023-09-05 06:00:00,30.048878586398796,5.02,0.0
5936,2023-09-05 07:00:00,30.386506435684176,5.4,0.017
5937,2023-09-05 08:00:00,31.06176213425493,4.8,0.166
5938,2023-09-05 09:00:00,31.73701783282569,4.83,0.383
5939,2023-09-05 10:00:00,32.41227353139646,5.19,0.588
5940,2023-09-05 11:00:00,32.07464568211108,5.25,0.789
5941,2023-09-05 12:00:00,31.73701783282569,5.76,0.892
5942,2023-09-05 13:00:00,31.06176213425493,5.89,0.925
5943,2023-09-05 14:00:00,30.386506435684176,6.52,0.885
5944,2023-09-05 15:00:00,30.386506435684176,7.56,0.784
5945,2023-09-05 16:00:00,31.06176213425493,7.89,0.58
5946,2023-09-05 17:00:00,33.762784928537975,7.79,0.352
5947,2023-09-05 18:00:00,33.762784928537975,6.84,0.159
5948,2023-09-05 19:00:00,33.762784928537975,5.87,0.018
5949,2023-09-05 20:00:00,32.74990138068183,6.1,0.0
5950,2023-09-05 21:00:00,31.39938998354032,6.1,0.0
5951,2023-09-05 22:00:00,28.02311149068652,5.82,0.0
5952,2023-09-05 23:00:00,28.02311149068652,4.28,0.0
5953,2023-09-06 00:00:00,26.32189389739637,4.3,0.0
5954,2023-09-06 01:00:00,26.65091757111383,5.1,0.0
5955,2023-09-06 02:00:00,26.97994124483128,5.14,0.0
5956,2023-09-06 03:00:00,27.637988592266197,5.05,0.0
5957,2023-09-06 04:00:00,28.296035939701103,4.6,0.0
5958,2023-09-06 05:00:00,28.296035939701103,4.3,0.0
5959,2023-09-06 06:00:00,29.283106960853463,4.31,0.0
5960,2023-09-06 07:00:00,29.61213063457092,4.44,0.011
5961,2023-09-06 08:00:00,30.270177982005823,5.82,0.125
5962,2023-09-06 09:00:00,30.92822532944074,6.68,0.35
5963,2023-09-06 10:00:00,31.586272676875648,7.02,0.383
5964,2023-09-06 11:00:00,31.257249003158197,7.18,0.57
5965,2023-09-06 12:00:00,30.92822532944074,7.97,0.825
5966,2023-09-06 13:00:00,30.270177982005823,8.0,0.839
5967,2023-09-06 14:00:00,29.61213063457092,7.72,0.746
5968,2023-09-06 15:00:00,29.61213063457092,7.73,0.739
5969,2023-09-06 16:00:00,30.270177982005823,6.87,0.27
5970,2023-09-06 17:00:00,32.90236737174546,6.72,0.319
5971,2023-09-06 18:00:00,32.90236737174546,5.6,0.149
5972,2023-09-06 19:00:00,32.90236737174546,6.0,0.012
5973,2023-09-06 20:00:00,31.915296350593103,5.41,0.0
5974,2023-09-06 21:00:00,30.599201655723284,5.16,0.0
5975,2023-09-06 22:00:00,27.30896491854874,4.03,0.0
5976,2023-09-06 23:00:00,27.30896491854874,5.63,0.0
5977,2023-09-07 00:00:00,27.533361817360223,5.5,0.0
5978,2023-09-07 01:00:00,27.877528840077225,6.52,0.0
5979,2023-09-07 02:00:00,28.22169586279423,6.9,0.0
5980,2023-09-07 03:00:00,28.910029908228235,6.35,0.0
5981,2023-09-07 04:00:00,29.59836395366224,7.63,0.0
5982,2023-09-07 05:00:00,29.59836395366224,6.97,0.0
5983,2023-09-07 06:00:00,30.630865021813246,5.42,0.0
5984,2023-09-07 07:00:00,30.97503204453025,8.66,0.007
5985,2023-09-07 08:00:00,31.66336608996426,9.49,0.103
5986,2023-09-07 09:00:00,32.35170013539827,9.14,0.215
5987,2023-09-07 10:00:00,33.040034180832265,10.17,0.488
5988,2023-09-07 11:00:00,32.69586715811527,7.22,0.663
5989,2023-09-07 12:00:00,32.35170013539827,7.59,0.855
5990,2023-09-07 13:00:00,31.66336608996426,7.72,0.866
5991,2023-09-07 14:00:00,30.97503204453025,7.93,0.881
5992,2023-09-07 15:00:00,30.97503204453025,7.32,0.738
5993,2023-09-07 16:00:00,31.66336608996426,6.91,0.604
5994,2023-09-07 17:00:00,34.416702271700274,7.01,0.387
5995,2023-09-07 18:00:00,34.416702271700274,6.21,0.161
5996,2023-09-07 19:00:00,34.416702271700274,6.14,0.02
5997,2023-09-07 20:00:00,33.384201203549274,6.02,0.0
5998,2023-09-07 21:00:00,32.00753311268126,5.75,0.0
5999,2023-09-07 22:00:00,28.56586288551123,5.63,0.0
6000,2023-09-07 23:00:00,28.56586288551123,5.04,0.0
6001,2023-09-08 00:00:00,26.845027771926212,4.98,0.0
6002,2023-09-08 01:00:00,27.180590619075293,5.13,0.0
6003,2023-09-08 02:00:00,27.516153466224367,5.02,0.0
6004,2023-09-08 03:00:00,28.187279160522525,4.98,0.0
6005,2023-09-08 04:00:00,28.858404854820684,4.33,0.0
6006,2023-09-08 05:00:00,28.858404854820684,3.55,0.0
6007,2023-09-08 06:00:00,29.865093396267916,3.41,0.0
6008,2023-09-08 07:00:00,30.200656243417,2.83,0.016
6009,2023-09-08 08:00:00,30.871781937715145,3.06,0.151
6010,2023-09-08 09:00:00,31.542907632013303,3.36,0.358
6011,2023-09-08 10:00:00,32.21403332631146,3.92,0.515
6012,2023-09-08 11:00:00,31.87847047916238,3.8,0.736
6013,2023-09-08 12:00:00,31.542907632013303,3.89,0.864
6014,2023-09-08 13:00:00,30.871781937715145,3.67,0.869
6015,2023-09-08 14:00:00,30.200656243417,3.94,0.868
6016,2023-09-08 15:00:00,30.200656243417,3.36,0.779
6017,2023-09-08 16:00:00,30.871781937715145,2.19,0.563
6018,2023-09-08 17:00:00,33.55628471490777,2.62,0.273
6019,2023-09-08 18:00:00,33.55628471490777,1.3,0.087
6020,2023-09-08 19:00:00,33.55628471490777,1.97,0.02
6021,2023-09-08 20:00:00,32.549596173460536,2.88,0.0
6022,2023-09-08 21:00:00,31.207344784864222,2.55,0.0
6023,2023-09-08 22:00:00,27.851716313373448,2.92,0.0
6024,2023-09-08 23:00:00,27.851716313373448,2.69,0.0
6025,2023-09-09 00:00:00,18.48700045864835,2.82,0.0
6026,2023-09-09 01:00:00,18.71808796438145,2.28,0.0
6027,2023-09-09 02:00:00,18.94917547011456,3.83,0.0
6028,2023-09-09 03:00:00,19.411350481580765,6.04,0.0
6029,2023-09-09 04:00:00,19.873525493046976,6.02,0.0
6030,2023-09-09 05:00:00,19.873525493046976,5.76,0.0
6031,2023-09-09 06:00:00,20.566788010246288,6.41,0.0
6032,2023-09-09 07:00:00,20.797875515979392,6.2,0.014
6033,2023-09-09 08:00:00,21.2600505274456,7.65,0.13
6034,2023-09-09 09:00:00,21.722225538911808,6.04,0.216
6035,2023-09-09 10:00:00,22.18440055037802,6.44,0.513
6036,2023-09-09 11:00:00,21.953313044644908,6.28,0.458
6037,2023-09-09 12:00:00,21.722225538911808,6.5,0.699
6038,2023-09-09 13:00:00,21.2600505274456,7.07,0.711
6039,2023-09-09 14:00:00,20.797875515979392,7.17,0.808
6040,2023-09-09 15:00:00,20.797875515979392,6.09,0.76
6041,2023-09-09 16:00:00,21.2600505274456,5.8,0.557
6042,2023-09-09 17:00:00,23.108750573310434,5.66,0.363
6043,2023-09-09 18:00:00,23.108750573310434,4.94,0.164
6044,2023-09-09 19:00:00,23.108750573310434,4.3,0.02
6045,2023-09-09 20:00:00,22.41548805611112,3.32,0.0
6046,2023-09-09 21:00:00,21.491138033178704,2.9,0.0
6047,2023-09-09 22:00:00,19.18026297584766,2.35,0.0
6048,2023-09-09 23:00:00,19.18026297584766,4.53,0.0
6049,2023-09-10 00:00:00,17.905495857065702,4.52,0.0
6050,2023-09-10 01:00:00,18.129314555279024,4.3,0.0
6051,2023-09-10 02:00:00,18.35313325349234,3.86,0.0
6052,2023-09-10 03:00:00,18.800770649918988,3.85,0.0
6053,2023-09-10 04:00:00,19.248408046345634,3.5,0.0
6054,2023-09-10 05:00:00,19.248408046345634,3.3,0.0
6055,2023-09-10 06:00:00,19.919864140985595,3.64,0.0
6056,2023-09-10 07:00:00,20.143682839198917,4.65,0.017
6057,2023-09-10 08:00:00,20.591320235625552,3.76,0.156
6058,2023-09-10 09:00:00,21.0389576320522,4.07,0.39
6059,2023-09-10 10:00:00,21.48659502847884,3.35,0.599
6060,2023-09-10 11:00:00,21.26277633026552,5.87,0.781
6061,2023-09-10 12:00:00,21.0389576320522,5.74,0.833
6062,2023-09-10 13:00:00,20.591320235625552,4.92,0.837
6063,2023-09-10 14:00:00,20.143682839198917,3.67,0.888
6064,2023-09-10 15:00:00,20.143682839198917,3.01,0.784
6065,2023-09-10 16:00:00,20.591320235625552,2.6,0.619
6066,2023-09-10 17:00:00,22.38186982133212,1.03,0.4
6067,2023-09-10 18:00:00,22.38186982133212,0.5,0.178
6068,2023-09-10 19:00:00,22.38186982133212,1.9,0.02
6069,2023-09-10 20:00:00,21.710413726692163,2.71,0.0
6070,2023-09-10 21:00:00,20.81513893383888,3.11,0.0
6071,2023-09-10 22:00:00,18.576951951705663,2.93,0.0
6072,2023-09-10 23:00:00,18.576951951705663,3.91,0.0
6073,2023-09-11 00:00:00,25.93642683195333,3.13,0.0
6074,2023-09-11 01:00:00,26.260632167352743,4.7,0.0
6075,2023-09-11 02:00:00,26.58483750275216,4.09,0.0
6076,2023-09-11 03:00:00,27.233248173550997,4.39,0.0
6077,2023-09-11 04:00:00,27.881658844349836,4.52,0.0
6078,2023-09-11 05:00:00,27.881658844349836,3.96,0.0
6079,2023-09-11 06:00:00,28.85427485054808,4.5,0.0
6080,2023-09-11 07:00:00,29.17848018594749,3.86,0.012
6081,2023-09-11 08:00:00,29.82689085674633,4.19,0.126
6082,2023-09-11 09:00:00,30.475301527545163,3.56,0.343
6083,2023-09-11 10:00:00,31.123712198344,3.68,0.498
6084,2023-09-11 11:00:00,30.79950686294458,4.11,0.734
6085,2023-09-11 12:00:00,30.475301527545163,4.98,0.838
6086,2023-09-11 13:00:00,29.82689085674633,4.6,0.896
6087,2023-09-11 14:00:00,29.17848018594749,4.42,0.714
6088,2023-09-11 15:00:00,29.17848018594749,4.2,0.517
6089,2023-09-11 16:00:00,29.82689085674633,3.67,0.517
6090,2023-09-11 17:00:00,32.42053353994166,3.62,0.274
6091,2023-09-11 18:00:00,32.42053353994166,3.86,0.142
6092,2023-09-11 19:00:00,32.42053353994166,3.56,0.014
6093,2023-09-11 20:00:00,31.44791753374341,3.27,0.0
6094,2023-09-11 21:00:00,30.151096192145747,2.73,0.0
6095,2023-09-11 22:00:00,26.90904283815158,2.65,0.0
6096,2023-09-11 23:00:00,26.90904283815158,4.26,0.0
6097,2023-09-12 00:00:00,27.01022794283038,2.75,0.0
6098,2023-09-12 01:00:00,27.347855792115755,1.92,0.0
6099,2023-09-12 02:00:00,27.68548364140114,1.84,0.0
6100,2023-09-12 03:00:00,28.360739339971893,1.8,0.0
6101,2023-09-12 04:00:00,29.03599503854266,2.28,0.0
6102,2023-09-12 05:00:00,29.03599503854266,3.11,0.0
6103,2023-09-12 06:00:00,30.048878586398796,2.97,0.0
6104,2023-09-12 07:00:00,30.386506435684176,2.75,0.015
6105,2023-09-12 08:00:00,31.06176213425493,2.94,0.149
6106,2023-09-12 09:00:00,31.73701783282569,4.34,0.341
6107,2023-09-12 10:00:00,32.41227353139646,4.92,0.542
6108,2023-09-12 11:00:00,32.07464568211108,6.13,0.749
6109,2023-09-12 12:00:00,31.73701783282569,6.61,0.828
6110,2023-09-12 13:00:00,31.06176213425493,6.23,0.897
6111,2023-09-12 14:00:00,30.386506435684176,5.89,0.753
6112,2023-09-12 15:00:00,30.386506435684176,5.41,0.708
6113,2023-09-12 16:00:00,31.06176213425493,4.52,0.477
6114,2023-09-12 17:00:00,33.762784928537975,4.23,0.275
6115,2023-09-12 18:00:00,33.762784928537975,4.08,0.145
6116,2023-09-12 19:00:00,33.762784928537975,4.32,0.017
6117,2023-09-12 20:00:00,32.74990138068183,3.81,0.0
6118,2023-09-12 21:00:00,31.39938998354032,3.18,0.0
6119,2023-09-12 22:00:00,28.02311149068652,1.34,0.0
6120,2023-09-12 23:00:00,28.02311149068652,3.21,0.0
6121,2023-09-13 00:00:00,26.32189389739637,3.5,0.0
6122,2023-09-13 01:00:00,26.65091757111383,4.04,0.0
6123,2023-09-13 02:00:00,26.97994124483128,4.27,0.0
6124,2023-09-13 03:00:00,27.637988592266197,4.53,0.0
6125,2023-09-13 04:00:00,28.296035939701103,4.52,0.0
6126,2023-09-13 05:00:00,28.296035939701103,5.02,0.0
6127,2023-09-13 06:00:00,29.283106960853463,5.55,0.0
6128,2023-09-13 07:00:00,29.61213063457092,6.11,0.013
6129,2023-09-13 08:00:00,30.270177982005823,4.79,0.161
6130,2023-09-13 09:00:00,30.92822532944074,5.64,0.351
6131,2023-09-13 10:00:00,31.586272676875648,5.72,0.578
6132,2023-09-13 11:00:00,31.257249003158197,5.81,0.753
6133,2023-09-13 12:00:00,30.92822532944074,5.9,0.826
6134,2023-09-13 13:00:00,30.270177982005823,6.52,0.897
6135,2023-09-13 14:00:00,29.61213063457092,6.05,0.821
6136,2023-09-13 15:00:00,29.61213063457092,5.5,0.718
6137,2023-09-13 16:00:00,30.270177982005823,5.57,0.561
6138,2023-09-13 17:00:00,32.90236737174546,5.13,0.368
6139,2023-09-13 18:00:00,32.90236737174546,4.18,0.162
6140,2023-09-13 19:00:00,32.90236737174546,4.08,0.017
6141,2023-09-13 20:00:00,31.915296350593103,3.7,0.0
6142,2023-09-13 21:00:00,30.599201655723284,3.61,0.0
6143,2023-09-13 22:00:00,27.30896491854874,2.82,0.0
6144,2023-09-13 23:00:00,27.30896491854874,2.51,0.0
6145,2023-09-14 00:00:00,27.533361817360223,2.51,0.0
6146,2023-09-14 01:00:00,27.877528840077225,2.7,0.0
6147,2023-09-14 02:00:00,28.22169586279423,3.22,0.0
6148,2023-09-14 03:00:00,28.910029908228235,3.54,0.0
6149,2023-09-14 04:00:00,29.59836395366224,3.44,0.0
6150,2023-09-14 05:00:00,29.59836395366224,3.95,0.0
6151,2023-09-14 06:00:00,30.630865021813246,4.24,0.0
6152,2023-09-14 07:00:00,30.97503204453025,4.6,0.016
6153,2023-09-14 08:00:00,31.66336608996426,4.24,0.143
6154,2023-09-14 09:00:00,32.35170013539827,4.72,0.366
6155,2023-09-14 10:00:00,33.040034180832265,4.97,0.509
6156,2023-09-14 11:00:00,32.69586715811527,4.29,0.652
6157,2023-09-14 12:00:00,32.35170013539827,3.89,0.806
6158,2023-09-14 13:00:00,31.66336608996426,3.4,0.854
6159,2023-09-14 14:00:00,30.97503204453025,3.32,0.857
6160,2023-09-14 15:00:00,30.97503204453025,3.28,0.743
6161,2023-09-14 16:00:00,31.66336608996426,3.88,0.559
6162,2023-09-14 17:00:00,34.416702271700274,4.61,0.362
6163,2023-09-14 18:00:00,34.416702271700274,5.22,0.15
6164,2023-09-14 19:00:00,34.416702271700274,5.81,0.014
6165,2023-09-14 20:00:00,33.384201203549274,5.77,0.0
6166,2023-09-14 21:00:00,32.00753311268126,5.97,0.0
6167,2023-09-14 22:00:00,28.56586288551123,6.12,0.0
6168,2023-09-14 23:00:00,28.56586288551123,5.81,0.0
6169,2023-09-15 00:00:00,26.845027771926212,5.92,0.0
6170,2023-09-15 01:00:00,27.180590619075293,5.55,0.0
6171,2023-09-15 02:00:00,27.516153466224367,5.49,0.0
6172,2023-09-15 03:00:00,28.187279160522525,5.62,0.0
6173,2023-09-15 04:00:00,28.858404854820684,5.4,0.0
6174,2023-09-15 05:00:00,28.858404854820684,5.2,0.0
6175,2023-09-15 06:00:00,29.865093396267916,5.7,0.0
6176,2023-09-15 07:00:00,30.200656243417,5.7,0.017
6177,2023-09-15 08:00:00,30.871781937715145,5.33,0.165
6178,2023-09-15 09:00:00,31.542907632013303,5.89,0.396
6179,2023-09-15 10:00:00,32.21403332631146,5.47,0.602
6180,2023-09-15 11:00:00,31.87847047916238,5.73,0.769
6181,2023-09-15 12:00:00,31.542907632013303,6.55,0.734
6182,2023-09-15 13:00:00,30.871781937715145,6.71,0.91
6183,2023-09-15 14:00:00,30.200656243417,6.71,0.862
6184,2023-09-15 15:00:00,30.200656243417,6.4,0.739
6185,2023-09-15 16:00:00,30.871781937715145,6.22,0.568
6186,2023-09-15 17:00:00,33.55628471490777,5.92,0.369
6187,2023-09-15 18:00:00,33.55628471490777,5.61,0.155
6188,2023-09-15 19:00:00,33.55628471490777,5.35,0.015
6189,2023-09-15 20:00:00,32.549596173460536,4.9,0.0
6190,2023-09-15 21:00:00,31.207344784864222,4.3,0.0
6191,2023-09-15 22:00:00,27.851716313373448,4.23,0.0
6192,2023-09-15 23:00:00,27.851716313373448,4.81,0.0
6193,2023-09-16 00:00:00,18.48700045864835,4.59,0.0
6194,2023-09-16 01:00:00,18.71808796438145,4.3,0.0
6195,2023-09-16 02:00:00,18.94917547011456,4.57,0.0
6196,2023-09-16 03:00:00,19.411350481580765,4.94,0.0
6197,2023-09-16 04:00:00,19.873525493046976,5.22,0.0
6198,2023-09-16 05:00:00,19.873525493046976,5.11,0.0
6199,2023-09-16 06:00:00,20.566788010246288,5.21,0.0
6200,2023-09-16 07:00:00,20.797875515979392,5.12,0.016
6201,2023-09-16 08:00:00,21.2600505274456,4.6,0.144
6202,2023-09-16 09:00:00,21.722225538911808,5.94,0.337
6203,2023-09-16 10:00:00,22.18440055037802,6.99,0.525
6204,2023-09-16 11:00:00,21.953313044644908,8.49,0.698
6205,2023-09-16 12:00:00,21.722225538911808,8.16,0.817
6206,2023-09-16 13:00:00,21.2600505274456,8.16,0.874
6207,2023-09-16 14:00:00,20.797875515979392,7.97,0.823
6208,2023-09-16 15:00:00,20.797875515979392,8.13,0.735
6209,2023-09-16 16:00:00,21.2600505274456,8.26,0.525
6210,2023-09-16 17:00:00,23.108750573310434,7.75,0.327
6211,2023-09-16 18:00:00,23.108750573310434,6.49,0.168
6212,2023-09-16 19:00:00,23.108750573310434,5.66,0.015
6213,2023-09-16 20:00:00,22.41548805611112,5.31,0.0
6214,2023-09-16 21:00:00,21.491138033178704,5.07,0.0
6215,2023-09-16 22:00:00,19.18026297584766,4.59,0.0
6216,2023-09-16 23:00:00,19.18026297584766,4.17,0.0
6217,2023-09-17 00:00:00,17.905495857065702,4.3,0.0
6218,2023-09-17 01:00:00,18.129314555279024,4.24,0.0
6219,2023-09-17 02:00:00,18.35313325349234,4.11,0.0
6220,2023-09-17 03:00:00,18.800770649918988,4.2,0.0
6221,2023-09-17 04:00:00,19.248408046345634,4.71,0.0
6222,2023-09-17 05:00:00,19.248408046345634,4.72,0.0
6223,2023-09-17 06:00:00,19.919864140985595,4.82,0.0
6224,2023-09-17 07:00:00,20.143682839198917,5.4,0.017
6225,2023-09-17 08:00:00,20.591320235625552,5.14,0.169
6226,2023-09-17 09:00:00,21.0389576320522,5.63,0.382
6227,2023-09-17 10:00:00,21.48659502847884,5.66,0.523
6228,2023-09-17 11:00:00,21.26277633026552,6.37,0.514
6229,2023-09-17 12:00:00,21.0389576320522,6.58,0.664
6230,2023-09-17 13:00:00,20.591320235625552,6.37,0.871
6231,2023-09-17 14:00:00,20.143682839198917,5.69,0.879
6232,2023-09-17 15:00:00,20.143682839198917,6.15,0.773
6233,2023-09-17 16:00:00,20.591320235625552,6.46,0.575
6234,2023-09-17 17:00:00,22.38186982133212,5.92,0.345
6235,2023-09-17 18:00:00,22.38186982133212,5.2,0.136
6236,2023-09-17 19:00:00,22.38186982133212,4.84,0.012
6237,2023-09-17 20:00:00,21.710413726692163,4.53,0.0
6238,2023-09-17 21:00:00,20.81513893383888,4.46,0.0
6239,2023-09-17 22:00:00,18.576951951705663,4.37,0.0
6240,2023-09-17 23:00:00,18.576951951705663,4.08,0.0
6241,2023-09-18 00:00:00,25.93642683195333,4.27,0.0
6242,2023-09-18 01:00:00,26.260632167352743,4.53,0.0
6243,2023-09-18 02:00:00,26.58483750275216,4.27,0.0
6244,2023-09-18 03:00:00,27.233248173550997,3.96,0.0
6245,2023-09-18 04:00:00,27.881658844349836,4.3,0.0
6246,2023-09-18 05:00:00,27.881658844349836,4.33,0.0
6247,2023-09-18 06:00:00,28.85427485054808,4.12,0.0
6248,2023-09-18 07:00:00,29.17848018594749,4.1,0.017
6249,2023-09-18 08:00:00,29.82689085674633,3.91,0.157
6250,2023-09-18 09:00:00,30.475301527545163,4.03,0.405
6251,2023-09-18 10:00:00,31.123712198344,4.88,0.591
6252,2023-09-18 11:00:00,30.79950686294458,5.77,0.759
6253,2023-09-18 12:00:00,30.475301527545163,7.02,0.774
6254,2023-09-18 13:00:00,29.82689085674633,7.26,0.711
6255,2023-09-18 14:00:00,29.17848018594749,6.59,0.735
6256,2023-09-18 15:00:00,29.17848018594749,6.14,0.635
6257,2023-09-18 16:00:00,29.82689085674633,6.43,0.382
6258,2023-09-18 17:00:00,32.42053353994166,5.34,0.275
6259,2023-09-18 18:00:00,32.42053353994166,4.84,0.147
6260,2023-09-18 19:00:00,32.42053353994166,5.12,0.01
6261,2023-09-18 20:00:00,31.44791753374341,4.64,0.0
6262,2023-09-18 21:00:00,30.151096192145747,3.95,0.0
6263,2023-09-18 22:00:00,26.90904283815158,3.42,0.0
6264,2023-09-18 23:00:00,26.90904283815158,4.33,0.0
6265,2023-09-19 00:00:00,27.01022794283038,3.52,0.0
6266,2023-09-19 01:00:00,27.347855792115755,3.62,0.0
6267,2023-09-19 02:00:00,27.68548364140114,3.91,0.0
6268,2023-09-19 03:00:00,28.360739339971893,4.21,0.0
6269,2023-09-19 04:00:00,29.03599503854266,4.0,0.0
6270,2023-09-19 05:00:00,29.03599503854266,4.02,0.0
6271,2023-09-19 06:00:00,30.048878586398796,4.22,0.0
6272,2023-09-19 07:00:00,30.386506435684176,4.77,0.014
6273,2023-09-19 08:00:00,31.06176213425493,4.22,0.151
6274,2023-09-19 09:00:00,31.73701783282569,4.6,0.302
6275,2023-09-19 10:00:00,32.41227353139646,4.81,0.277
6276,2023-09-19 11:00:00,32.07464568211108,3.76,0.728
6277,2023-09-19 12:00:00,31.73701783282569,4.66,0.8
6278,2023-09-19 13:00:00,31.06176213425493,4.21,0.74
6279,2023-09-19 14:00:00,30.386506435684176,3.67,0.734
6280,2023-09-19 15:00:00,30.386506435684176,2.87,0.65
6281,2023-09-19 16:00:00,31.06176213425493,4.25,0.535
6282,2023-09-19 17:00:00,33.762784928537975,5.15,0.349
6283,2023-09-19 18:00:00,33.762784928537975,5.02,0.144
6284,2023-09-19 19:00:00,33.762784928537975,5.3,0.011
6285,2023-09-19 20:00:00,32.74990138068183,5.87,0.0
6286,2023-09-19 21:00:00,31.39938998354032,5.33,0.0
6287,2023-09-19 22:00:00,28.02311149068652,4.6,0.0
6288,2023-09-19 23:00:00,28.02311149068652,3.73,0.0
6289,2023-09-20 00:00:00,26.32189389739637,4.49,0.0
6290,2023-09-20 01:00:00,26.65091757111383,4.54,0.0
6291,2023-09-20 02:00:00,26.97994124483128,5.02,0.0
6292,2023-09-20 03:00:00,27.637988592266197,5.71,0.0
6293,2023-09-20 04:00:00,28.296035939701103,6.12,0.0
6294,2023-09-20 05:00:00,28.296035939701103,6.14,0.0
6295,2023-09-20 06:00:00,29.283106960853463,5.8,0.0
6296,2023-09-20 07:00:00,29.61213063457092,6.0,0.016
6297,2023-09-20 08:00:00,30.270177982005823,5.61,0.161
6298,2023-09-20 09:00:00,30.92822532944074,6.03,0.392
6299,2023-09-20 10:00:00,31.586272676875648,5.82,0.611
6300,2023-09-20 11:00:00,31.257249003158197,5.89,0.778
6301,2023-09-20 12:00:00,30.92822532944074,6.99,0.9
6302,2023-09-20 13:00:00,30.270177982005823,8.93,0.895
6303,2023-09-20 14:00:00,29.61213063457092,8.64,0.8
6304,2023-09-20 15:00:00,29.61213063457092,8.64,0.636
6305,2023-09-20 16:00:00,30.270177982005823,8.13,0.513
6306,2023-09-20 17:00:00,32.90236737174546,7.06,0.329
6307,2023-09-20 18:00:00,32.90236737174546,6.1,0.138
6308,2023-09-20 19:00:00,32.90236737174546,5.12,0.01
6309,2023-09-20 20:00:00,31.915296350593103,6.11,0.0
6310,2023-09-20 21:00:00,30.599201655723284,5.38,0.0
6311,2023-09-20 22:00:00,27.30896491854874,6.08,0.0
6312,2023-09-20 23:00:00,27.30896491854874,4.77,0.0
6313,2023-09-21 00:00:00,27.533361817360223,4.26,0.0
6314,2023-09-21 01:00:00,27.877528840077225,2.75,0.0
6315,2023-09-21 02:00:00,28.22169586279423,3.41,0.0
6316,2023-09-21 03:00:00,28.910029908228235,4.85,0.0
6317,2023-09-21 04:00:00,29.59836395366224,6.33,0.0
6318,2023-09-21 05:00:00,29.59836395366224,5.87,0.0
6319,2023-09-21 06:00:00,30.630865021813246,5.11,0.0
6320,2023-09-21 07:00:00,30.97503204453025,5.7,0.013
6321,2023-09-21 08:00:00,31.66336608996426,4.0,0.109
6322,2023-09-21 09:00:00,32.35170013539827,4.17,0.336
6323,2023-09-21 10:00:00,33.040034180832265,5.3,0.483
6324,2023-09-21 11:00:00,32.69586715811527,4.07,0.569
6325,2023-09-21 12:00:00,32.35170013539827,4.36,0.809
6326,2023-09-21 13:00:00,31.66336608996426,4.61,0.839
6327,2023-09-21 14:00:00,30.97503204453025,6.02,0.743
6328,2023-09-21 15:00:00,30.97503204453025,4.36,0.71
6329,2023-09-21 16:00:00,31.66336608996426,3.91,0.569
6330,2023-09-21 17:00:00,34.416702271700274,4.19,0.351
6331,2023-09-21 18:00:00,34.416702271700274,4.42,0.135
6332,2023-09-21 19:00:00,34.416702271700274,4.61,0.011
6333,2023-09-21 20:00:00,33.384201203549274,4.3,0.0
6334,2023-09-21 21:00:00,32.00753311268126,4.4,0.0
6335,2023-09-21 22:00:00,28.56586288551123,4.44,0.0
6336,2023-09-21 23:00:00,28.56586288551123,4.29,0.0
6337,2023-09-22 00:00:00,26.845027771926212,4.13,0.0
6338,2023-09-22 01:00:00,27.180590619075293,4.11,0.0
6339,2023-09-22 02:00:00,27.516153466224367,4.25,0.0
6340,2023-09-22 03:00:00,28.187279160522525,3.7,0.0
6341,2023-09-22 04:00:00,28.858404854820684,3.42,0.0
6342,2023-09-22 05:00:00,28.858404854820684,3.22,0.0
6343,2023-09-22 06:00:00,29.865093396267916,2.72,0.0
6344,2023-09-22 07:00:00,30.200656243417,2.76,0.015
6345,2023-09-22 08:00:00,30.871781937715145,3.13,0.15
6346,2023-09-22 09:00:00,31.542907632013303,4.06,0.363
6347,2023-09-22 10:00:00,32.21403332631146,4.33,0.579
6348,2023-09-22 11:00:00,31.87847047916238,4.67,0.762
6349,2023-09-22 12:00:00,31.542907632013303,4.75,0.867
6350,2023-09-22 13:00:00,30.871781937715145,4.51,0.882
6351,2023-09-22 14:00:00,30.200656243417,4.9,0.832
6352,2023-09-22 15:00:00,30.200656243417,4.3,0.707
6353,2023-09-22 16:00:00,30.871781937715145,3.83,0.563
6354,2023-09-22 17:00:00,33.55628471490777,3.89,0.335
6355,2023-09-22 18:00:00,33.55628471490777,3.76,0.109
6356,2023-09-22 19:00:00,33.55628471490777,2.9,0.01
6357,2023-09-22 20:00:00,32.549596173460536,2.64,0.0
6358,2023-09-22 21:00:00,31.207344784864222,1.91,0.0
6359,2023-09-22 22:00:00,27.851716313373448,1.81,0.0
6360,2023-09-22 23:00:00,27.851716313373448,3.0,0.0
6361,2023-09-23 00:00:00,18.48700045864835,3.21,0.0
6362,2023-09-23 01:00:00,18.71808796438145,3.73,0.0
6363,2023-09-23 02:00:00,18.94917547011456,4.37,0.0
6364,2023-09-23 03:00:00,19.411350481580765,5.3,0.0
6365,2023-09-23 04:00:00,19.873525493046976,5.54,0.0
6366,2023-09-23 05:00:00,19.873525493046976,5.74,0.0
6367,2023-09-23 06:00:00,20.566788010246288,6.45,0.0
6368,2023-09-23 07:00:00,20.797875515979392,6.75,0.016
6369,2023-09-23 08:00:00,21.2600505274456,6.2,0.152
6370,2023-09-23 09:00:00,21.722225538911808,6.69,0.374
6371,2023-09-23 10:00:00,22.18440055037802,6.87,0.591
6372,2023-09-23 11:00:00,21.953313044644908,6.08,0.739
6373,2023-09-23 12:00:00,21.722225538911808,6.17,0.883
6374,2023-09-23 13:00:00,21.2600505274456,5.47,0.906
6375,2023-09-23 14:00:00,20.797875515979392,5.28,0.881
6376,2023-09-23 15:00:00,20.797875515979392,5.37,0.769
6377,2023-09-23 16:00:00,21.2600505274456,4.88,0.59
6378,2023-09-23 17:00:00,23.108750573310434,5.59,0.37
6379,2023-09-23 18:00:00,23.108750573310434,5.32,0.141
6380,2023-09-23 19:00:00,23.108750573310434,5.51,0.01
6381,2023-09-23 20:00:00,22.41548805611112,5.36,0.0
6382,2023-09-23 21:00:00,21.491138033178704,5.32,0.0
6383,2023-09-23 22:00:00,19.18026297584766,5.19,0.0
6384,2023-09-23 23:00:00,19.18026297584766,5.19,0.0
6385,2023-09-24 00:00:00,17.905495857065702,6.18,0.0
6386,2023-09-24 01:00:00,18.129314555279024,6.46,0.0
6387,2023-09-24 02:00:00,18.35313325349234,6.55,0.0
6388,2023-09-24 03:00:00,18.800770649918988,6.42,0.0
6389,2023-09-24 04:00:00,19.248408046345634,6.45,0.0
6390,2023-09-24 05:00:00,19.248408046345634,6.91,0.0
6391,2023-09-24 06:00:00,19.919864140985595,6.94,0.0
6392,2023-09-24 07:00:00,20.143682839198917,7.07,0.016
6393,2023-09-24 08:00:00,20.591320235625552,6.26,0.165
6394,2023-09-24 09:00:00,21.0389576320522,6.9,0.396
6395,2023-09-24 10:00:00,21.48659502847884,6.8,0.612
6396,2023-09-24 11:00:00,21.26277633026552,7.08,0.771
6397,2023-09-24 12:00:00,21.0389576320522,7.6,0.861
6398,2023-09-24 13:00:00,20.591320235625552,7.55,0.854
6399,2023-09-24 14:00:00,20.143682839198917,7.66,0.851
6400,2023-09-24 15:00:00,20.143682839198917,7.34,0.699
6401,2023-09-24 16:00:00,20.591320235625552,7.19,0.575
6402,2023-09-24 17:00:00,22.38186982133212,7.12,0.363
6403,2023-09-24 18:00:00,22.38186982133212,6.16,0.136
6404,2023-09-24 19:00:00,22.38186982133212,6.11,0.008
6405,2023-09-24 20:00:00,21.710413726692163,5.97,0.0
6406,2023-09-24 21:00:00,20.81513893383888,5.81,0.0
6407,2023-09-24 22:00:00,18.576951951705663,5.59,0.0
6408,2023-09-24 23:00:00,18.576951951705663,5.94,0.0
6409,2023-09-25 00:00:00,25.93642683195333,5.66,0.0
6410,2023-09-25 01:00:00,26.260632167352743,5.3,0.0
6411,2023-09-25 02:00:00,26.58483750275216,5.16,0.0
6412,2023-09-25 03:00:00,27.233248173550997,5.01,0.0
6413,2023-09-25 04:00:00,27.881658844349836,5.5,0.0
6414,2023-09-25 05:00:00,27.881658844349836,5.44,0.0
6415,2023-09-25 06:00:00,28.85427485054808,5.41,0.0
6416,2023-09-25 07:00:00,29.17848018594749,5.71,0.016
6417,2023-09-25 08:00:00,29.82689085674633,5.64,0.15
6418,2023-09-25 09:00:00,30.475301527545163,5.95,0.374
6419,2023-09-25 10:00:00,31.123712198344,6.29,0.584
6420,2023-09-25 11:00:00,30.79950686294458,5.62,0.752
6421,2023-09-25 12:00:00,30.475301527545163,5.87,0.871
6422,2023-09-25 13:00:00,29.82689085674633,6.14,0.892
6423,2023-09-25 14:00:00,29.17848018594749,6.4,0.802
6424,2023-09-25 15:00:00,29.17848018594749,6.6,0.615
6425,2023-09-25 16:00:00,29.82689085674633,6.13,0.507
6426,2023-09-25 17:00:00,32.42053353994166,4.78,0.347
6427,2023-09-25 18:00:00,32.42053353994166,4.66,0.137
6428,2023-09-25 19:00:00,32.42053353994166,5.13,0.008
6429,2023-09-25 20:00:00,31.44791753374341,5.98,0.0
6430,2023-09-25 21:00:00,30.151096192145747,5.92,0.0
6431,2023-09-25 22:00:00,26.90904283815158,6.32,0.0
6432,2023-09-25 23:00:00,26.90904283815158,7.6,0.0
6433,2023-09-26 00:00:00,27.01022794283038,8.0,0.0
6434,2023-09-26 01:00:00,27.347855792115755,7.7,0.0
6435,2023-09-26 02:00:00,27.68548364140114,7.63,0.0
6436,2023-09-26 03:00:00,28.360739339971893,7.83,0.0
6437,2023-09-26 04:00:00,29.03599503854266,5.61,0.0
6438,2023-09-26 05:00:00,29.03599503854266,6.77,0.0
6439,2023-09-26 06:00:00,30.048878586398796,6.57,0.0
6440,2023-09-26 07:00:00,30.386506435684176,6.57,0.016
6441,2023-09-26 08:00:00,31.06176213425493,6.31,0.164
6442,2023-09-26 09:00:00,31.73701783282569,6.82,0.388
6443,2023-09-26 10:00:00,32.41227353139646,6.85,0.6
6444,2023-09-26 11:00:00,32.07464568211108,6.32,0.782
6445,2023-09-26 12:00:00,31.73701783282569,6.22,0.879
6446,2023-09-26 13:00:00,31.06176213425493,6.19,0.914
6447,2023-09-26 14:00:00,30.386506435684176,5.82,0.875
6448,2023-09-26 15:00:00,30.386506435684176,5.06,0.751
6449,2023-09-26 16:00:00,31.06176213425493,5.12,0.576
6450,2023-09-26 17:00:00,33.762784928537975,5.89,0.354
6451,2023-09-26 18:00:00,33.762784928537975,5.76,0.138
6452,2023-09-26 19:00:00,33.762784928537975,6.0,0.008
6453,2023-09-26 20:00:00,32.74990138068183,5.9,0.0
6454,2023-09-26 21:00:00,31.39938998354032,5.7,0.0
6455,2023-09-26 22:00:00,28.02311149068652,5.51,0.0
6456,2023-09-26 23:00:00,28.02311149068652,5.3,0.0
6457,2023-09-27 00:00:00,26.32189389739637,5.4,0.0
6458,2023-09-27 01:00:00,26.65091757111383,5.47,0.0
6459,2023-09-27 02:00:00,26.97994124483128,5.93,0.0
6460,2023-09-27 03:00:00,27.637988592266197,5.8,0.0
6461,2023-09-27 04:00:00,28.296035939701103,5.56,0.0
6462,2023-09-27 05:00:00,28.296035939701103,5.71,0.0
6463,2023-09-27 06:00:00,29.283106960853463,6.1,0.0
6464,2023-09-27 07:00:00,29.61213063457092,6.53,0.013
6465,2023-09-27 08:00:00,30.270177982005823,5.63,0.133
6466,2023-09-27 09:00:00,30.92822532944074,5.87,0.31
6467,2023-09-27 10:00:00,31.586272676875648,5.36,0.559
6468,2023-09-27 11:00:00,31.257249003158197,4.16,0.75
6469,2023-09-27 12:00:00,30.92822532944074,4.16,0.892
6470,2023-09-27 13:00:00,30.270177982005823,2.57,0.928
6471,2023-09-27 14:00:00,29.61213063457092,2.33,0.881
6472,2023-09-27 15:00:00,29.61213063457092,3.58,0.767
6473,2023-09-27 16:00:00,30.270177982005823,4.56,0.575
6474,2023-09-27 17:00:00,32.90236737174546,6.02,0.355
6475,2023-09-27 18:00:00,32.90236737174546,5.81,0.123
6476,2023-09-27 19:00:00,32.90236737174546,6.01,0.006
6477,2023-09-27 20:00:00,31.915296350593103,5.1,0.0
6478,2023-09-27 21:00:00,30.599201655723284,4.8,0.0
6479,2023-09-27 22:00:00,27.30896491854874,4.88,0.0
6480,2023-09-27 23:00:00,27.30896491854874,4.57,0.0
6481,2023-09-28 00:00:00,27.533361817360223,4.34,0.0
6482,2023-09-28 01:00:00,27.877528840077225,4.24,0.0
6483,2023-09-28 02:00:00,28.22169586279423,4.37,0.0
6484,2023-09-28 03:00:00,28.910029908228235,4.3,0.0
6485,2023-09-28 04:00:00,29.59836395366224,4.62,0.0
6486,2023-09-28 05:00:00,29.59836395366224,4.97,0.0
6487,2023-09-28 06:00:00,30.630865021813246,5.03,0.0
6488,2023-09-28 07:00:00,30.97503204453025,5.02,0.015
6489,2023-09-28 08:00:00,31.66336608996426,6.02,0.14
6490,2023-09-28 09:00:00,32.35170013539827,6.25,0.369
6491,2023-09-28 10:00:00,33.040034180832265,5.94,0.562
6492,2023-09-28 11:00:00,32.69586715811527,4.92,0.768
6493,2023-09-28 12:00:00,32.35170013539827,4.18,0.872
6494,2023-09-28 13:00:00,31.66336608996426,3.98,0.902
6495,2023-09-28 14:00:00,30.97503204453025,5.1,0.85
6496,2023-09-28 15:00:00,30.97503204453025,5.38,0.735
6497,2023-09-28 16:00:00,31.66336608996426,5.33,0.567
6498,2023-09-28 17:00:00,34.416702271700274,5.37,0.349
6499,2023-09-28 18:00:00,34.416702271700274,4.75,0.13
6500,2023-09-28 19:00:00,34.416702271700274,4.81,0.007
6501,2023-09-28 20:00:00,33.384201203549274,5.11,0.0
6502,2023-09-28 21:00:00,32.00753311268126,4.36,0.0
6503,2023-09-28 22:00:00,28.56586288551123,4.33,0.0
6504,2023-09-28 23:00:00,28.56586288551123,4.62,0.0
6505,2023-09-29 00:00:00,26.845027771926212,5.15,0.0
6506,2023-09-29 01:00:00,27.180590619075293,5.32,0.0
6507,2023-09-29 02:00:00,27.516153466224367,5.53,0.0
6508,2023-09-29 03:00:00,28.187279160522525,5.9,0.0
6509,2023-09-29 04:00:00,28.858404854820684,6.36,0.0
6510,2023-09-29 05:00:00,28.858404854820684,6.56,0.0
6511,2023-09-29 06:00:00,29.865093396267916,6.49,0.0
6512,2023-09-29 07:00:00,30.200656243417,6.08,0.015
6513,2023-09-29 08:00:00,30.871781937715145,5.32,0.158
6514,2023-09-29 09:00:00,31.542907632013303,5.95,0.388
6515,2023-09-29 10:00:00,32.21403332631146,5.64,0.595
6516,2023-09-29 11:00:00,31.87847047916238,5.19,0.747
6517,2023-09-29 12:00:00,31.542907632013303,5.75,0.846
6518,2023-09-29 13:00:00,30.871781937715145,6.46,0.895
6519,2023-09-29 14:00:00,30.200656243417,6.44,0.854
6520,2023-09-29 15:00:00,30.200656243417,5.69,0.742
6521,2023-09-29 16:00:00,30.871781937715145,5.26,0.57
6522,2023-09-29 17:00:00,33.55628471490777,4.96,0.352
6523,2023-09-29 18:00:00,33.55628471490777,4.52,0.132
6524,2023-09-29 19:00:00,33.55628471490777,3.18,0.007
6525,2023-09-29 20:00:00,32.549596173460536,3.55,0.0
6526,2023-09-29 21:00:00,31.207344784864222,3.54,0.0
6527,2023-09-29 22:00:00,27.851716313373448,3.58,0.0
6528,2023-09-29 23:00:00,27.851716313373448,5.02,0.0
6529,2023-09-30 00:00:00,18.48700045864835,5.35,0.0
6530,2023-09-30 01:00:00,18.71808796438145,5.84,0.0
6531,2023-09-30 02:00:00,18.94917547011456,5.61,0.0
6532,2023-09-30 03:00:00,19.411350481580765,5.1,0.0
6533,2023-09-30 04:00:00,19.873525493046976,4.92,0.0
6534,2023-09-30 05:00:00,19.873525493046976,4.72,0.0
6535,2023-09-30 06:00:00,20.566788010246288,5.14,0.0
6536,2023-09-30 07:00:00,20.797875515979392,4.8,0.016
6537,2023-09-30 08:00:00,21.2600505274456,4.43,0.156
6538,2023-09-30 09:00:00,21.722225538911808,4.43,0.387
6539,2023-09-30 10:00:00,22.18440055037802,4.14,0.597
6540,2023-09-30 11:00:00,21.953313044644908,3.76,0.768
6541,2023-09-30 12:00:00,21.722225538911808,3.55,0.889
6542,2023-09-30 13:00:00,21.2600505274456,2.82,0.926
6543,2023-09-30 14:00:00,20.797875515979392,1.88,0.884
6544,2023-09-30 15:00:00,20.797875515979392,1.3,0.764
6545,2023-09-30 16:00:00,21.2600505274456,1.35,0.584
6546,2023-09-30 17:00:00,23.108750573310434,2.27,0.36
6547,2023-09-30 18:00:00,23.108750573310434,3.22,0.133
6548,2023-09-30 19:00:00,23.108750573310434,4.13,0.006
6549,2023-09-30 20:00:00,22.41548805611112,5.46,0.0
6550,2023-09-30 21:00:00,21.491138033178704,5.43,0.0
6551,2023-09-30 22:00:00,19.18026297584766,5.53,0.0
6552,2023-09-30 23:00:00,19.18026297584766,5.81,0.0
6553,2023-10-01 00:00:00,19.240940101557356,5.77,0.0
6554,2023-10-01 01:00:00,19.48145185282681,5.64,0.0
6555,2023-10-01 02:00:00,19.72196360409628,5.33,0.0
6556,2023-10-01 03:00:00,20.20298710663522,5.56,0.0
6557,2023-10-01 04:00:00,20.684010609174155,5.22,0.0
6558,2023-10-01 05:00:00,20.684010609174155,5.08,0.0
6559,2023-10-01 06:00:00,21.405545862982557,5.3,0.0
6560,2023-10-01 07:00:00,21.64605761425202,5.4,0.013
6561,2023-10-01 08:00:00,22.127081116790954,5.52,0.136
6562,2023-10-01 09:00:00,22.60810461932989,6.87,0.338
6563,2023-10-01 10:00:00,23.089128121868825,7.09,0.559
6564,2023-10-01 11:00:00,22.848616370599352,5.63,0.717
6565,2023-10-01 12:00:00,22.60810461932989,5.44,0.837
6566,2023-10-01 13:00:00,22.127081116790954,6.02,0.838
6567,2023-10-01 14:00:00,21.64605761425202,6.55,0.798
6568,2023-10-01 15:00:00,21.64605761425202,5.51,0.734
6569,2023-10-01 16:00:00,22.127081116790954,4.26,0.574
6570,2023-10-01 17:00:00,24.05117512694669,4.33,0.343
6571,2023-10-01 18:00:00,24.05117512694669,4.83,0.118
6572,2023-10-01 19:00:00,24.05117512694669,5.5,0.006
6573,2023-10-01 20:00:00,23.32963987313829,4.9,0.0
6574,2023-10-01 21:00:00,22.36759286806042,4.11,0.0
6575,2023-10-01 22:00:00,19.96247535536575,3.89,0.0
6576,2023-10-01 23:00:00,19.96247535536575,4.24,0.0
6577,2023-10-02 00:00:00,27.87084139449352,3.52,0.0
6578,2023-10-02 01:00:00,28.21922691192469,3.8,0.0
6579,2023-10-02 02:00:00,28.56761242935585,4.01,0.0
6580,2023-10-02 03:00:00,29.264383464218195,3.44,0.0
6581,2023-10-02 04:00:00,29.96115449908053,3.31,0.0
6582,2023-10-02 05:00:00,29.96115449908053,3.71,0.0
6583,2023-10-02 06:00:00,31.006311051374038,4.11,0.0
6584,2023-10-02 07:00:00,31.35469656880521,3.91,0.015
6585,2023-10-02 08:00:00,32.05146760366754,3.74,0.153
6586,2023-10-02 09:00:00,32.748238638529884,4.25,0.377
6587,2023-10-02 10:00:00,33.44500967339222,4.77,0.611
6588,2023-10-02 11:00:00,33.09662415596105,5.15,0.781
6589,2023-10-02 12:00:00,32.748238638529884,4.0,0.89
6590,2023-10-02 13:00:00,32.05146760366754,2.48,0.925
6591,2023-10-02 14:00:00,31.35469656880521,1.43,0.878
6592,2023-10-02 15:00:00,31.35469656880521,0.91,0.758
6593,2023-10-02 16:00:00,32.05146760366754,0.71,0.576
6594,2023-10-02 17:00:00,34.838551743116895,0.2,0.353
6595,2023-10-02 18:00:00,34.838551743116895,0.41,0.127
6596,2023-10-02 19:00:00,34.838551743116895,0.98,0.005
6597,2023-10-02 20:00:00,33.79339519082338,1.35,0.0
6598,2023-10-02 21:00:00,32.399853121098715,1.8,0.0
6599,2023-10-02 22:00:00,28.915997946787023,3.03,0.0
6600,2023-10-02 23:00:00,28.915997946787023,4.69,0.0
6601,2023-10-03 00:00:00,29.024729732482097,4.51,0.0
6602,2023-10-03 01:00:00,29.387538854138125,4.08,0.0
6603,2023-10-03 02:00:00,29.75034797579415,4.1,0.0
6604,2023-10-03 03:00:00,30.4759662191062,3.88,0.0
6605,2023-10-03 04:00:00,31.201584462418253,3.69,0.0
6606,2023-10-03 05:00:00,31.201584462418253,3.35,0.0
6607,2023-10-03 06:00:00,32.29001182738633,2.86,0.0
6608,2023-10-03 07:00:00,32.652820949042365,2.38,0.015
6609,2023-10-03 08:00:00,33.37843919235441,2.16,0.157
6610,2023-10-03 09:00:00,34.10405743566647,1.49,0.377
6611,2023-10-03 10:00:00,34.829675678978525,3.04,0.587
6612,2023-10-03 11:00:00,34.46686655732249,2.78,0.757
6613,2023-10-03 12:00:00,34.10405743566647,2.84,0.884
6614,2023-10-03 13:00:00,33.37843919235441,2.81,0.919
6615,2023-10-03 14:00:00,32.652820949042365,2.67,0.871
6616,2023-10-03 15:00:00,32.652820949042365,2.56,0.748
6617,2023-10-03 16:00:00,33.37843919235441,2.55,0.566
6618,2023-10-03 17:00:00,36.28091216560262,2.47,0.342
6619,2023-10-03 18:00:00,36.28091216560262,1.87,0.119
6620,2023-10-03 19:00:00,36.28091216560262,0.63,0.005
6621,2023-10-03 20:00:00,35.192484800634546,0.36,0.0
6622,2023-10-03 21:00:00,33.74124831401044,0.61,0.0
6623,2023-10-03 22:00:00,30.11315709745018,0.5,0.0
6624,2023-10-03 23:00:00,30.11315709745018,1.04,0.0
6625,2023-10-04 00:00:00,28.285057720950952,0.64,0.0
6626,2023-10-04 01:00:00,28.638620942462843,0.5,0.0
6627,2023-10-04 02:00:00,28.99218416397473,0.54,0.0
6628,2023-10-04 03:00:00,29.6993106069985,0.61,0.0
6629,2023-10-04 04:00:00,30.40643705002228,0.41,0.0
6630,2023-10-04 05:00:00,30.40643705002228,0.5,0.0
6631,2023-10-04 06:00:00,31.46712671455793,0.41,0.0
6632,2023-10-04 07:00:00,31.820689936069822,0.2,0.014
6633,2023-10-04 08:00:00,32.52781637909359,0.76,0.153
6634,2023-10-04 09:00:00,33.234942822117375,1.55,0.376
6635,2023-10-04 10:00:00,33.94206926514114,0.63,0.491
6636,2023-10-04 11:00:00,33.58850604362926,2.59,0.648
6637,2023-10-04 12:00:00,33.234942822117375,3.13,0.859
6638,2023-10-04 13:00:00,32.52781637909359,3.4,0.857
6639,2023-10-04 14:00:00,31.820689936069822,3.67,0.641
6640,2023-10-04 15:00:00,31.820689936069822,3.16,0.615
6641,2023-10-04 16:00:00,32.52781637909359,2.35,0.484
6642,2023-10-04 17:00:00,35.35632215118869,1.97,0.292
6643,2023-10-04 18:00:00,35.35632215118869,1.66,0.112
6644,2023-10-04 19:00:00,35.35632215118869,2.52,0.004
6645,2023-10-04 20:00:00,34.295632486653034,2.88,0.0
6646,2023-10-04 21:00:00,32.88137960060549,3.1,0.0
6647,2023-10-04 22:00:00,29.34574738548661,2.79,0.0
6648,2023-10-04 23:00:00,29.34574738548661,3.1,0.0
6649,2023-10-05 00:00:00,29.586880461245773,2.55,0.0
6650,2023-10-05 01:00:00,29.956716467011343,2.05,0.0
6651,2023-10-05 02:00:00,30.32655247277691,1.41,0.0
6652,2023-10-05 03:00:00,31.06622448430806,0.73,0.0
6653,2023-10-05 04:00:00,31.805896495839203,1.12,0.0
6654,2023-10-05 05:00:00,31.805896495839203,1.06,0.0
6655,2023-10-05 06:00:00,32.91540451313592,2.33,0.0
6656,2023-10-05 07:00:00,33.28524051890149,3.92,0.016
6657,2023-10-05 08:00:00,34.02491253043264,4.1,0.171
6658,2023-10-05 09:00:00,34.76458454196378,3.6,0.387
6659,2023-10-05 10:00:00,35.504256553494926,2.83,0.608
6660,2023-10-05 11:00:00,35.13442054772935,1.82,0.784
6661,2023-10-05 12:00:00,34.76458454196378,0.22,0.89
6662,2023-10-05 13:00:00,34.02491253043264,0.86,0.917
6663,2023-10-05 14:00:00,33.28524051890149,1.22,0.865
6664,2023-10-05 15:00:00,33.28524051890149,1.91,0.741
6665,2023-10-05 16:00:00,34.02491253043264,2.15,0.559
6666,2023-10-05 17:00:00,36.98360057655721,1.66,0.336
6667,2023-10-05 18:00:00,36.98360057655721,0.86,0.117
6668,2023-10-05 19:00:00,36.98360057655721,0.32,0.004
6669,2023-10-05 20:00:00,35.8740925592605,1.56,0.0
6670,2023-10-05 21:00:00,34.394748536198215,2.98,0.0
6671,2023-10-05 22:00:00,30.696388478542488,3.24,0.0
6672,2023-10-05 23:00:00,30.696388478542488,0.95,0.0
6673,2023-10-06 00:00:00,28.84720844971463,1.33,0.0
6674,2023-10-06 01:00:00,29.207798555336066,1.08,0.0
6675,2023-10-06 02:00:00,29.56838866095749,1.7,0.0
6676,2023-10-06 03:00:00,30.28956887220036,1.99,0.0
6677,2023-10-06 04:00:00,31.010749083443223,1.7,0.0
6678,2023-10-06 05:00:00,31.010749083443223,2.42,0.0
6679,2023-10-06 06:00:00,32.09251940030752,2.82,0.0
6680,2023-10-06 07:00:00,32.45310950592895,2.38,0.016
6681,2023-10-06 08:00:00,33.174289717171824,2.16,0.166
6682,2023-10-06 09:00:00,33.895469928414684,1.78,0.395
6683,2023-10-06 10:00:00,34.61665013965755,2.4,0.607
6684,2023-10-06 11:00:00,34.25606003403612,3.6,0.774
6685,2023-10-06 12:00:00,33.895469928414684,4.44,0.872
6686,2023-10-06 13:00:00,33.174289717171824,5.14,0.898
6687,2023-10-06 14:00:00,32.45310950592895,4.4,0.854
6688,2023-10-06 15:00:00,32.45310950592895,3.49,0.731
6689,2023-10-06 16:00:00,33.174289717171824,3.11,0.549
6690,2023-10-06 17:00:00,36.059010562143285,2.41,0.321
6691,2023-10-06 18:00:00,36.059010562143285,1.65,0.112
6692,2023-10-06 19:00:00,36.059010562143285,1.63,0.004
6693,2023-10-06 20:00:00,34.977240245278985,1.44,0.0
6694,2023-10-06 21:00:00,33.53487982279325,1.56,0.0
6695,2023-10-06 22:00:00,29.92897876657892,1.78,0.0
6696,2023-10-06 23:00:00,29.92897876657892,1.86,0.0
6697,2023-10-07 00:00:00,19.86581501689886,2.82,0.0
6698,2023-10-07 01:00:00,20.114137704610098,3.0,0.0
6699,2023-10-07 02:00:00,20.362460392321328,2.24,0.0
6700,2023-10-07 03:00:00,20.8591057677438,1.77,0.0
6701,2023-10-07 04:00:00,21.355751143166277,2.94,0.0
6702,2023-10-07 05:00:00,21.355751143166277,3.04,0.0
6703,2023-10-07 06:00:00,22.10071920629998,3.13,0.0
6704,2023-10-07 07:00:00,22.34904189401122,3.67,0.015
6705,2023-10-07 08:00:00,22.84568726943369,3.22,0.159
6706,2023-10-07 09:00:00,23.342332644856157,2.52,0.387
6707,2023-10-07 10:00:00,23.838978020278628,2.28,0.603
6708,2023-10-07 11:00:00,23.590655332567398,2.91,0.769
6709,2023-10-07 12:00:00,23.342332644856157,2.62,0.873
6710,2023-10-07 13:00:00,22.84568726943369,1.84,0.903
6711,2023-10-07 14:00:00,22.34904189401122,1.77,0.852
6712,2023-10-07 15:00:00,22.34904189401122,2.06,0.726
6713,2023-10-07 16:00:00,22.84568726943369,2.83,0.541
6714,2023-10-07 17:00:00,24.832268771123573,2.78,0.327
6715,2023-10-07 18:00:00,24.832268771123573,3.14,0.112
6716,2023-10-07 19:00:00,24.832268771123573,4.44,0.003
6717,2023-10-07 20:00:00,24.087300707989865,4.4,0.0
6718,2023-10-07 21:00:00,23.09400995714492,4.4,0.0
6719,2023-10-07 22:00:00,20.610783080032565,4.4,0.0
6720,2023-10-07 23:00:00,20.610783080032565,2.66,0.0
6721,2023-10-08 00:00:00,19.240940101557356,3.04,0.0
6722,2023-10-08 01:00:00,19.48145185282681,3.3,0.0
6723,2023-10-08 02:00:00,19.72196360409628,3.8,0.0
6724,2023-10-08 03:00:00,20.20298710663522,4.41,0.0
6725,2023-10-08 04:00:00,20.684010609174155,5.73,0.0
6726,2023-10-08 05:00:00,20.684010609174155,6.33,0.0
6727,2023-10-08 06:00:00,21.405545862982557,5.57,0.0
6728,2023-10-08 07:00:00,21.64605761425202,5.69,0.016
6729,2023-10-08 08:00:00,22.127081116790954,5.1,0.165
6730,2023-10-08 09:00:00,22.60810461932989,4.1,0.394
6731,2023-10-08 10:00:00,23.089128121868825,4.68,0.606
6732,2023-10-08 11:00:00,22.848616370599352,5.15,0.766
6733,2023-10-08 12:00:00,22.60810461932989,5.59,0.863
6734,2023-10-08 13:00:00,22.127081116790954,5.66,0.89
6735,2023-10-08 14:00:00,21.64605761425202,4.4,0.844
6736,2023-10-08 15:00:00,21.64605761425202,4.79,0.728
6737,2023-10-08 16:00:00,22.127081116790954,4.24,0.544
6738,2023-10-08 17:00:00,24.05117512694669,4.15,0.327
6739,2023-10-08 18:00:00,24.05117512694669,3.86,0.11
6740,2023-10-08 19:00:00,24.05117512694669,3.14,0.003
6741,2023-10-08 20:00:00,23.32963987313829,3.41,0.0
6742,2023-10-08 21:00:00,22.36759286806042,3.26,0.0
6743,2023-10-08 22:00:00,19.96247535536575,3.81,0.0
6744,2023-10-08 23:00:00,19.96247535536575,3.64,0.0
6745,2023-10-09 00:00:00,27.87084139449352,4.08,0.0
6746,2023-10-09 01:00:00,28.21922691192469,3.92,0.0
6747,2023-10-09 02:00:00,28.56761242935585,3.61,0.0
6748,2023-10-09 03:00:00,29.264383464218195,3.25,0.0
6749,2023-10-09 04:00:00,29.96115449908053,3.32,0.0
6750,2023-10-09 05:00:00,29.96115449908053,3.91,0.0
6751,2023-10-09 06:00:00,31.006311051374038,4.38,0.0
6752,2023-10-09 07:00:00,31.35469656880521,4.16,0.013
6753,2023-10-09 08:00:00,32.05146760366754,4.18,0.134
6754,2023-10-09 09:00:00,32.748238638529884,5.28,0.354
6755,2023-10-09 10:00:00,33.44500967339222,5.55,0.545
6756,2023-10-09 11:00:00,33.09662415596105,5.0,0.732
6757,2023-10-09 12:00:00,32.748238638529884,5.24,0.85
6758,2023-10-09 13:00:00,32.05146760366754,5.75,0.876
6759,2023-10-09 14:00:00,31.35469656880521,5.95,0.838
6760,2023-10-09 15:00:00,31.35469656880521,5.81,0.715
6761,2023-10-09 16:00:00,32.05146760366754,5.79,0.539
6762,2023-10-09 17:00:00,34.838551743116895,5.0,0.303
6763,2023-10-09 18:00:00,34.838551743116895,4.49,0.101
6764,2023-10-09 19:00:00,34.838551743116895,4.49,0.003
6765,2023-10-09 20:00:00,33.79339519082338,3.99,0.0
6766,2023-10-09 21:00:00,32.399853121098715,3.74,0.0
6767,2023-10-09 22:00:00,28.915997946787023,3.7,0.0
6768,2023-10-09 23:00:00,28.915997946787023,2.75,0.0
6769,2023-10-10 00:00:00,29.024729732482097,1.82,0.0
6770,2023-10-10 01:00:00,29.387538854138125,1.22,0.0
6771,2023-10-10 02:00:00,29.75034797579415,1.22,0.0
6772,2023-10-10 03:00:00,30.4759662191062,1.44,0.0
6773,2023-10-10 04:00:00,31.201584462418253,1.77,0.0
6774,2023-10-10 05:00:00,31.201584462418253,1.79,0.0
6775,2023-10-10 06:00:00,32.29001182738633,1.66,0.0
6776,2023-10-10 07:00:00,32.652820949042365,1.22,0.015
6777,2023-10-10 08:00:00,33.37843919235441,1.06,0.158
6778,2023-10-10 09:00:00,34.10405743566647,1.5,0.377
6779,2023-10-10 10:00:00,34.829675678978525,1.84,0.584
6780,2023-10-10 11:00:00,34.46686655732249,2.28,0.767
6781,2023-10-10 12:00:00,34.10405743566647,3.58,0.844
6782,2023-10-10 13:00:00,33.37843919235441,3.88,0.888
6783,2023-10-10 14:00:00,32.652820949042365,3.32,0.823
6784,2023-10-10 15:00:00,32.652820949042365,2.55,0.706
6785,2023-10-10 16:00:00,33.37843919235441,1.86,0.529
6786,2023-10-10 17:00:00,36.28091216560262,1.58,0.316
6787,2023-10-10 18:00:00,36.28091216560262,1.06,0.105
6788,2023-10-10 19:00:00,36.28091216560262,1.1,0.002
6789,2023-10-10 20:00:00,35.192484800634546,1.22,0.0
6790,2023-10-10 21:00:00,33.74124831401044,0.91,0.0
6791,2023-10-10 22:00:00,30.11315709745018,0.5,0.0
6792,2023-10-10 23:00:00,30.11315709745018,2.22,0.0
6793,2023-10-11 00:00:00,28.285057720950952,2.5,0.0
6794,2023-10-11 01:00:00,28.638620942462843,2.65,0.0
6795,2023-10-11 02:00:00,28.99218416397473,2.53,0.0
6796,2023-10-11 03:00:00,29.6993106069985,2.79,0.0
6797,2023-10-11 04:00:00,30.40643705002228,2.75,0.0
6798,2023-10-11 05:00:00,30.40643705002228,2.94,0.0
6799,2023-10-11 06:00:00,31.46712671455793,4.22,0.0
6800,2023-10-11 07:00:00,31.820689936069822,4.95,0.015
6801,2023-10-11 08:00:00,32.52781637909359,3.61,0.167
6802,2023-10-11 09:00:00,33.234942822117375,1.48,0.382
6803,2023-10-11 10:00:00,33.94206926514114,0.28,0.598
6804,2023-10-11 11:00:00,33.58850604362926,2.47,0.771
6805,2023-10-11 12:00:00,33.234942822117375,3.0,0.876
6806,2023-10-11 13:00:00,32.52781637909359,3.36,0.901
6807,2023-10-11 14:00:00,31.820689936069822,2.27,0.852
6808,2023-10-11 15:00:00,31.820689936069822,2.92,0.726
6809,2023-10-11 16:00:00,32.52781637909359,2.55,0.545
6810,2023-10-11 17:00:00,35.35632215118869,1.56,0.318
6811,2023-10-11 18:00:00,35.35632215118869,0.67,0.099
6812,2023-10-11 19:00:00,35.35632215118869,0.63,0.002
6813,2023-10-11 20:00:00,34.295632486653034,0.1,0.0
6814,2023-10-11 21:00:00,32.88137960060549,1.36,0.0
6815,2023-10-11 22:00:00,29.34574738548661,3.51,0.0
6816,2023-10-11 23:00:00,29.34574738548661,3.01,0.0
6817,2023-10-12 00:00:00,29.586880461245773,2.31,0.0
6818,2023-10-12 01:00:00,29.956716467011343,1.41,0.0
6819,2023-10-12 02:00:00,30.32655247277691,1.36,0.0
6820,2023-10-12 03:00:00,31.06622448430806,2.68,0.0
6821,2023-10-12 04:00:00,31.805896495839203,4.12,0.0
6822,2023-10-12 05:00:00,31.805896495839203,4.5,0.0
6823,2023-10-12 06:00:00,32.91540451313592,5.4,0.0
6824,2023-10-12 07:00:00,33.28524051890149,5.81,0.015
6825,2023-10-12 08:00:00,34.02491253043264,5.56,0.143
6826,2023-10-12 09:00:00,34.76458454196378,5.17,0.346
6827,2023-10-12 10:00:00,35.504256553494926,5.1,0.592
6828,2023-10-12 11:00:00,35.13442054772935,4.79,0.763
6829,2023-10-12 12:00:00,34.76458454196378,5.47,0.869
6830,2023-10-12 13:00:00,34.02491253043264,6.18,0.894
6831,2023-10-12 14:00:00,33.28524051890149,5.59,0.84
6832,2023-10-12 15:00:00,33.28524051890149,5.24,0.704
6833,2023-10-12 16:00:00,34.02491253043264,5.12,0.525
6834,2023-10-12 17:00:00,36.98360057655721,5.1,0.313
6835,2023-10-12 18:00:00,36.98360057655721,3.73,0.097
6836,2023-10-12 19:00:00,36.98360057655721,2.63,0.002
6837,2023-10-12 20:00:00,35.8740925592605,1.75,0.0
6838,2023-10-12 21:00:00,34.394748536198215,1.32,0.0
6839,2023-10-12 22:00:00,30.696388478542488,1.04,0.0
6840,2023-10-12 23:00:00,30.696388478542488,0.92,0.0
6841,2023-10-13 00:00:00,28.84720844971463,0.92,0.0
6842,2023-10-13 01:00:00,29.207798555336066,1.49,0.0
6843,2023-10-13 02:00:00,29.56838866095749,1.53,0.0
6844,2023-10-13 03:00:00,30.28956887220036,1.0,0.0
6845,2023-10-13 04:00:00,31.010749083443223,0.76,0.0
6846,2023-10-13 05:00:00,31.010749083443223,0.92,0.0
6847,2023-10-13 06:00:00,32.09251940030752,1.84,0.0
6848,2023-10-13 07:00:00,32.45310950592895,2.73,0.015
6849,2023-10-13 08:00:00,33.174289717171824,3.42,0.163
6850,2023-10-13 09:00:00,33.895469928414684,3.75,0.384
6851,2023-10-13 10:00:00,34.61665013965755,4.43,0.588
6852,2023-10-13 11:00:00,34.25606003403612,4.34,0.747
6853,2023-10-13 12:00:00,33.895469928414684,5.0,0.86
6854,2023-10-13 13:00:00,33.174289717171824,5.02,0.885
6855,2023-10-13 14:00:00,32.45310950592895,4.4,0.832
6856,2023-10-13 15:00:00,32.45310950592895,4.13,0.712
6857,2023-10-13 16:00:00,33.174289717171824,4.03,0.535
6858,2023-10-13 17:00:00,36.059010562143285,3.44,0.313
6859,2023-10-13 18:00:00,36.059010562143285,3.14,0.099
6860,2023-10-13 19:00:00,36.059010562143285,2.42,0.002
6861,2023-10-13 20:00:00,34.977240245278985,2.22,0.0
6862,2023-10-13 21:00:00,33.53487982279325,2.87,0.0
6863,2023-10-13 22:00:00,29.92897876657892,3.72,0.0
6864,2023-10-13 23:00:00,29.92897876657892,3.75,0.0
6865,2023-10-14 00:00:00,19.86581501689886,3.96,0.0
6866,2023-10-14 01:00:00,20.114137704610098,3.83,0.0
6867,2023-10-14 02:00:00,20.362460392321328,4.03,0.0
6868,2023-10-14 03:00:00,20.8591057677438,4.74,0.0
6869,2023-10-14 04:00:00,21.355751143166277,5.29,0.0
6870,2023-10-14 05:00:00,21.355751143166277,3.61,0.0
6871,2023-10-14 06:00:00,22.10071920629998,4.53,0.0
6872,2023-10-14 07:00:00,22.34904189401122,5.09,0.011
6873,2023-10-14 08:00:00,22.84568726943369,5.28,0.14
6874,2023-10-14 09:00:00,23.342332644856157,5.6,0.348
6875,2023-10-14 10:00:00,23.838978020278628,5.7,0.468
6876,2023-10-14 11:00:00,23.590655332567398,4.5,0.573
6877,2023-10-14 12:00:00,23.342332644856157,4.82,0.803
6878,2023-10-14 13:00:00,22.84568726943369,4.62,0.798
6879,2023-10-14 14:00:00,22.34904189401122,5.32,0.793
6880,2023-10-14 15:00:00,22.34904189401122,5.1,0.578
6881,2023-10-14 16:00:00,22.84568726943369,5.1,0.441
6882,2023-10-14 17:00:00,24.832268771123573,5.04,0.273
6883,2023-10-14 18:00:00,24.832268771123573,5.11,0.091
6884,2023-10-14 19:00:00,24.832268771123573,4.72,0.002
6885,2023-10-14 20:00:00,24.087300707989865,4.32,0.0
6886,2023-10-14 21:00:00,23.09400995714492,4.65,0.0
6887,2023-10-14 22:00:00,20.610783080032565,5.1,0.0
6888,2023-10-14 23:00:00,20.610783080032565,3.77,0.0
6889,2023-10-15 00:00:00,19.240940101557356,3.91,0.0
6890,2023-10-15 01:00:00,19.48145185282681,4.52,0.0
6891,2023-10-15 02:00:00,19.72196360409628,4.47,0.0
6892,2023-10-15 03:00:00,20.20298710663522,4.46,0.0
6893,2023-10-15 04:00:00,20.684010609174155,4.74,0.0
6894,2023-10-15 05:00:00,20.684010609174155,5.06,0.0
6895,2023-10-15 06:00:00,21.405545862982557,5.05,0.0
6896,2023-10-15 07:00:00,21.64605761425202,4.75,0.012
6897,2023-10-15 08:00:00,22.127081116790954,3.69,0.128
6898,2023-10-15 09:00:00,22.60810461932989,3.75,0.368
6899,2023-10-15 10:00:00,23.089128121868825,4.48,0.575
6900,2023-10-15 11:00:00,22.848616370599352,3.58,0.726
6901,2023-10-15 12:00:00,22.60810461932989,3.94,0.416
6902,2023-10-15 13:00:00,22.127081116790954,3.83,0.6
6903,2023-10-15 14:00:00,21.64605761425202,3.57,0.566
6904,2023-10-15 15:00:00,21.64605761425202,3.32,0.412
6905,2023-10-15 16:00:00,22.127081116790954,3.16,0.229
6906,2023-10-15 17:00:00,24.05117512694669,2.92,0.132
6907,2023-10-15 18:00:00,24.05117512694669,2.55,0.059
6908,2023-10-15 19:00:00,24.05117512694669,3.03,0.001
6909,2023-10-15 20:00:00,23.32963987313829,3.3,0.0
6910,2023-10-15 21:00:00,22.36759286806042,3.23,0.0
6911,2023-10-15 22:00:00,19.96247535536575,3.48,0.0
6912,2023-10-15 23:00:00,19.96247535536575,4.69,0.0
6913,2023-10-16 00:00:00,27.87084139449352,5.51,0.0
6914,2023-10-16 01:00:00,28.21922691192469,5.92,0.0
6915,2023-10-16 02:00:00,28.56761242935585,6.61,0.0
6916,2023-10-16 03:00:00,29.264383464218195,6.91,0.0
6917,2023-10-16 04:00:00,29.96115449908053,6.97,0.0
6918,2023-10-16 05:00:00,29.96115449908053,7.73,0.0
6919,2023-10-16 06:00:00,31.006311051374038,8.61,0.0
6920,2023-10-16 07:00:00,31.35469656880521,9.4,0.013
6921,2023-10-16 08:00:00,32.05146760366754,9.1,0.161
6922,2023-10-16 09:00:00,32.748238638529884,7.5,0.375
6923,2023-10-16 10:00:00,33.44500967339222,7.38,0.593
6924,2023-10-16 11:00:00,33.09662415596105,8.16,0.769
6925,2023-10-16 12:00:00,32.748238638529884,8.68,0.874
6926,2023-10-16 13:00:00,32.05146760366754,7.82,0.895
6927,2023-10-16 14:00:00,31.35469656880521,7.59,0.834
6928,2023-10-16 15:00:00,31.35469656880521,7.14,0.71
6929,2023-10-16 16:00:00,32.05146760366754,6.37,0.535
6930,2023-10-16 17:00:00,34.838551743116895,5.33,0.313
6931,2023-10-16 18:00:00,34.838551743116895,5.13,0.097
6932,2023-10-16 19:00:00,34.838551743116895,5.97,0.001
6933,2023-10-16 20:00:00,33.79339519082338,6.38,0.0
6934,2023-10-16 21:00:00,32.399853121098715,5.99,0.0
6935,2023-10-16 22:00:00,28.915997946787023,5.49,0.0
6936,2023-10-16 23:00:00,28.915997946787023,5.26,0.0
6937,2023-10-17 00:00:00,29.024729732482097,4.69,0.0
6938,2023-10-17 01:00:00,29.387538854138125,4.03,0.0
6939,2023-10-17 02:00:00,29.75034797579415,4.12,0.0
6940,2023-10-17 03:00:00,30.4759662191062,4.9,0.0
6941,2023-10-17 04:00:00,31.201584462418253,5.32,0.0
6942,2023-10-17 05:00:00,31.201584462418253,5.42,0.0
6943,2023-10-17 06:00:00,32.29001182738633,5.62,0.0
6944,2023-10-17 07:00:00,32.652820949042365,6.13,0.015
6945,2023-10-17 08:00:00,33.37843919235441,6.71,0.166
6946,2023-10-17 09:00:00,34.10405743566647,5.93,0.395
6947,2023-10-17 10:00:00,34.829675678978525,5.8,0.61
6948,2023-10-17 11:00:00,34.46686655732249,5.44,0.777
6949,2023-10-17 12:00:00,34.10405743566647,5.64,0.877
6950,2023-10-17 13:00:00,33.37843919235441,5.81,0.902
6951,2023-10-17 14:00:00,32.652820949042365,6.08,0.848
6952,2023-10-17 15:00:00,32.652820949042365,6.71,0.721
6953,2023-10-17 16:00:00,33.37843919235441,6.8,0.532
6954,2023-10-17 17:00:00,36.28091216560262,6.37,0.307
6955,2023-10-17 18:00:00,36.28091216560262,5.39,0.093
6956,2023-10-17 19:00:00,36.28091216560262,4.7,0.001
6957,2023-10-17 20:00:00,35.192484800634546,4.31,0.0
6958,2023-10-17 21:00:00,33.74124831401044,4.62,0.0
6959,2023-10-17 22:00:00,30.11315709745018,4.9,0.0
6960,2023-10-17 23:00:00,30.11315709745018,4.88,0.0
6961,2023-10-18 00:00:00,28.285057720950952,4.4,0.0
6962,2023-10-18 01:00:00,28.638620942462843,3.96,0.0
6963,2023-10-18 02:00:00,28.99218416397473,3.64,0.0
6964,2023-10-18 03:00:00,29.6993106069985,3.79,0.0
6965,2023-10-18 04:00:00,30.40643705002228,3.98,0.0
6966,2023-10-18 05:00:00,30.40643705002228,3.75,0.0
6967,2023-10-18 06:00:00,31.46712671455793,3.67,0.0
6968,2023-10-18 07:00:00,31.820689936069822,3.93,0.013
6969,2023-10-18 08:00:00,32.52781637909359,4.05,0.147
6970,2023-10-18 09:00:00,33.234942822117375,4.43,0.372
6971,2023-10-18 10:00:00,33.94206926514114,4.64,0.593
6972,2023-10-18 11:00:00,33.58850604362926,4.88,0.759
6973,2023-10-18 12:00:00,33.234942822117375,4.95,0.81
6974,2023-10-18 13:00:00,32.52781637909359,5.06,0.881
6975,2023-10-18 14:00:00,31.820689936069822,5.44,0.832
6976,2023-10-18 15:00:00,31.820689936069822,5.6,0.689
6977,2023-10-18 16:00:00,32.52781637909359,5.53,0.5
6978,2023-10-18 17:00:00,35.35632215118869,5.46,0.296
6979,2023-10-18 18:00:00,35.35632215118869,5.37,0.088
6980,2023-10-18 19:00:00,35.35632215118869,5.59,0.001
6981,2023-10-18 20:00:00,34.295632486653034,5.48,0.0
6982,2023-10-18 21:00:00,32.88137960060549,5.8,0.0
6983,2023-10-18 22:00:00,29.34574738548661,5.8,0.0
6984,2023-10-18 23:00:00,29.34574738548661,6.13,0.0
6985,2023-10-19 00:00:00,29.586880461245773,5.88,0.0
6986,2023-10-19 01:00:00,29.956716467011343,5.83,0.0
6987,2023-10-19 02:00:00,30.32655247277691,5.64,0.0
6988,2023-10-19 03:00:00,31.06622448430806,5.69,0.0
6989,2023-10-19 04:00:00,31.805896495839203,5.69,0.0
6990,2023-10-19 05:00:00,31.805896495839203,5.78,0.0
6991,2023-10-19 06:00:00,32.91540451313592,6.09,0.0
6992,2023-10-19 07:00:00,33.28524051890149,5.76,0.011
6993,2023-10-19 08:00:00,34.02491253043264,5.46,0.122
6994,2023-10-19 09:00:00,34.76458454196378,5.96,0.333
6995,2023-10-19 10:00:00,35.504256553494926,6.04,0.574
6996,2023-10-19 11:00:00,35.13442054772935,6.16,0.72
6997,2023-10-19 12:00:00,34.76458454196378,7.08,0.829
6998,2023-10-19 13:00:00,34.02491253043264,6.02,0.817
6999,2023-10-19 14:00:00,33.28524051890149,6.53,0.778
7000,2023-10-19 15:00:00,33.28524051890149,5.36,0.671
7001,2023-10-19 16:00:00,34.02491253043264,4.78,0.51
7002,2023-10-19 17:00:00,36.98360057655721,4.69,0.258
7003,2023-10-19 18:00:00,36.98360057655721,3.39,0.082
7004,2023-10-19 19:00:00,36.98360057655721,3.58,0.001
7005,2023-10-19 20:00:00,35.8740925592605,4.95,0.0
7006,2023-10-19 21:00:00,34.394748536198215,5.07,0.0
7007,2023-10-19 22:00:00,30.696388478542488,5.6,0.0
7008,2023-10-19 23:00:00,30.696388478542488,5.35,0.0
7009,2023-10-20 00:00:00,28.84720844971463,5.44,0.0
7010,2023-10-20 01:00:00,29.207798555336066,5.22,0.0
7011,2023-10-20 02:00:00,29.56838866095749,5.39,0.0
7012,2023-10-20 03:00:00,30.28956887220036,5.7,0.0
7013,2023-10-20 04:00:00,31.010749083443223,5.71,0.0
7014,2023-10-20 05:00:00,31.010749083443223,5.87,0.0
7015,2023-10-20 06:00:00,32.09251940030752,6.26,0.0
7016,2023-10-20 07:00:00,32.45310950592895,6.35,0.011
7017,2023-10-20 08:00:00,33.174289717171824,5.76,0.139
7018,2023-10-20 09:00:00,33.895469928414684,5.82,0.363
7019,2023-10-20 10:00:00,34.61665013965755,5.8,0.569
7020,2023-10-20 11:00:00,34.25606003403612,5.41,0.699
7021,2023-10-20 12:00:00,33.895469928414684,6.09,0.832
7022,2023-10-20 13:00:00,33.174289717171824,6.69,0.864
7023,2023-10-20 14:00:00,32.45310950592895,7.08,0.782
7024,2023-10-20 15:00:00,32.45310950592895,6.89,0.627
7025,2023-10-20 16:00:00,33.174289717171824,6.55,0.48
7026,2023-10-20 17:00:00,36.059010562143285,7.1,0.286
7027,2023-10-20 18:00:00,36.059010562143285,7.14,0.085
7028,2023-10-20 19:00:00,36.059010562143285,7.06,0.001
7029,2023-10-20 20:00:00,34.977240245278985,7.08,0.0
7030,2023-10-20 21:00:00,33.53487982279325,7.09,0.0
7031,2023-10-20 22:00:00,29.92897876657892,7.28,0.0
7032,2023-10-20 23:00:00,29.92897876657892,7.19,0.0
7033,2023-10-21 00:00:00,19.86581501689886,7.21,0.0
7034,2023-10-21 01:00:00,20.114137704610098,7.04,0.0
7035,2023-10-21 02:00:00,20.362460392321328,6.58,0.0
7036,2023-10-21 03:00:00,20.8591057677438,6.65,0.0
7037,2023-10-21 04:00:00,21.355751143166277,6.4,0.0
7038,2023-10-21 05:00:00,21.355751143166277,6.06,0.0
7039,2023-10-21 06:00:00,22.10071920629998,6.26,0.0
7040,2023-10-21 07:00:00,22.34904189401122,6.48,0.013
7041,2023-10-21 08:00:00,22.84568726943369,5.73,0.15
7042,2023-10-21 09:00:00,23.342332644856157,5.82,0.376
7043,2023-10-21 10:00:00,23.838978020278628,6.44,0.576
7044,2023-10-21 11:00:00,23.590655332567398,5.19,0.745
7045,2023-10-21 12:00:00,23.342332644856157,5.32,0.817
7046,2023-10-21 13:00:00,22.84568726943369,4.83,0.853
7047,2023-10-21 14:00:00,22.34904189401122,4.6,0.814
7048,2023-10-21 15:00:00,22.34904189401122,4.88,0.695
7049,2023-10-21 16:00:00,22.84568726943369,5.39,0.508
7050,2023-10-21 17:00:00,24.832268771123573,5.41,0.292
7051,2023-10-21 18:00:00,24.832268771123573,5.36,0.084
7052,2023-10-21 19:00:00,24.832268771123573,5.38,0.001
7053,2023-10-21 20:00:00,24.087300707989865,5.12,0.0
7054,2023-10-21 21:00:00,23.09400995714492,4.75,0.0
7055,2023-10-21 22:00:00,20.610783080032565,4.66,0.0
7056,2023-10-21 23:00:00,20.610783080032565,4.61,0.0
7057,2023-10-22 00:00:00,19.240940101557356,4.24,0.0
7058,2023-10-22 01:00:00,19.48145185282681,3.69,0.0
7059,2023-10-22 02:00:00,19.72196360409628,3.81,0.0
7060,2023-10-22 03:00:00,20.20298710663522,3.9,0.0
7061,2023-10-22 04:00:00,20.684010609174155,2.62,0.0
7062,2023-10-22 05:00:00,20.684010609174155,2.53,0.0
7063,2023-10-22 06:00:00,21.405545862982557,4.3,0.0
7064,2023-10-22 07:00:00,21.64605761425202,4.74,0.013
7065,2023-10-22 08:00:00,22.127081116790954,2.7,0.156
7066,2023-10-22 09:00:00,22.60810461932989,3.69,0.337
7067,2023-10-22 10:00:00,23.089128121868825,4.16,0.531
7068,2023-10-22 11:00:00,22.848616370599352,4.39,0.67
7069,2023-10-22 12:00:00,22.60810461932989,3.89,0.825
7070,2023-10-22 13:00:00,22.127081116790954,2.52,0.869
7071,2023-10-22 14:00:00,21.64605761425202,1.79,0.788
7072,2023-10-22 15:00:00,21.64605761425202,2.06,0.691
7073,2023-10-22 16:00:00,22.127081116790954,2.97,0.498
7074,2023-10-22 17:00:00,24.05117512694669,3.34,0.246
7075,2023-10-22 18:00:00,24.05117512694669,3.8,0.076
7076,2023-10-22 19:00:00,24.05117512694669,4.6,0.0
7077,2023-10-22 20:00:00,23.32963987313829,4.6,0.0
7078,2023-10-22 21:00:00,22.36759286806042,3.11,0.0
7079,2023-10-22 22:00:00,19.96247535536575,3.71,0.0
7080,2023-10-22 23:00:00,19.96247535536575,3.31,0.0
7081,2023-10-23 00:00:00,27.87084139449352,3.91,0.0
7082,2023-10-23 01:00:00,28.21922691192469,4.2,0.0
7083,2023-10-23 02:00:00,28.56761242935585,4.82,0.0
7084,2023-10-23 03:00:00,29.264383464218195,4.98,0.0
7085,2023-10-23 04:00:00,29.96115449908053,4.75,0.0
7086,2023-10-23 05:00:00,29.96115449908053,4.5,0.0
7087,2023-10-23 06:00:00,31.006311051374038,4.63,0.0
7088,2023-10-23 07:00:00,31.35469656880521,4.62,0.012
7089,2023-10-23 08:00:00,32.05146760366754,4.13,0.142
7090,2023-10-23 09:00:00,32.748238638529884,4.65,0.352
7091,2023-10-23 10:00:00,33.44500967339222,5.46,0.511
7092,2023-10-23 11:00:00,33.09662415596105,4.47,0.654
7093,2023-10-23 12:00:00,32.748238638529884,4.34,0.805
7094,2023-10-23 13:00:00,32.05146760366754,3.49,0.798
7095,2023-10-23 14:00:00,31.35469656880521,2.47,0.775
7096,2023-10-23 15:00:00,31.35469656880521,2.75,0.638
7097,2023-10-23 16:00:00,32.05146760366754,3.36,0.463
7098,2023-10-23 17:00:00,34.838551743116895,4.21,0.264
7099,2023-10-23 18:00:00,34.838551743116895,5.53,0.073
7100,2023-10-23 19:00:00,34.838551743116895,6.26,0.0
7101,2023-10-23 20:00:00,33.79339519082338,5.5,0.0
7102,2023-10-23 21:00:00,32.399853121098715,5.69,0.0
7103,2023-10-23 22:00:00,28.915997946787023,5.75,0.0
7104,2023-10-23 23:00:00,28.915997946787023,5.56,0.0
7105,2023-10-24 00:00:00,29.024729732482097,5.69,0.0
7106,2023-10-24 01:00:00,29.387538854138125,5.28,0.0
7107,2023-10-24 02:00:00,29.75034797579415,5.44,0.0
7108,2023-10-24 03:00:00,30.4759662191062,5.8,0.0
7109,2023-10-24 04:00:00,31.201584462418253,5.54,0.0
7110,2023-10-24 05:00:00,31.201584462418253,5.17,0.0
7111,2023-10-24 06:00:00,32.29001182738633,5.45,0.0
7112,2023-10-24 07:00:00,32.652820949042365,5.59,0.011
7113,2023-10-24 08:00:00,33.37843919235441,5.59,0.138
7114,2023-10-24 09:00:00,34.10405743566647,6.24,0.363
7115,2023-10-24 10:00:00,34.829675678978525,6.54,0.545
7116,2023-10-24 11:00:00,34.46686655732249,6.63,0.653
7117,2023-10-24 12:00:00,34.10405743566647,7.16,0.723
7118,2023-10-24 13:00:00,33.37843919235441,6.59,0.807
7119,2023-10-24 14:00:00,32.652820949042365,6.15,0.759
7120,2023-10-24 15:00:00,32.652820949042365,6.78,0.609
7121,2023-10-24 16:00:00,33.37843919235441,6.96,0.438
7122,2023-10-24 17:00:00,36.28091216560262,6.62,0.249
7123,2023-10-24 18:00:00,36.28091216560262,6.25,0.062
7124,2023-10-24 19:00:00,36.28091216560262,5.81,0.0
7125,2023-10-24 20:00:00,35.192484800634546,6.3,0.0
7126,2023-10-24 21:00:00,33.74124831401044,6.65,0.0
7127,2023-10-24 22:00:00,30.11315709745018,6.37,0.0
7128,2023-10-24 23:00:00,30.11315709745018,6.3,0.0
7129,2023-10-25 00:00:00,28.285057720950952,6.24,0.0
7130,2023-10-25 01:00:00,28.638620942462843,6.28,0.0
7131,2023-10-25 02:00:00,28.99218416397473,6.64,0.0
7132,2023-10-25 03:00:00,29.6993106069985,7.07,0.0
7133,2023-10-25 04:00:00,30.40643705002228,7.35,0.0
7134,2023-10-25 05:00:00,30.40643705002228,7.52,0.0
7135,2023-10-25 06:00:00,31.46712671455793,7.46,0.0
7136,2023-10-25 07:00:00,31.820689936069822,7.57,0.012
7137,2023-10-25 08:00:00,32.52781637909359,7.43,0.148
7138,2023-10-25 09:00:00,33.234942822117375,7.51,0.361
7139,2023-10-25 10:00:00,33.94206926514114,7.38,0.554
7140,2023-10-25 11:00:00,33.58850604362926,7.0,0.712
7141,2023-10-25 12:00:00,33.234942822117375,6.93,0.835
7142,2023-10-25 13:00:00,32.52781637909359,6.67,0.859
7143,2023-10-25 14:00:00,31.820689936069822,6.89,0.805
7144,2023-10-25 15:00:00,31.820689936069822,7.13,0.647
7145,2023-10-25 16:00:00,32.52781637909359,7.38,0.49
7146,2023-10-25 17:00:00,35.35632215118869,7.43,0.28
7147,2023-10-25 18:00:00,35.35632215118869,6.94,0.079
7148,2023-10-25 19:00:00,35.35632215118869,6.4,0.0
7149,2023-10-25 20:00:00,34.295632486653034,6.8,0.0
7150,2023-10-25 21:00:00,32.88137960060549,7.2,0.0
7151,2023-10-25 22:00:00,29.34574738548661,7.43,0.0
7152,2023-10-25 23:00:00,29.34574738548661,7.24,0.0
7153,2023-10-26 00:00:00,29.586880461245773,6.42,0.0
7154,2023-10-26 01:00:00,29.956716467011343,7.8,0.0
7155,2023-10-26 02:00:00,30.32655247277691,7.41,0.0
7156,2023-10-26 03:00:00,31.06622448430806,8.01,0.0
7157,2023-10-26 04:00:00,31.805896495839203,7.9,0.0
7158,2023-10-26 05:00:00,31.805896495839203,7.8,0.0
7159,2023-10-26 06:00:00,32.91540451313592,7.8,0.0
7160,2023-10-26 07:00:00,33.28524051890149,8.0,0.01
7161,2023-10-26 08:00:00,34.02491253043264,7.36,0.146
7162,2023-10-26 09:00:00,34.76458454196378,8.1,0.353
7163,2023-10-26 10:00:00,35.504256553494926,8.46,0.525
7164,2023-10-26 11:00:00,35.13442054772935,8.79,0.697
7165,2023-10-26 12:00:00,34.76458454196378,9.55,0.487
7166,2023-10-26 13:00:00,34.02491253043264,9.55,0.775
7167,2023-10-26 14:00:00,33.28524051890149,9.3,0.78
7168,2023-10-26 15:00:00,33.28524051890149,8.72,0.681
7169,2023-10-26 16:00:00,34.02491253043264,8.12,0.502
7170,2023-10-26 17:00:00,36.98360057655721,7.97,0.279
7171,2023-10-26 18:00:00,36.98360057655721,8.04,0.078
7172,2023-10-26 19:00:00,36.98360057655721,8.34,0.0
7173,2023-10-26 20:00:00,35.8740925592605,8.66,0.0
7174,2023-10-26 21:00:00,34.394748536198215,8.46,0.0
7175,2023-10-26 22:00:00,30.696388478542488,8.56,0.0
7176,2023-10-26 23:00:00,30.696388478542488,8.25,0.0
7177,2023-10-27 00:00:00,28.84720844971463,9.16,0.0
7178,2023-10-27 01:00:00,29.207798555336066,8.91,0.0
7179,2023-10-27 02:00:00,29.56838866095749,8.54,0.0
7180,2023-10-27 03:00:00,30.28956887220036,7.59,0.0
7181,2023-10-27 04:00:00,31.010749083443223,7.58,0.0
7182,2023-10-27 05:00:00,31.010749083443223,7.66,0.0
7183,2023-10-27 06:00:00,32.09251940030752,7.52,0.0
7184,2023-10-27 07:00:00,32.45310950592895,7.47,0.012
7185,2023-10-27 08:00:00,33.174289717171824,7.03,0.153
7186,2023-10-27 09:00:00,33.895469928414684,7.38,0.373
7187,2023-10-27 10:00:00,34.61665013965755,7.22,0.58
7188,2023-10-27 11:00:00,34.25606003403612,7.78,0.739
7189,2023-10-27 12:00:00,33.895469928414684,8.21,0.835
7190,2023-10-27 13:00:00,33.174289717171824,8.39,0.849
7191,2023-10-27 14:00:00,32.45310950592895,8.63,0.753
7192,2023-10-27 15:00:00,32.45310950592895,8.56,0.679
7193,2023-10-27 16:00:00,33.174289717171824,8.25,0.49
7194,2023-10-27 17:00:00,36.059010562143285,8.17,0.28
7195,2023-10-27 18:00:00,36.059010562143285,8.53,0.075
7196,2023-10-27 19:00:00,36.059010562143285,9.1,0.0
7197,2023-10-27 20:00:00,34.977240245278985,8.98,0.0
7198,2023-10-27 21:00:00,33.53487982279325,9.11,0.0
7199,2023-10-27 22:00:00,29.92897876657892,9.0,0.0
7200,2023-10-27 23:00:00,29.92897876657892,9.1,0.0
7201,2023-10-28 00:00:00,19.86581501689886,9.09,0.0
7202,2023-10-28 01:00:00,20.114137704610098,9.39,0.0
7203,2023-10-28 02:00:00,20.362460392321328,9.36,0.0
7204,2023-10-28 03:00:00,20.8591057677438,9.06,0.0
7205,2023-10-28 04:00:00,21.355751143166277,8.67,0.0
7206,2023-10-28 05:00:00,21.355751143166277,8.36,0.0
7207,2023-10-28 06:00:00,22.10071920629998,8.05,0.0
7208,2023-10-28 07:00:00,22.34904189401122,7.85,0.011
7209,2023-10-28 08:00:00,22.84568726943369,7.0,0.151
7210,2023-10-28 09:00:00,23.342332644856157,6.82,0.353
7211,2023-10-28 10:00:00,23.838978020278628,6.78,0.531
7212,2023-10-28 11:00:00,23.590655332567398,7.15,0.666
7213,2023-10-28 12:00:00,23.342332644856157,6.96,0.743
7214,2023-10-28 13:00:00,22.84568726943369,6.46,0.828
7215,2023-10-28 14:00:00,22.34904189401122,6.26,0.706
7216,2023-10-28 15:00:00,22.34904189401122,6.21,0.483
7217,2023-10-28 16:00:00,22.84568726943369,6.36,0.403
7218,2023-10-28 17:00:00,24.832268771123573,6.3,0.255
7219,2023-10-28 18:00:00,24.832268771123573,5.85,0.073
7220,2023-10-28 19:00:00,24.832268771123573,5.95,0.0
7221,2023-10-28 20:00:00,24.087300707989865,5.87,0.0
7222,2023-10-28 21:00:00,23.09400995714492,5.59,0.0
7223,2023-10-28 22:00:00,20.610783080032565,5.38,0.0
7224,2023-10-28 23:00:00,20.610783080032565,5.36,0.0
7225,2023-10-29 00:00:00,19.240940101557356,5.1,0.0
7226,2023-10-29 01:00:00,19.48145185282681,5.15,0.0
7227,2023-10-29 02:00:00,19.72196360409628,5.04,0.0
7228,2023-10-29 03:00:00,20.20298710663522,4.95,0.0
7229,2023-10-29 04:00:00,20.684010609174155,4.59,0.0
7230,2023-10-29 05:00:00,20.684010609174155,4.28,0.0
7231,2023-10-29 06:00:00,21.405545862982557,4.28,0.0
7232,2023-10-29 07:00:00,21.64605761425202,3.91,0.011
7233,2023-10-29 08:00:00,22.127081116790954,3.4,0.134
7234,2023-10-29 09:00:00,22.60810461932989,3.47,0.315
7235,2023-10-29 10:00:00,23.089128121868825,3.13,0.516
7236,2023-10-29 11:00:00,22.848616370599352,1.89,0.71
7237,2023-10-29 12:00:00,22.60810461932989,1.48,0.706
7238,2023-10-29 13:00:00,22.127081116790954,1.17,0.841
7239,2023-10-29 14:00:00,21.64605761425202,0.92,0.729
7240,2023-10-29 15:00:00,21.64605761425202,1.5,0.65
7241,2023-10-29 16:00:00,22.127081116790954,1.61,0.483
7242,2023-10-29 17:00:00,24.05117512694669,1.08,0.265
7243,2023-10-29 18:00:00,24.05117512694669,1.26,0.074
7244,2023-10-29 19:00:00,24.05117512694669,2.15,0.0
7245,2023-10-29 20:00:00,23.32963987313829,2.32,0.0
7246,2023-10-29 21:00:00,22.36759286806042,3.01,0.0
7247,2023-10-29 22:00:00,19.96247535536575,3.47,0.0
7248,2023-10-29 23:00:00,19.96247535536575,3.4,0.0
7249,2023-10-30 00:00:00,27.87084139449352,3.2,0.0
7250,2023-10-30 01:00:00,28.21922691192469,2.7,0.0
7251,2023-10-30 02:00:00,28.56761242935585,2.31,0.0
7252,2023-10-30 03:00:00,29.264383464218195,2.2,0.0
7253,2023-10-30 04:00:00,29.96115449908053,2.43,0.0
7254,2023-10-30 05:00:00,29.96115449908053,2.63,0.0
7255,2023-10-30 06:00:00,31.006311051374038,2.61,0.0
7256,2023-10-30 07:00:00,31.35469656880521,2.1,0.01
7257,2023-10-30 08:00:00,32.05146760366754,1.81,0.146
7258,2023-10-30 09:00:00,32.748238638529884,1.03,0.37
7259,2023-10-30 10:00:00,33.44500967339222,1.3,0.58
7260,2023-10-30 11:00:00,33.09662415596105,2.8,0.74
7261,2023-10-30 12:00:00,32.748238638529884,4.57,0.83
7262,2023-10-30 13:00:00,32.05146760366754,5.14,0.851
7263,2023-10-30 14:00:00,31.35469656880521,4.89,0.798
7264,2023-10-30 15:00:00,31.35469656880521,3.76,0.669
7265,2023-10-30 16:00:00,32.05146760366754,3.49,0.481
7266,2023-10-30 17:00:00,34.838551743116895,3.67,0.273
7267,2023-10-30 18:00:00,34.838551743116895,3.54,0.073
7268,2023-10-30 19:00:00,34.838551743116895,2.47,0.0
7269,2023-10-30 20:00:00,33.79339519082338,2.1,0.0
7270,2023-10-30 21:00:00,32.399853121098715,2.35,0.0
7271,2023-10-30 22:00:00,28.915997946787023,2.16,0.0
7272,2023-10-30 23:00:00,28.915997946787023,1.4,0.0
7273,2023-10-31 00:00:00,29.024729732482097,3.34,0.0
7274,2023-10-31 01:00:00,29.387538854138125,3.2,0.0
7275,2023-10-31 02:00:00,29.75034797579415,3.28,0.0
7276,2023-10-31 03:00:00,30.4759662191062,3.32,0.0
7277,2023-10-31 04:00:00,31.201584462418253,3.32,0.0
7278,2023-10-31 05:00:00,31.201584462418253,4.33,0.0
7279,2023-10-31 06:00:00,32.29001182738633,4.9,0.0
7280,2023-10-31 07:00:00,32.652820949042365,5.46,0.01
7281,2023-10-31 08:00:00,33.37843919235441,4.3,0.134
7282,2023-10-31 09:00:00,34.10405743566647,4.11,0.335
7283,2023-10-31 10:00:00,34.829675678978525,4.57,0.517
7284,2023-10-31 11:00:00,34.46686655732249,5.0,0.558
7285,2023-10-31 12:00:00,34.10405743566647,6.08,0.714
7286,2023-10-31 13:00:00,33.37843919235441,6.69,0.753
7287,2023-10-31 14:00:00,32.652820949042365,6.46,0.747
7288,2023-10-31 15:00:00,32.652820949042365,5.71,0.588
7289,2023-10-31 16:00:00,33.37843919235441,5.82,0.424
7290,2023-10-31 17:00:00,36.28091216560262,5.48,0.218
7291,2023-10-31 18:00:00,36.28091216560262,4.96,0.064
7292,2023-10-31 19:00:00,36.28091216560262,5.52,0.0
7293,2023-10-31 20:00:00,35.192484800634546,5.88,0.0
7294,2023-10-31 21:00:00,33.74124831401044,5.84,0.0
7295,2023-10-31 22:00:00,30.11315709745018,5.4,0.0
7296,2023-10-31 23:00:00,30.11315709745018,5.83,0.0
7297,2023-11-01 00:00:00,28.75647534963347,5.45,0.0
7298,2023-11-01 01:00:00,29.11593129150388,5.6,0.0
7299,2023-11-01 02:00:00,29.475387233374303,5.66,0.0
7300,2023-11-01 03:00:00,30.194299117115143,5.8,0.0
7301,2023-11-01 04:00:00,30.913211000855974,6.02,0.0
7302,2023-11-01 05:00:00,30.913211000855974,6.3,0.0
7303,2023-11-01 06:00:00,31.991578826467236,6.47,0.0
7304,2023-11-01 07:00:00,32.35103476833765,6.59,0.01
7305,2023-11-01 08:00:00,33.069946652078485,6.74,0.139
7306,2023-11-01 09:00:00,33.78885853581932,6.96,0.347
7307,2023-11-01 10:00:00,34.50777041956016,6.94,0.537
7308,2023-11-01 11:00:00,34.148314477689745,6.53,0.644
7309,2023-11-01 12:00:00,33.78885853581932,5.61,0.803
7310,2023-11-01 13:00:00,33.069946652078485,4.83,0.829
7311,2023-11-01 14:00:00,32.35103476833765,5.5,0.784
7312,2023-11-01 15:00:00,32.35103476833765,5.02,0.666
7313,2023-11-01 16:00:00,33.069946652078485,4.05,0.46
7314,2023-11-01 17:00:00,35.945594187041834,5.1,0.204
7315,2023-11-01 18:00:00,35.945594187041834,5.62,0.05
7316,2023-11-01 19:00:00,35.945594187041834,6.71,0.0
7317,2023-11-01 20:00:00,34.867226361430575,6.1,0.0
7318,2023-11-01 21:00:00,33.42940259394891,5.92,0.0
7319,2023-11-01 22:00:00,29.834843175244725,5.97,0.0
7320,2023-11-01 23:00:00,29.834843175244725,6.18,0.0
7321,2023-11-02 00:00:00,30.079995135599862,6.1,0.0
7322,2023-11-02 01:00:00,30.455995074794856,5.52,0.0
7323,2023-11-02 02:00:00,30.831995013989857,4.81,0.0
7324,2023-11-02 03:00:00,31.583994892379856,5.02,0.0
7325,2023-11-02 04:00:00,32.33599477076985,5.73,0.0
7326,2023-11-02 05:00:00,32.33599477076985,6.11,0.0
7327,2023-11-02 06:00:00,33.46399458835485,7.71,0.0
7328,2023-11-02 07:00:00,33.83999452754984,8.13,0.01
7329,2023-11-02 08:00:00,34.59199440593984,7.38,0.139
7330,2023-11-02 09:00:00,35.34399428432984,7.71,0.368
7331,2023-11-02 10:00:00,36.09599416271983,8.38,0.579
7332,2023-11-02 11:00:00,35.71999422352484,8.36,0.739
7333,2023-11-02 12:00:00,35.34399428432984,8.68,0.833
7334,2023-11-02 13:00:00,34.59199440593984,8.5,0.855
7335,2023-11-02 14:00:00,33.83999452754984,8.59,0.801
7336,2023-11-02 15:00:00,33.83999452754984,8.81,0.678
7337,2023-11-02 16:00:00,34.59199440593984,8.78,0.495
7338,2023-11-02 17:00:00,37.599993919499816,8.6,0.277
7339,2023-11-02 18:00:00,37.599993919499816,9.3,0.072
7340,2023-11-02 19:00:00,37.599993919499816,10.16,0.0
7341,2023-11-02 20:00:00,36.47199410191483,10.57,0.0
7342,2023-11-02 21:00:00,34.96799434513484,10.86,0.0
7343,2023-11-02 22:00:00,31.20799495318486,10.9,0.0
7344,2023-11-02 23:00:00,31.20799495318486,10.59,0.0
7345,2023-11-03 00:00:00,29.327995257209867,10.1,0.0
7346,2023-11-03 01:00:00,29.694595197924983,10.1,0.0
7347,2023-11-03 02:00:00,30.06119513864011,9.93,0.0
7348,2023-11-03 03:00:00,30.79439502007036,9.63,0.0
7349,2023-11-03 04:00:00,31.527594901500606,9.81,0.0
7350,2023-11-03 05:00:00,31.527594901500606,9.77,0.0
7351,2023-11-03 06:00:00,32.62739472364598,10.16,0.0
7352,2023-11-03 07:00:00,32.9939946643611,10.1,0.01
7353,2023-11-03 08:00:00,33.72719454579135,9.12,0.148
7354,2023-11-03 09:00:00,34.46039442722159,8.82,0.369
7355,2023-11-03 10:00:00,35.19359430865184,8.68,0.578
7356,2023-11-03 11:00:00,34.82699436793672,8.54,0.74
7357,2023-11-03 12:00:00,34.46039442722159,9.62,0.833
7358,2023-11-03 13:00:00,33.72719454579135,9.62,0.852
7359,2023-11-03 14:00:00,32.9939946643611,9.85,0.793
7360,2023-11-03 15:00:00,32.9939946643611,9.9,0.676
7361,2023-11-03 16:00:00,33.72719454579135,9.34,0.495
7362,2023-11-03 17:00:00,36.65999407151234,8.71,0.276
7363,2023-11-03 18:00:00,36.65999407151234,8.99,0.071
7364,2023-11-03 19:00:00,36.65999407151234,9.69,0.0
7365,2023-11-03 20:00:00,35.56019424936696,10.1,0.0
7366,2023-11-03 21:00:00,34.09379448650647,10.18,0.0
7367,2023-11-03 22:00:00,30.42779507935524,10.07,0.0
7368,2023-11-03 23:00:00,30.42779507935524,9.56,0.0
7369,2023-11-04 00:00:00,20.19691193384717,9.37,0.0
7370,2023-11-04 01:00:00,20.44937333302026,8.71,0.0
7371,2023-11-04 02:00:00,20.701834732193348,7.96,0.0
7372,2023-11-04 03:00:00,21.20675753053953,7.93,0.0
7373,2023-11-04 04:00:00,21.71168032888571,7.72,0.0
7374,2023-11-04 05:00:00,21.71168032888571,7.18,0.0
7375,2023-11-04 06:00:00,22.46906452640497,6.71,0.0
7376,2023-11-04 07:00:00,22.721525925578067,6.9,0.009
7377,2023-11-04 08:00:00,23.226448723924243,6.42,0.13
7378,2023-11-04 09:00:00,23.73137152227043,6.78,0.34
7379,2023-11-04 10:00:00,24.236294320616604,7.17,0.545
7380,2023-11-04 11:00:00,23.98383292144351,7.12,0.71
7381,2023-11-04 12:00:00,23.73137152227043,6.56,0.811
7382,2023-11-04 13:00:00,23.226448723924243,6.37,0.821
7383,2023-11-04 14:00:00,22.721525925578067,6.1,0.784
7384,2023-11-04 15:00:00,22.721525925578067,6.11,0.663
7385,2023-11-04 16:00:00,23.226448723924243,5.94,0.488
7386,2023-11-04 17:00:00,25.24613991730897,5.66,0.272
7387,2023-11-04 18:00:00,25.24613991730897,5.93,0.069
7388,2023-11-04 19:00:00,25.24613991730897,6.31,0.0
7389,2023-11-04 20:00:00,24.48875571978969,5.76,0.0
7390,2023-11-04 21:00:00,23.47891012309733,5.82,0.0
7391,2023-11-04 22:00:00,20.95429613136644,5.85,0.0
7392,2023-11-04 23:00:00,20.95429613136644,6.14,0.0
7393,2023-11-05 00:00:00,19.561622436583303,6.38,0.0
7394,2023-11-05 01:00:00,19.8061427170406,6.38,0.0
7395,2023-11-05 02:00:00,20.050662997497884,6.33,0.0
7396,2023-11-05 03:00:00,20.539703558412477,6.51,0.0
7397,2023-11-05 04:00:00,21.02874411932705,6.58,0.0
7398,2023-11-05 05:00:00,21.02874411932705,6.62,0.0
7399,2023-11-05 06:00:00,21.762304960698927,6.8,0.0
7400,2023-11-05 07:00:00,22.006825241156218,6.96,0.009
7401,2023-11-05 08:00:00,22.4958658020708,7.0,0.137
7402,2023-11-05 09:00:00,22.984906362985384,7.52,0.354
7403,2023-11-05 10:00:00,23.473946923899963,7.83,0.542
7404,2023-11-05 11:00:00,23.229426643442675,7.66,0.688
7405,2023-11-05 12:00:00,22.984906362985384,7.66,0.786
7406,2023-11-05 13:00:00,22.4958658020708,7.76,0.813
7407,2023-11-05 14:00:00,22.006825241156218,7.36,0.774
7408,2023-11-05 15:00:00,22.006825241156218,6.87,0.659
7409,2023-11-05 16:00:00,22.4958658020708,6.66,0.485
7410,2023-11-05 17:00:00,24.45202804572913,6.36,0.27
7411,2023-11-05 18:00:00,24.45202804572913,6.53,0.068
7412,2023-11-05 19:00:00,24.45202804572913,6.51,0.0
7413,2023-11-05 20:00:00,23.718467204357253,6.94,0.0
7414,2023-11-05 21:00:00,22.740386082528094,6.78,0.0
7415,2023-11-05 22:00:00,20.295183277955186,6.18,0.0
7416,2023-11-05 23:00:00,20.295183277955186,6.13,0.0
7417,2023-11-06 00:00:00,28.33535541773507,6.1,0.0
7418,2023-11-06 01:00:00,28.689547360456764,5.72,0.0
7419,2023-11-06 02:00:00,29.043739303178445,5.92,0.0
7420,2023-11-06 03:00:00,29.752123188621823,6.17,0.0
7421,2023-11-06 04:00:00,30.46050707406521,6.36,0.0
7422,2023-11-06 05:00:00,30.46050707406521,6.84,0.0
7423,2023-11-06 06:00:00,31.523082902230264,6.8,0.0
7424,2023-11-06 07:00:00,31.877274844951955,6.71,0.008
7425,2023-11-06 08:00:00,32.58565873039534,6.53,0.126
7426,2023-11-06 09:00:00,33.294042615838706,6.58,0.329
7427,2023-11-06 10:00:00,34.00242650128209,6.75,0.558
7428,2023-11-06 11:00:00,33.648234558560404,7.21,0.72
7429,2023-11-06 12:00:00,33.294042615838706,7.61,0.801
7430,2023-11-06 13:00:00,32.58565873039534,8.23,0.803
7431,2023-11-06 14:00:00,31.877274844951955,8.27,0.707
7432,2023-11-06 15:00:00,31.877274844951955,8.36,0.644
7433,2023-11-06 16:00:00,32.58565873039534,8.5,0.482
7434,2023-11-06 17:00:00,35.419194272168845,8.28,0.264
7435,2023-11-06 18:00:00,35.419194272168845,8.29,0.067
7436,2023-11-06 19:00:00,35.419194272168845,8.59,0.0
7437,2023-11-06 20:00:00,34.35661844400378,8.86,0.0
7438,2023-11-06 21:00:00,32.93985067311703,8.93,0.0
7439,2023-11-06 22:00:00,29.397931245900136,8.89,0.0
7440,2023-11-06 23:00:00,29.397931245900136,8.82,0.0
7441,2023-11-07 00:00:00,29.508475228023464,8.98,0.0
7442,2023-11-07 01:00:00,29.877331168373757,8.89,0.0
7443,2023-11-07 02:00:00,30.246187108724047,8.67,0.0
7444,2023-11-07 03:00:00,30.983898989424635,8.54,0.0
7445,2023-11-07 04:00:00,31.72161087012523,8.68,0.0
7446,2023-11-07 05:00:00,31.72161087012523,8.9,0.0
7447,2023-11-07 06:00:00,32.8281786911761,9.36,0.0
7448,2023-11-07 07:00:00,33.19703463152639,9.59,0.007
7449,2023-11-07 08:00:00,33.93474651222698,9.36,0.102
7450,2023-11-07 09:00:00,34.67245839292757,9.44,0.291
7451,2023-11-07 10:00:00,35.410170273628154,9.36,0.445
7452,2023-11-07 11:00:00,35.04131433327787,8.9,0.63
7453,2023-11-07 12:00:00,34.67245839292757,8.73,0.764
7454,2023-11-07 13:00:00,33.93474651222698,8.23,0.815
7455,2023-11-07 14:00:00,33.19703463152639,8.37,0.735
7456,2023-11-07 15:00:00,33.19703463152639,8.68,0.65
7457,2023-11-07 16:00:00,33.93474651222698,8.99,0.466
7458,2023-11-07 17:00:00,36.88559403502933,8.94,0.247
7459,2023-11-07 18:00:00,36.88559403502933,8.95,0.062
7460,2023-11-07 19:00:00,36.88559403502933,8.77,0.0
7461,2023-11-07 20:00:00,35.779026213978455,8.63,0.0
7462,2023-11-07 21:00:00,34.30360245257727,8.72,0.0
7463,2023-11-07 22:00:00,30.615043049074345,8.64,0.0
7464,2023-11-07 23:00:00,30.615043049074345,8.28,0.0
7465,2023-11-08 00:00:00,28.75647534963347,8.3,0.0
7466,2023-11-08 01:00:00,29.11593129150388,7.99,0.0
7467,2023-11-08 02:00:00,29.475387233374303,8.49,0.0
7468,2023-11-08 03:00:00,30.194299117115143,9.38,0.0
7469,2023-11-08 04:00:00,30.913211000855974,9.52,0.0
7470,2023-11-08 05:00:00,30.913211000855974,9.96,0.0
7471,2023-11-08 06:00:00,31.991578826467236,10.69,0.0
7472,2023-11-08 07:00:00,32.35103476833765,10.72,0.007
7473,2023-11-08 08:00:00,33.069946652078485,10.6,0.137
7474,2023-11-08 09:00:00,33.78885853581932,10.68,0.355
7475,2023-11-08 10:00:00,34.50777041956016,10.43,0.542
7476,2023-11-08 11:00:00,34.148314477689745,9.64,0.68
7477,2023-11-08 12:00:00,33.78885853581932,10.17,0.808
7478,2023-11-08 13:00:00,33.069946652078485,9.99,0.789
7479,2023-11-08 14:00:00,32.35103476833765,10.08,0.714
7480,2023-11-08 15:00:00,32.35103476833765,10.01,0.626
7481,2023-11-08 16:00:00,33.069946652078485,9.72,0.47
7482,2023-11-08 17:00:00,35.945594187041834,9.3,0.263
7483,2023-11-08 18:00:00,35.945594187041834,8.9,0.065
7484,2023-11-08 19:00:00,35.945594187041834,9.0,0.0
7485,2023-11-08 20:00:00,34.867226361430575,9.27,0.0
7486,2023-11-08 21:00:00,33.42940259394891,9.46,0.0
7487,2023-11-08 22:00:00,29.834843175244725,9.18,0.0
7488,2023-11-08 23:00:00,29.834843175244725,9.28,0.0
7489,2023-11-09 00:00:00,30.079995135599862,9.52,0.0
7490,2023-11-09 01:00:00,30.455995074794856,9.1,0.0
7491,2023-11-09 02:00:00,30.831995013989857,8.82,0.0
7492,2023-11-09 03:00:00,31.583994892379856,8.85,0.0
7493,2023-11-09 04:00:00,32.33599477076985,8.85,0.0
7494,2023-11-09 05:00:00,32.33599477076985,8.68,0.0
7495,2023-11-09 06:00:00,33.46399458835485,8.07,0.0
7496,2023-11-09 07:00:00,33.83999452754984,7.94,0.007
7497,2023-11-09 08:00:00,34.59199440593984,7.68,0.132
7498,2023-11-09 09:00:00,35.34399428432984,7.53,0.323
7499,2023-11-09 10:00:00,36.09599416271983,7.29,0.512
7500,2023-11-09 11:00:00,35.71999422352484,6.95,0.693
7501,2023-11-09 12:00:00,35.34399428432984,6.74,0.751
7502,2023-11-09 13:00:00,34.59199440593984,6.64,0.769
7503,2023-11-09 14:00:00,33.83999452754984,6.98,0.744
7504,2023-11-09 15:00:00,33.83999452754984,6.98,0.606
7505,2023-11-09 16:00:00,34.59199440593984,6.8,0.422
7506,2023-11-09 17:00:00,37.599993919499816,6.42,0.249
7507,2023-11-09 18:00:00,37.599993919499816,5.75,0.065
7508,2023-11-09 19:00:00,37.599993919499816,5.79,0.0
7509,2023-11-09 20:00:00,36.47199410191483,5.86,0.0
7510,2023-11-09 21:00:00,34.96799434513484,6.1,0.0
7511,2023-11-09 22:00:00,31.20799495318486,6.26,0.0
7512,2023-11-09 23:00:00,31.20799495318486,6.13,0.0
7513,2023-11-10 00:00:00,29.327995257209867,6.09,0.0
7514,2023-11-10 01:00:00,29.694595197924983,5.69,0.0
7515,2023-11-10 02:00:00,30.06119513864011,5.63,0.0
7516,2023-11-10 03:00:00,30.79439502007036,4.96,0.0
7517,2023-11-10 04:00:00,31.527594901500606,4.71,0.0
7518,2023-11-10 05:00:00,31.527594901500606,5.13,0.0
7519,2023-11-10 06:00:00,32.62739472364598,5.42,0.0
7520,2023-11-10 07:00:00,32.9939946643611,5.55,0.007
7521,2023-11-10 08:00:00,33.72719454579135,5.42,0.132
7522,2023-11-10 09:00:00,34.46039442722159,6.54,0.336
7523,2023-11-10 10:00:00,35.19359430865184,7.03,0.543
7524,2023-11-10 11:00:00,34.82699436793672,7.24,0.696
7525,2023-11-10 12:00:00,34.46039442722159,7.34,0.817
7526,2023-11-10 13:00:00,33.72719454579135,7.39,0.827
7527,2023-11-10 14:00:00,32.9939946643611,7.24,0.776
7528,2023-11-10 15:00:00,32.9939946643611,7.38,0.629
7529,2023-11-10 16:00:00,33.72719454579135,7.42,0.448
7530,2023-11-10 17:00:00,36.65999407151234,6.58,0.268
7531,2023-11-10 18:00:00,36.65999407151234,6.14,0.067
7532,2023-11-10 19:00:00,36.65999407151234,6.13,0.0
7533,2023-11-10 20:00:00,35.56019424936696,6.14,0.0
7534,2023-11-10 21:00:00,34.09379448650647,6.23,0.0
7535,2023-11-10 22:00:00,30.42779507935524,6.44,0.0
7536,2023-11-10 23:00:00,30.42779507935524,6.36,0.0
7537,2023-11-11 00:00:00,20.19691193384717,6.17,0.0
7538,2023-11-11 01:00:00,20.44937333302026,6.13,0.0
7539,2023-11-11 02:00:00,20.701834732193348,5.86,0.0
7540,2023-11-11 03:00:00,21.20675753053953,5.59,0.0
7541,2023-11-11 04:00:00,21.71168032888571,5.87,0.0
7542,2023-11-11 05:00:00,21.71168032888571,5.95,0.0
7543,2023-11-11 06:00:00,22.46906452640497,5.55,0.0
7544,2023-11-11 07:00:00,22.721525925578067,5.26,0.007
7545,2023-11-11 08:00:00,23.226448723924243,4.85,0.132
7546,2023-11-11 09:00:00,23.73137152227043,4.92,0.343
7547,2023-11-11 10:00:00,24.236294320616604,4.99,0.566
7548,2023-11-11 11:00:00,23.98383292144351,4.94,0.728
7549,2023-11-11 12:00:00,23.73137152227043,4.66,0.823
7550,2023-11-11 13:00:00,23.226448723924243,4.33,0.844
7551,2023-11-11 14:00:00,22.721525925578067,4.36,0.79
7552,2023-11-11 15:00:00,22.721525925578067,5.2,0.665
7553,2023-11-11 16:00:00,23.226448723924243,5.55,0.483
7554,2023-11-11 17:00:00,25.24613991730897,5.96,0.266
7555,2023-11-11 18:00:00,25.24613991730897,6.12,0.065
7556,2023-11-11 19:00:00,25.24613991730897,6.32,0.0
7557,2023-11-11 20:00:00,24.48875571978969,6.43,0.0
7558,2023-11-11 21:00:00,23.47891012309733,6.29,0.0
7559,2023-11-11 22:00:00,20.95429613136644,5.95,0.0
7560,2023-11-11 23:00:00,20.95429613136644,5.66,0.0
7561,2023-11-12 00:00:00,19.561622436583303,5.0,0.0
7562,2023-11-12 01:00:00,19.8061427170406,4.56,0.0
7563,2023-11-12 02:00:00,20.050662997497884,4.7,0.0
7564,2023-11-12 03:00:00,20.539703558412477,5.16,0.0
7565,2023-11-12 04:00:00,21.02874411932705,5.82,0.0
7566,2023-11-12 05:00:00,21.02874411932705,6.43,0.0
7567,2023-11-12 06:00:00,21.762304960698927,6.3,0.0
7568,2023-11-12 07:00:00,22.006825241156218,6.36,0.007
7569,2023-11-12 08:00:00,22.4958658020708,6.18,0.135
7570,2023-11-12 09:00:00,22.984906362985384,5.35,0.358
7571,2023-11-12 10:00:00,23.473946923899963,5.86,0.567
7572,2023-11-12 11:00:00,23.229426643442675,6.0,0.705
7573,2023-11-12 12:00:00,22.984906362985384,5.72,0.803
7574,2023-11-12 13:00:00,22.4958658020708,5.52,0.812
7575,2023-11-12 14:00:00,22.006825241156218,5.16,0.773
7576,2023-11-12 15:00:00,22.006825241156218,5.46,0.66
7577,2023-11-12 16:00:00,22.4958658020708,5.91,0.478
7578,2023-11-12 17:00:00,24.45202804572913,5.82,0.267
7579,2023-11-12 18:00:00,24.45202804572913,5.77,0.065
7580,2023-11-12 19:00:00,24.45202804572913,5.97,0.0
7581,2023-11-12 20:00:00,23.718467204357253,5.89,0.0
7582,2023-11-12 21:00:00,22.740386082528094,5.85,0.0
7583,2023-11-12 22:00:00,20.295183277955186,5.95,0.0
7584,2023-11-12 23:00:00,20.295183277955186,6.31,0.0
7585,2023-11-13 00:00:00,28.33535541773507,6.65,0.0
7586,2023-11-13 01:00:00,28.689547360456764,6.65,0.0
7587,2023-11-13 02:00:00,29.043739303178445,6.67,0.0
7588,2023-11-13 03:00:00,29.752123188621823,6.94,0.0
7589,2023-11-13 04:00:00,30.46050707406521,7.11,0.0
7590,2023-11-13 05:00:00,30.46050707406521,7.26,0.0
7591,2023-11-13 06:00:00,31.523082902230264,6.96,0.0
7592,2023-11-13 07:00:00,31.877274844951955,6.63,0.007
7593,2023-11-13 08:00:00,32.58565873039534,6.56,0.133
7594,2023-11-13 09:00:00,33.294042615838706,5.26,0.351
7595,2023-11-13 10:00:00,34.00242650128209,5.5,0.563
7596,2023-11-13 11:00:00,33.648234558560404,5.97,0.727
7597,2023-11-13 12:00:00,33.294042615838706,6.36,0.817
7598,2023-11-13 13:00:00,32.58565873039534,6.35,0.842
7599,2023-11-13 14:00:00,31.877274844951955,6.8,0.787
7600,2023-11-13 15:00:00,31.877274844951955,7.03,0.663
7601,2023-11-13 16:00:00,32.58565873039534,6.75,0.48
7602,2023-11-13 17:00:00,35.419194272168845,6.17,0.265
7603,2023-11-13 18:00:00,35.419194272168845,6.24,0.064
7604,2023-11-13 19:00:00,35.419194272168845,6.75,0.0
7605,2023-11-13 20:00:00,34.35661844400378,7.04,0.0
7606,2023-11-13 21:00:00,32.93985067311703,7.06,0.0
7607,2023-11-13 22:00:00,29.397931245900136,7.06,0.0
7608,2023-11-13 23:00:00,29.397931245900136,6.87,0.0
7609,2023-11-14 00:00:00,29.508475228023464,6.36,0.0
7610,2023-11-14 01:00:00,29.877331168373757,6.49,0.0
7611,2023-11-14 02:00:00,30.246187108724047,6.54,0.0
7612,2023-11-14 03:00:00,30.983898989424635,6.72,0.0
7613,2023-11-14 04:00:00,31.72161087012523,6.71,0.0
7614,2023-11-14 05:00:00,31.72161087012523,6.61,0.0
7615,2023-11-14 06:00:00,32.8281786911761,7.34,0.0
7616,2023-11-14 07:00:00,33.19703463152639,8.05,0.007
7617,2023-11-14 08:00:00,33.93474651222698,8.08,0.132
7618,2023-11-14 09:00:00,34.67245839292757,7.11,0.337
7619,2023-11-14 10:00:00,35.410170273628154,7.43,0.541
7620,2023-11-14 11:00:00,35.04131433327787,6.99,0.661
7621,2023-11-14 12:00:00,34.67245839292757,6.61,0.82
7622,2023-11-14 13:00:00,33.93474651222698,6.98,0.851
7623,2023-11-14 14:00:00,33.19703463152639,7.22,0.798
7624,2023-11-14 15:00:00,33.19703463152639,7.0,0.673
7625,2023-11-14 16:00:00,33.93474651222698,7.93,0.486
7626,2023-11-14 17:00:00,36.88559403502933,8.4,0.242
7627,2023-11-14 18:00:00,36.88559403502933,8.15,0.054
7628,2023-11-14 19:00:00,36.88559403502933,8.52,0.0
7629,2023-11-14 20:00:00,35.779026213978455,8.29,0.0
7630,2023-11-14 21:00:00,34.30360245257727,8.08,0.0
7631,2023-11-14 22:00:00,30.615043049074345,8.03,0.0
7632,2023-11-14 23:00:00,30.615043049074345,7.75,0.0
7633,2023-11-15 00:00:00,28.75647534963347,7.58,0.0
7634,2023-11-15 01:00:00,29.11593129150388,7.95,0.0
7635,2023-11-15 02:00:00,29.475387233374303,8.12,0.0
7636,2023-11-15 03:00:00,30.194299117115143,8.71,0.0
7637,2023-11-15 04:00:00,30.913211000855974,9.31,0.0
7638,2023-11-15 05:00:00,30.913211000855974,9.41,0.0
7639,2023-11-15 06:00:00,31.991578826467236,9.6,0.0
7640,2023-11-15 07:00:00,32.35103476833765,9.7,0.007
7641,2023-11-15 08:00:00,33.069946652078485,8.62,0.139
7642,2023-11-15 09:00:00,33.78885853581932,8.0,0.362
7643,2023-11-15 10:00:00,34.50777041956016,8.32,0.571
7644,2023-11-15 11:00:00,34.148314477689745,8.54,0.735
7645,2023-11-15 12:00:00,33.78885853581932,8.47,0.835
7646,2023-11-15 13:00:00,33.069946652078485,8.61,0.857
7647,2023-11-15 14:00:00,32.35103476833765,8.16,0.8
7648,2023-11-15 15:00:00,32.35103476833765,7.92,0.675
7649,2023-11-15 16:00:00,33.069946652078485,7.49,0.491
7650,2023-11-15 17:00:00,35.945594187041834,6.99,0.271
7651,2023-11-15 18:00:00,35.945594187041834,7.27,0.066
7652,2023-11-15 19:00:00,35.945594187041834,7.18,0.0
7653,2023-11-15 20:00:00,34.867226361430575,6.87,0.0
7654,2023-11-15 21:00:00,33.42940259394891,6.23,0.0
7655,2023-11-15 22:00:00,29.834843175244725,6.02,0.0
7656,2023-11-15 23:00:00,29.834843175244725,5.95,0.0
7657,2023-11-16 00:00:00,30.079995135599862,6.64,0.0
7658,2023-11-16 01:00:00,30.455995074794856,6.9,0.0
7659,2023-11-16 02:00:00,30.831995013989857,7.11,0.0
7660,2023-11-16 03:00:00,31.583994892379856,6.96,0.0
7661,2023-11-16 04:00:00,32.33599477076985,7.32,0.0
7662,2023-11-16 05:00:00,32.33599477076985,7.54,0.0
7663,2023-11-16 06:00:00,33.46399458835485,7.63,0.0
7664,2023-11-16 07:00:00,33.83999452754984,7.73,0.006
7665,2023-11-16 08:00:00,34.59199440593984,7.86,0.136
7666,2023-11-16 09:00:00,35.34399428432984,6.67,0.359
7667,2023-11-16 10:00:00,36.09599416271983,7.27,0.57
7668,2023-11-16 11:00:00,35.71999422352484,7.83,0.735
7669,2023-11-16 12:00:00,35.34399428432984,7.44,0.829
7670,2023-11-16 13:00:00,34.59199440593984,7.07,0.846
7671,2023-11-16 14:00:00,33.83999452754984,6.78,0.78
7672,2023-11-16 15:00:00,33.83999452754984,6.44,0.634
7673,2023-11-16 16:00:00,34.59199440593984,6.53,0.444
7674,2023-11-16 17:00:00,37.599993919499816,6.36,0.259
7675,2023-11-16 18:00:00,37.599993919499816,6.92,0.065
7676,2023-11-16 19:00:00,37.599993919499816,7.26,0.0
7677,2023-11-16 20:00:00,36.47199410191483,6.83,0.0
7678,2023-11-16 21:00:00,34.96799434513484,6.65,0.0
7679,2023-11-16 22:00:00,31.20799495318486,6.45,0.0
7680,2023-11-16 23:00:00,31.20799495318486,6.22,0.0
7681,2023-11-17 00:00:00,29.327995257209867,6.71,0.0
7682,2023-11-17 01:00:00,29.694595197924983,6.58,0.0
7683,2023-11-17 02:00:00,30.06119513864011,6.58,0.0
7684,2023-11-17 03:00:00,30.79439502007036,6.71,0.0
7685,2023-11-17 04:00:00,31.527594901500606,6.89,0.0
7686,2023-11-17 05:00:00,31.527594901500606,7.06,0.0
7687,2023-11-17 06:00:00,32.62739472364598,7.33,0.0
7688,2023-11-17 07:00:00,32.9939946643611,7.73,0.006
7689,2023-11-17 08:00:00,33.72719454579135,7.63,0.132
7690,2023-11-17 09:00:00,34.46039442722159,6.02,0.354
7691,2023-11-17 10:00:00,35.19359430865184,6.04,0.564
7692,2023-11-17 11:00:00,34.82699436793672,6.28,0.728
7693,2023-11-17 12:00:00,34.46039442722159,7.24,0.823
7694,2023-11-17 13:00:00,33.72719454579135,7.21,0.841
7695,2023-11-17 14:00:00,32.9939946643611,6.52,0.787
7696,2023-11-17 15:00:00,32.9939946643611,6.32,0.666
7697,2023-11-17 16:00:00,33.72719454579135,6.07,0.483
7698,2023-11-17 17:00:00,36.65999407151234,5.57,0.266
7699,2023-11-17 18:00:00,36.65999407151234,6.23,0.064
7700,2023-11-17 19:00:00,36.65999407151234,6.58,0.0
7701,2023-11-17 20:00:00,35.56019424936696,6.89,0.0
7702,2023-11-17 21:00:00,34.09379448650647,7.2,0.0
7703,2023-11-17 22:00:00,30.42779507935524,7.25,0.0
7704,2023-11-17 23:00:00,30.42779507935524,7.16,0.0
7705,2023-11-18 00:00:00,20.19691193384717,7.09,0.0
7706,2023-11-18 01:00:00,20.44937333302026,6.8,0.0
7707,2023-11-18 02:00:00,20.701834732193348,6.87,0.0
7708,2023-11-18 03:00:00,21.20675753053953,6.79,0.0
7709,2023-11-18 04:00:00,21.71168032888571,6.84,0.0
7710,2023-11-18 05:00:00,21.71168032888571,6.81,0.0
7711,2023-11-18 06:00:00,22.46906452640497,6.82,0.0
7712,2023-11-18 07:00:00,22.721525925578067,6.82,0.005
7713,2023-11-18 08:00:00,23.226448723924243,6.73,0.131
7714,2023-11-18 09:00:00,23.73137152227043,5.31,0.35
7715,2023-11-18 10:00:00,24.236294320616604,6.05,0.558
7716,2023-11-18 11:00:00,23.98383292144351,6.52,0.72
7717,2023-11-18 12:00:00,23.73137152227043,6.8,0.814
7718,2023-11-18 13:00:00,23.226448723924243,7.0,0.835
7719,2023-11-18 14:00:00,22.721525925578067,6.72,0.781
7720,2023-11-18 15:00:00,22.721525925578067,5.97,0.658
7721,2023-11-18 16:00:00,23.226448723924243,5.61,0.478
7722,2023-11-18 17:00:00,25.24613991730897,5.2,0.263
7723,2023-11-18 18:00:00,25.24613991730897,5.94,0.063
7724,2023-11-18 19:00:00,25.24613991730897,6.45,0.0
7725,2023-11-18 20:00:00,24.48875571978969,6.24,0.0
7726,2023-11-18 21:00:00,23.47891012309733,5.74,0.0
7727,2023-11-18 22:00:00,20.95429613136644,5.36,0.0
7728,2023-11-18 23:00:00,20.95429613136644,5.14,0.0
7729,2023-11-19 00:00:00,19.561622436583303,4.62,0.0
7730,2023-11-19 01:00:00,19.8061427170406,4.9,0.0
7731,2023-11-19 02:00:00,20.050662997497884,5.01,0.0
7732,2023-11-19 03:00:00,20.539703558412477,5.3,0.0
7733,2023-11-19 04:00:00,21.02874411932705,5.9,0.0
7734,2023-11-19 05:00:00,21.02874411932705,6.21,0.0
7735,2023-11-19 06:00:00,21.762304960698927,6.31,0.0
7736,2023-11-19 07:00:00,22.006825241156218,6.42,0.005
7737,2023-11-19 08:00:00,22.4958658020708,6.21,0.115
7738,2023-11-19 09:00:00,22.984906362985384,5.21,0.324
7739,2023-11-19 10:00:00,23.473946923899963,4.67,0.516
7740,2023-11-19 11:00:00,23.229426643442675,3.98,0.658
7741,2023-11-19 12:00:00,22.984906362985384,3.13,0.768
7742,2023-11-19 13:00:00,22.4958658020708,2.92,0.819
7743,2023-11-19 14:00:00,22.006825241156218,3.2,0.774
7744,2023-11-19 15:00:00,22.006825241156218,4.1,0.636
7745,2023-11-19 16:00:00,22.4958658020708,5.07,0.456
7746,2023-11-19 17:00:00,24.45202804572913,4.64,0.213
7747,2023-11-19 18:00:00,24.45202804572913,4.21,0.047
7748,2023-11-19 19:00:00,24.45202804572913,4.9,0.0
7749,2023-11-19 20:00:00,23.718467204357253,5.26,0.0
7750,2023-11-19 21:00:00,22.740386082528094,4.87,0.0
7751,2023-11-19 22:00:00,20.295183277955186,3.83,0.0
7752,2023-11-19 23:00:00,20.295183277955186,2.82,0.0
7753,2023-11-20 00:00:00,28.33535541773507,2.34,0.0
7754,2023-11-20 01:00:00,28.689547360456764,1.8,0.0
7755,2023-11-20 02:00:00,29.043739303178445,0.81,0.0
7756,2023-11-20 03:00:00,29.752123188621823,1.46,0.0
7757,2023-11-20 04:00:00,30.46050707406521,1.36,0.0
7758,2023-11-20 05:00:00,30.46050707406521,1.14,0.0
7759,2023-11-20 06:00:00,31.523082902230264,0.9,0.0
7760,2023-11-20 07:00:00,31.877274844951955,1.7,0.004
7761,2023-11-20 08:00:00,32.58565873039534,2.55,0.085
7762,2023-11-20 09:00:00,33.294042615838706,3.32,0.189
7763,2023-11-20 10:00:00,34.00242650128209,0.3,0.295
7764,2023-11-20 11:00:00,33.648234558560404,1.58,0.523
7765,2023-11-20 12:00:00,33.294042615838706,2.55,0.504
7766,2023-11-20 13:00:00,32.58565873039534,4.67,0.734
7767,2023-11-20 14:00:00,31.877274844951955,4.47,0.557
7768,2023-11-20 15:00:00,31.877274844951955,3.91,0.493
7769,2023-11-20 16:00:00,32.58565873039534,4.15,0.419
7770,2023-11-20 17:00:00,35.419194272168845,3.8,0.171
7771,2023-11-20 18:00:00,35.419194272168845,2.08,0.04
7772,2023-11-20 19:00:00,35.419194272168845,1.35,0.0
7773,2023-11-20 20:00:00,34.35661844400378,2.47,0.0
7774,2023-11-20 21:00:00,32.93985067311703,2.92,0.0
7775,2023-11-20 22:00:00,29.397931245900136,3.39,0.0
7776,2023-11-20 23:00:00,29.397931245900136,2.82,0.0
7777,2023-11-21 00:00:00,29.508475228023464,0.72,0.0
7778,2023-11-21 01:00:00,29.877331168373757,0.81,0.0
7779,2023-11-21 02:00:00,30.246187108724047,1.78,0.0
7780,2023-11-21 03:00:00,30.983898989424635,1.55,0.0
7781,2023-11-21 04:00:00,31.72161087012523,0.63,0.0
7782,2023-11-21 05:00:00,31.72161087012523,0.58,0.0
7783,2023-11-21 06:00:00,32.8281786911761,1.3,0.0
7784,2023-11-21 07:00:00,33.19703463152639,1.08,0.002
7785,2023-11-21 08:00:00,33.93474651222698,2.64,0.071
7786,2023-11-21 09:00:00,34.67245839292757,3.58,0.197
7787,2023-11-21 10:00:00,35.410170273628154,4.38,0.249
7788,2023-11-21 11:00:00,35.04131433327787,4.25,0.369
7789,2023-11-21 12:00:00,34.67245839292757,4.31,0.486
7790,2023-11-21 13:00:00,33.93474651222698,4.1,0.266
7791,2023-11-21 14:00:00,33.19703463152639,3.34,0.32
7792,2023-11-21 15:00:00,33.19703463152639,3.48,0.299
7793,2023-11-21 16:00:00,33.93474651222698,3.54,0.246
7794,2023-11-21 17:00:00,36.88559403502933,3.77,0.094
7795,2023-11-21 18:00:00,36.88559403502933,3.76,0.032
7796,2023-11-21 19:00:00,36.88559403502933,4.98,0.0
7797,2023-11-21 20:00:00,35.779026213978455,5.62,0.0
7798,2023-11-21 21:00:00,34.30360245257727,6.91,0.0
7799,2023-11-21 22:00:00,30.615043049074345,7.79,0.0
7800,2023-11-21 23:00:00,30.615043049074345,7.76,0.0
7801,2023-11-22 00:00:00,28.75647534963347,8.08,0.0
7802,2023-11-22 01:00:00,29.11593129150388,9.11,0.0
7803,2023-11-22 02:00:00,29.475387233374303,9.27,0.0
7804,2023-11-22 03:00:00,30.194299117115143,9.26,0.0
7805,2023-11-22 04:00:00,30.913211000855974,9.59,0.0
7806,2023-11-22 05:00:00,30.913211000855974,9.67,0.0
7807,2023-11-22 06:00:00,31.991578826467236,9.45,0.0
7808,2023-11-22 07:00:00,32.35103476833765,9.18,0.003
7809,2023-11-22 08:00:00,33.069946652078485,8.91,0.107
7810,2023-11-22 09:00:00,33.78885853581932,7.95,0.242
7811,2023-11-22 10:00:00,34.50777041956016,9.15,0.424
7812,2023-11-22 11:00:00,34.148314477689745,8.94,0.538
7813,2023-11-22 12:00:00,33.78885853581932,8.77,0.675
7814,2023-11-22 13:00:00,33.069946652078485,8.98,0.688
7815,2023-11-22 14:00:00,32.35103476833765,8.42,0.668
7816,2023-11-22 15:00:00,32.35103476833765,7.78,0.555
7817,2023-11-22 16:00:00,33.069946652078485,7.39,0.407
7818,2023-11-22 17:00:00,35.945594187041834,6.99,0.229
7819,2023-11-22 18:00:00,35.945594187041834,7.65,0.052
7820,2023-11-22 19:00:00,35.945594187041834,8.29,0.0
7821,2023-11-22 20:00:00,34.867226361430575,8.65,0.0
7822,2023-11-22 21:00:00,33.42940259394891,9.05,0.0
7823,2023-11-22 22:00:00,29.834843175244725,9.04,0.0
7824,2023-11-22 23:00:00,29.834843175244725,8.68,0.0
7825,2023-11-23 00:00:00,30.079995135599862,8.32,0.0
7826,2023-11-23 01:00:00,30.455995074794856,8.15,0.0
7827,2023-11-23 02:00:00,30.831995013989857,8.34,0.0
7828,2023-11-23 03:00:00,31.583994892379856,8.5,0.0
7829,2023-11-23 04:00:00,32.33599477076985,8.45,0.0
7830,2023-11-23 05:00:00,32.33599477076985,8.41,0.0
7831,2023-11-23 06:00:00,33.46399458835485,8.54,0.0
7832,2023-11-23 07:00:00,33.83999452754984,8.54,0.004
7833,2023-11-23 08:00:00,34.59199440593984,8.46,0.115
7834,2023-11-23 09:00:00,35.34399428432984,7.82,0.325
7835,2023-11-23 10:00:00,36.09599416271983,8.64,0.529
7836,2023-11-23 11:00:00,35.71999422352484,8.94,0.69
7837,2023-11-23 12:00:00,35.34399428432984,10.06,0.783
7838,2023-11-23 13:00:00,34.59199440593984,9.77,0.807
7839,2023-11-23 14:00:00,33.83999452754984,9.54,0.759
7840,2023-11-23 15:00:00,33.83999452754984,9.03,0.642
7841,2023-11-23 16:00:00,34.59199440593984,8.2,0.467
7842,2023-11-23 17:00:00,37.599993919499816,7.5,0.256
7843,2023-11-23 18:00:00,37.599993919499816,7.24,0.06
7844,2023-11-23 19:00:00,37.599993919499816,7.67,0.0
7845,2023-11-23 20:00:00,36.47199410191483,8.08,0.0
7846,2023-11-23 21:00:00,34.96799434513484,8.13,0.0
7847,2023-11-23 22:00:00,31.20799495318486,8.07,0.0
7848,2023-11-23 23:00:00,31.20799495318486,8.13,0.0
7849,2023-11-24 00:00:00,29.327995257209867,7.96,0.0
7850,2023-11-24 01:00:00,29.694595197924983,8.1,0.0
7851,2023-11-24 02:00:00,30.06119513864011,8.2,0.0
7852,2023-11-24 03:00:00,30.79439502007036,7.92,0.0
7853,2023-11-24 04:00:00,31.527594901500606,7.78,0.0
7854,2023-11-24 05:00:00,31.527594901500606,8.06,0.0
7855,2023-11-24 06:00:00,32.62739472364598,8.34,0.0
7856,2023-11-24 07:00:00,32.9939946643611,8.46,0.004
7857,2023-11-24 08:00:00,33.72719454579135,8.26,0.115
7858,2023-11-24 09:00:00,34.46039442722159,8.08,0.326
7859,2023-11-24 10:00:00,35.19359430865184,8.34,0.529
7860,2023-11-24 11:00:00,34.82699436793672,8.46,0.688
7861,2023-11-24 12:00:00,34.46039442722159,8.41,0.784
7862,2023-11-24 13:00:00,33.72719454579135,8.44,0.808
7863,2023-11-24 14:00:00,32.9939946643611,8.18,0.76
7864,2023-11-24 15:00:00,32.9939946643611,7.84,0.642
7865,2023-11-24 16:00:00,33.72719454579135,7.52,0.467
7866,2023-11-24 17:00:00,36.65999407151234,7.52,0.257
7867,2023-11-24 18:00:00,36.65999407151234,7.53,0.061
7868,2023-11-24 19:00:00,36.65999407151234,7.89,0.0
7869,2023-11-24 20:00:00,35.56019424936696,7.89,0.0
7870,2023-11-24 21:00:00,34.09379448650647,7.62,0.0
7871,2023-11-24 22:00:00,30.42779507935524,7.37,0.0
7872,2023-11-24 23:00:00,30.42779507935524,7.11,0.0
7873,2023-11-25 00:00:00,20.19691193384717,6.96,0.0
7874,2023-11-25 01:00:00,20.44937333302026,6.87,0.0
7875,2023-11-25 02:00:00,20.701834732193348,6.84,0.0
7876,2023-11-25 03:00:00,21.20675753053953,7.14,0.0
7877,2023-11-25 04:00:00,21.71168032888571,7.48,0.0
7878,2023-11-25 05:00:00,21.71168032888571,7.75,0.0
7879,2023-11-25 06:00:00,22.46906452640497,7.88,0.0
7880,2023-11-25 07:00:00,22.721525925578067,7.67,0.003
7881,2023-11-25 08:00:00,23.226448723924243,7.09,0.11
7882,2023-11-25 09:00:00,23.73137152227043,7.31,0.315
7883,2023-11-25 10:00:00,24.236294320616604,7.69,0.516
7884,2023-11-25 11:00:00,23.98383292144351,7.54,0.68
7885,2023-11-25 12:00:00,23.73137152227043,7.24,0.78
7886,2023-11-25 13:00:00,23.226448723924243,7.24,0.808
7887,2023-11-25 14:00:00,22.721525925578067,6.99,0.753
7888,2023-11-25 15:00:00,22.721525925578067,6.99,0.616
7889,2023-11-25 16:00:00,23.226448723924243,6.94,0.445
7890,2023-11-25 17:00:00,25.24613991730897,6.65,0.231
7891,2023-11-25 18:00:00,25.24613991730897,6.1,0.049
7892,2023-11-25 19:00:00,25.24613991730897,6.2,0.0
7893,2023-11-25 20:00:00,24.48875571978969,6.09,0.0
7894,2023-11-25 21:00:00,23.47891012309733,6.0,0.0
7895,2023-11-25 22:00:00,20.95429613136644,5.77,0.0
7896,2023-11-25 23:00:00,20.95429613136644,5.69,0.0
7897,2023-11-26 00:00:00,19.561622436583303,5.6,0.0
7898,2023-11-26 01:00:00,19.8061427170406,5.43,0.0
7899,2023-11-26 02:00:00,20.050662997497884,5.04,0.0
7900,2023-11-26 03:00:00,20.539703558412477,4.72,0.0
7901,2023-11-26 04:00:00,21.02874411932705,4.94,0.0
7902,2023-11-26 05:00:00,21.02874411932705,5.06,0.0
7903,2023-11-26 06:00:00,21.762304960698927,4.91,0.0
7904,2023-11-26 07:00:00,22.006825241156218,4.4,0.003
7905,2023-11-26 08:00:00,22.4958658020708,4.84,0.085
7906,2023-11-26 09:00:00,22.984906362985384,5.99,0.297
7907,2023-11-26 10:00:00,23.473946923899963,6.49,0.437
7908,2023-11-26 11:00:00,23.229426643442675,6.49,0.649
7909,2023-11-26 12:00:00,22.984906362985384,6.31,0.771
7910,2023-11-26 13:00:00,22.4958658020708,5.72,0.783
7911,2023-11-26 14:00:00,22.006825241156218,5.32,0.674
7912,2023-11-26 15:00:00,22.006825241156218,5.57,0.579
7913,2023-11-26 16:00:00,22.4958658020708,5.95,0.425
7914,2023-11-26 17:00:00,24.45202804572913,6.14,0.231
7915,2023-11-26 18:00:00,24.45202804572913,5.68,0.053
7916,2023-11-26 19:00:00,24.45202804572913,5.39,0.0
7917,2023-11-26 20:00:00,23.718467204357253,5.05,0.0
7918,2023-11-26 21:00:00,22.740386082528094,5.25,0.0
7919,2023-11-26 22:00:00,20.295183277955186,5.3,0.0
7920,2023-11-26 23:00:00,20.295183277955186,5.94,0.0
7921,2023-11-27 00:00:00,28.33535541773507,6.49,0.0
7922,2023-11-27 01:00:00,28.689547360456764,6.16,0.0
7923,2023-11-27 02:00:00,29.043739303178445,6.27,0.0
7924,2023-11-27 03:00:00,29.752123188621823,6.06,0.0
7925,2023-11-27 04:00:00,30.46050707406521,5.88,0.0
7926,2023-11-27 05:00:00,30.46050707406521,6.22,0.0
7927,2023-11-27 06:00:00,31.523082902230264,6.31,0.0
7928,2023-11-27 07:00:00,31.877274844951955,6.01,0.003
7929,2023-11-27 08:00:00,32.58565873039534,5.59,0.095
7930,2023-11-27 09:00:00,33.294042615838706,6.18,0.296
7931,2023-11-27 10:00:00,34.00242650128209,6.03,0.515
7932,2023-11-27 11:00:00,33.648234558560404,6.53,0.68
7933,2023-11-27 12:00:00,33.294042615838706,7.03,0.775
7934,2023-11-27 13:00:00,32.58565873039534,6.87,0.809
7935,2023-11-27 14:00:00,31.877274844951955,6.58,0.757
7936,2023-11-27 15:00:00,31.877274844951955,6.51,0.625
7937,2023-11-27 16:00:00,32.58565873039534,6.47,0.462
7938,2023-11-27 17:00:00,35.419194272168845,6.0,0.257
7939,2023-11-27 18:00:00,35.419194272168845,5.46,0.061
7940,2023-11-27 19:00:00,35.419194272168845,5.54,0.0
7941,2023-11-27 20:00:00,34.35661844400378,5.53,0.0
7942,2023-11-27 21:00:00,32.93985067311703,5.66,0.0
7943,2023-11-27 22:00:00,29.397931245900136,5.45,0.0
7944,2023-11-27 23:00:00,29.397931245900136,5.24,0.0
7945,2023-11-28 00:00:00,29.508475228023464,5.17,0.0
7946,2023-11-28 01:00:00,29.877331168373757,4.88,0.0
7947,2023-11-28 02:00:00,30.246187108724047,4.64,0.0
7948,2023-11-28 03:00:00,30.983898989424635,4.29,0.0
7949,2023-11-28 04:00:00,31.72161087012523,4.2,0.0
7950,2023-11-28 05:00:00,31.72161087012523,4.11,0.0
7951,2023-11-28 06:00:00,32.8281786911761,3.91,0.0
7952,2023-11-28 07:00:00,33.19703463152639,3.64,0.003
7953,2023-11-28 08:00:00,33.93474651222698,3.77,0.1
7954,2023-11-28 09:00:00,34.67245839292757,4.27,0.294
7955,2023-11-28 10:00:00,35.410170273628154,4.48,0.509
7956,2023-11-28 11:00:00,35.04131433327787,4.82,0.651
7957,2023-11-28 12:00:00,34.67245839292757,4.04,0.761
7958,2023-11-28 13:00:00,33.93474651222698,3.33,0.775
7959,2023-11-28 14:00:00,33.19703463152639,2.94,0.721
7960,2023-11-28 15:00:00,33.19703463152639,4.02,0.619
7961,2023-11-28 16:00:00,33.93474651222698,4.48,0.456
7962,2023-11-28 17:00:00,36.88559403502933,4.44,0.249
7963,2023-11-28 18:00:00,36.88559403502933,5.02,0.061
7964,2023-11-28 19:00:00,36.88559403502933,5.41,0.0
7965,2023-11-28 20:00:00,35.779026213978455,5.3,0.0
7966,2023-11-28 21:00:00,34.30360245257727,4.84,0.0
7967,2023-11-28 22:00:00,30.615043049074345,4.4,0.0
7968,2023-11-28 23:00:00,30.615043049074345,3.9,0.0
7969,2023-11-29 00:00:00,28.75647534963347,3.29,0.0
7970,2023-11-29 01:00:00,29.11593129150388,3.11,0.0
7971,2023-11-29 02:00:00,29.475387233374303,3.1,0.0
7972,2023-11-29 03:00:00,30.194299117115143,3.0,0.0
7973,2023-11-29 04:00:00,30.913211000855974,2.9,0.0
7974,2023-11-29 05:00:00,30.913211000855974,3.0,0.0
7975,2023-11-29 06:00:00,31.991578826467236,3.2,0.0
7976,2023-11-29 07:00:00,32.35103476833765,3.41,0.002
7977,2023-11-29 08:00:00,33.069946652078485,3.51,0.098
7978,2023-11-29 09:00:00,33.78885853581932,3.34,0.31
7979,2023-11-29 10:00:00,34.50777041956016,3.42,0.514
7980,2023-11-29 11:00:00,34.148314477689745,3.3,0.674
7981,2023-11-29 12:00:00,33.78885853581932,2.72,0.774
7982,2023-11-29 13:00:00,33.069946652078485,2.14,0.802
7983,2023-11-29 14:00:00,32.35103476833765,2.13,0.751
7984,2023-11-29 15:00:00,32.35103476833765,2.27,0.634
7985,2023-11-29 16:00:00,33.069946652078485,2.62,0.461
7986,2023-11-29 17:00:00,35.945594187041834,3.09,0.254
7987,2023-11-29 18:00:00,35.945594187041834,3.86,0.061
7988,2023-11-29 19:00:00,35.945594187041834,5.05,0.0
7989,2023-11-29 20:00:00,34.867226361430575,5.2,0.0
7990,2023-11-29 21:00:00,33.42940259394891,4.84,0.0
7991,2023-11-29 22:00:00,29.834843175244725,4.55,0.0
7992,2023-11-29 23:00:00,29.834843175244725,4.17,0.0
7993,2023-11-30 00:00:00,30.079995135599862,2.98,0.0
7994,2023-11-30 01:00:00,30.455995074794856,2.92,0.0
7995,2023-11-30 02:00:00,30.831995013989857,2.56,0.0
7996,2023-11-30 03:00:00,31.583994892379856,2.75,0.0
7997,2023-11-30 04:00:00,32.33599477076985,3.0,0.0
7998,2023-11-30 05:00:00,32.33599477076985,3.01,0.0
7999,2023-11-30 06:00:00,33.46399458835485,2.8,0.0
8000,2023-11-30 07:00:00,33.83999452754984,2.7,0.002
8001,2023-11-30 08:00:00,34.59199440593984,2.81,0.096
8002,2023-11-30 09:00:00,35.34399428432984,2.22,0.303
8003,2023-11-30 10:00:00,36.09599416271983,1.35,0.498
8004,2023-11-30 11:00:00,35.71999422352484,1.73,0.641
8005,2023-11-30 12:00:00,35.34399428432984,1.5,0.752
8006,2023-11-30 13:00:00,34.59199440593984,1.24,0.77
8007,2023-11-30 14:00:00,33.83999452754984,2.19,0.711
8008,2023-11-30 15:00:00,33.83999452754984,2.82,0.601
8009,2023-11-30 16:00:00,34.59199440593984,2.86,0.429
8010,2023-11-30 17:00:00,37.599993919499816,3.76,0.226
8011,2023-11-30 18:00:00,37.599993919499816,4.96,0.057
8012,2023-11-30 19:00:00,37.599993919499816,6.02,0.0
8013,2023-11-30 20:00:00,36.47199410191483,6.25,0.0
8014,2023-11-30 21:00:00,34.96799434513484,6.07,0.0
8015,2023-11-30 22:00:00,31.20799495318486,5.68,0.0
8016,2023-11-30 23:00:00,31.20799495318486,6.07,0.0
8017,2023-12-01 00:00:00,30.115036674958937,5.89,0.0
8018,2023-12-01 01:00:00,28.232846882774,6.07,0.0
8019,2023-12-01 02:00:00,29.36216075808496,5.91,0.0
8020,2023-12-01 03:00:00,30.115036674958937,5.63,0.0
8021,2023-12-01 04:00:00,31.24435055026989,6.24,0.0
8022,2023-12-01 05:00:00,32.37366442558085,6.33,0.0
8023,2023-12-01 06:00:00,33.50297830089181,6.82,0.0
8024,2023-12-01 07:00:00,33.879416259328806,6.89,0.002
8025,2023-12-01 08:00:00,34.632292176202775,6.11,0.091
8026,2023-12-01 09:00:00,35.76160605151374,6.17,0.28
8027,2023-12-01 10:00:00,35.38516809307674,5.91,0.431
8028,2023-12-01 11:00:00,36.13804400995072,6.04,0.574
8029,2023-12-01 12:00:00,36.13804400995072,6.09,0.656
8030,2023-12-01 13:00:00,35.38516809307674,5.95,0.715
8031,2023-12-01 14:00:00,33.879416259328806,6.35,0.588
8032,2023-12-01 15:00:00,33.879416259328806,6.37,0.413
8033,2023-12-01 16:00:00,35.008730134639755,6.17,0.443
8034,2023-12-01 17:00:00,36.13804400995072,6.36,0.248
8035,2023-12-01 18:00:00,37.64379584369866,5.9,0.054
8036,2023-12-01 19:00:00,37.64379584369866,5.64,0.0
8037,2023-12-01 20:00:00,37.26735788526168,5.97,0.0
8038,2023-12-01 21:00:00,35.38516809307674,6.33,0.0
8039,2023-12-01 22:00:00,31.62078850870688,6.22,0.0
8040,2023-12-01 23:00:00,31.24435055026989,6.43,0.0
8041,2023-12-02 00:00:00,21.21025198430185,6.99,0.0
8042,2023-12-02 01:00:00,19.88461123528298,6.87,0.0
8043,2023-12-02 02:00:00,20.679995684694298,6.56,0.0
8044,2023-12-02 03:00:00,21.21025198430185,6.46,0.0
8045,2023-12-02 04:00:00,22.005636433713164,6.5,0.0
8046,2023-12-02 05:00:00,22.801020883124483,6.53,0.0
8047,2023-12-02 06:00:00,23.59640533253581,6.54,0.0
8048,2023-12-02 07:00:00,23.861533482339578,6.46,0.001
8049,2023-12-02 08:00:00,24.39178978194712,5.85,0.045
8050,2023-12-02 09:00:00,25.18717423135844,5.89,0.146
8051,2023-12-02 10:00:00,24.92204608155467,6.69,0.25
8052,2023-12-02 11:00:00,25.45230238116222,7.17,0.514
8053,2023-12-02 12:00:00,25.45230238116222,6.98,0.737
8054,2023-12-02 13:00:00,24.92204608155467,6.75,0.764
8055,2023-12-02 14:00:00,23.861533482339578,7.16,0.678
8056,2023-12-02 15:00:00,23.861533482339578,7.29,0.576
8057,2023-12-02 16:00:00,24.656917931750897,6.75,0.45
8058,2023-12-02 17:00:00,25.45230238116222,6.89,0.251
8059,2023-12-02 18:00:00,26.512814980377307,7.21,0.061
8060,2023-12-02 19:00:00,26.512814980377307,6.8,0.0
8061,2023-12-02 20:00:00,26.24768683057354,7.34,0.0
8062,2023-12-02 21:00:00,24.92204608155467,8.16,0.0
8063,2023-12-02 22:00:00,22.270764583516943,8.54,0.0
8064,2023-12-02 23:00:00,22.005636433713164,8.04,0.0
8065,2023-12-03 00:00:00,20.543088094887374,7.53,0.0
8066,2023-12-03 01:00:00,19.25914508895691,7.72,0.0
8067,2023-12-03 02:00:00,20.02951089251519,7.91,0.0
8068,2023-12-03 03:00:00,20.543088094887374,7.91,0.0
8069,2023-12-03 04:00:00,21.31345389844565,8.38,0.0
8070,2023-12-03 05:00:00,22.08381970200393,8.6,0.0
8071,2023-12-03 06:00:00,22.854185505562207,8.25,0.0
8072,2023-12-03 07:00:00,23.11097410674829,8.0,0.002
8073,2023-12-03 08:00:00,23.62455130912048,7.68,0.096
8074,2023-12-03 09:00:00,24.394917112678755,8.22,0.299
8075,2023-12-03 10:00:00,24.138128511492663,8.38,0.498
8076,2023-12-03 11:00:00,24.65170571386485,8.42,0.658
8077,2023-12-03 12:00:00,24.65170571386485,8.41,0.755
8078,2023-12-03 13:00:00,24.138128511492663,8.7,0.782
8079,2023-12-03 14:00:00,23.11097410674829,8.67,0.739
8080,2023-12-03 15:00:00,23.11097410674829,8.57,0.63
8081,2023-12-03 16:00:00,23.88133991030657,8.67,0.457
8082,2023-12-03 17:00:00,24.65170571386485,8.37,0.228
8083,2023-12-03 18:00:00,25.67886011860921,8.05,0.053
8084,2023-12-03 19:00:00,25.67886011860921,7.68,0.0
8085,2023-12-03 20:00:00,25.422071517423124,7.73,0.0
8086,2023-12-03 21:00:00,24.138128511492663,7.66,0.0
8087,2023-12-03 22:00:00,21.570242499631743,7.62,0.0
8088,2023-12-03 23:00:00,21.31345389844565,7.75,0.0
8089,2023-12-04 00:00:00,29.095758510575703,8.17,0.0
8090,2023-12-04 01:00:00,27.277273603664725,8.71,0.0
8091,2023-12-04 02:00:00,28.36836454781132,9.14,0.0
8092,2023-12-04 03:00:00,29.095758510575703,9.03,0.0
8093,2023-12-04 04:00:00,30.186849454722296,8.47,0.0
8094,2023-12-04 05:00:00,31.27794039886889,8.59,0.0
8095,2023-12-04 06:00:00,32.36903134301547,8.71,0.0
8096,2023-12-04 07:00:00,32.73272832439767,9.0,0.001
8097,2023-12-04 08:00:00,33.46012228716206,8.9,0.092
8098,2023-12-04 09:00:00,34.55121323130865,9.27,0.296
8099,2023-12-04 10:00:00,34.18751624992645,9.48,0.497
8100,2023-12-04 11:00:00,34.91491021269084,9.0,0.654
8101,2023-12-04 12:00:00,34.91491021269084,8.22,0.756
8102,2023-12-04 13:00:00,34.18751624992645,8.46,0.767
8103,2023-12-04 14:00:00,32.73272832439767,8.4,0.736
8104,2023-12-04 15:00:00,32.73272832439767,7.96,0.628
8105,2023-12-04 16:00:00,33.82381926854426,7.71,0.455
8106,2023-12-04 17:00:00,34.91491021269084,7.64,0.253
8107,2023-12-04 18:00:00,36.36969813821963,7.52,0.063
8108,2023-12-04 19:00:00,36.36969813821963,7.64,0.0
8109,2023-12-04 20:00:00,36.006001156837435,7.81,0.0
8110,2023-12-04 21:00:00,34.18751624992645,7.79,0.0
8111,2023-12-04 22:00:00,30.550546436104497,7.93,0.0
8112,2023-12-04 23:00:00,30.186849454722296,8.68,0.0
8113,2023-12-05 00:00:00,30.300359977574058,8.0,0.0
8114,2023-12-05 01:00:00,28.406587478975684,7.63,0.0
8115,2023-12-05 02:00:00,29.542850978134712,7.48,0.0
8116,2023-12-05 03:00:00,30.300359977574058,7.22,0.0
8117,2023-12-05 04:00:00,31.43662347673309,7.47,0.0
8118,2023-12-05 05:00:00,32.57288697589212,7.94,0.0
8119,2023-12-05 06:00:00,33.70915047505114,7.41,0.0
8120,2023-12-05 07:00:00,34.08790497477082,7.74,0.001
8121,2023-12-05 08:00:00,34.84541397421017,7.75,0.093
8122,2023-12-05 09:00:00,35.9816774733692,7.91,0.295
8123,2023-12-05 10:00:00,35.60292297364952,7.54,0.492
8124,2023-12-05 11:00:00,36.36043197308887,7.16,0.663
8125,2023-12-05 12:00:00,36.36043197308887,6.14,0.765
8126,2023-12-05 13:00:00,35.60292297364952,6.02,0.8
8127,2023-12-05 14:00:00,34.08790497477082,6.33,0.759
8128,2023-12-05 15:00:00,34.08790497477082,6.96,0.649
8129,2023-12-05 16:00:00,35.22416847392984,7.72,0.476
8130,2023-12-05 17:00:00,36.36043197308887,7.98,0.265
8131,2023-12-05 18:00:00,37.875449971967576,7.94,0.066
8132,2023-12-05 19:00:00,37.875449971967576,7.35,0.0
8133,2023-12-05 20:00:00,37.4966954722479,7.11,0.0
8134,2023-12-05 21:00:00,35.60292297364952,7.12,0.0
8135,2023-12-05 22:00:00,31.81537797645277,7.34,0.0
8136,2023-12-05 23:00:00,31.43662347673309,6.93,0.0
8137,2023-12-06 00:00:00,29.52817955001101,6.62,0.0
8138,2023-12-06 01:00:00,27.68266832813532,6.09,0.0
8139,2023-12-06 02:00:00,28.789975061260733,5.95,0.0
8140,2023-12-06 03:00:00,29.52817955001101,5.72,0.0
8141,2023-12-06 04:00:00,30.635486283136427,5.35,0.0
8142,2023-12-06 05:00:00,31.74279301626184,5.31,0.0
8143,2023-12-06 06:00:00,32.850099749387255,5.53,0.0
8144,2023-12-06 07:00:00,33.21920199376239,5.17,0.001
8145,2023-12-06 08:00:00,33.95740648251267,4.93,0.081
8146,2023-12-06 09:00:00,35.06471321563808,5.97,0.251
8147,2023-12-06 10:00:00,34.69561097126293,6.58,0.358
8148,2023-12-06 11:00:00,35.433815460013214,6.58,0.52
8149,2023-12-06 12:00:00,35.433815460013214,4.7,0.611
8150,2023-12-06 13:00:00,34.69561097126293,3.92,0.693
8151,2023-12-06 14:00:00,33.21920199376239,3.79,0.67
8152,2023-12-06 15:00:00,33.21920199376239,3.99,0.501
8153,2023-12-06 16:00:00,34.3265087268878,4.87,0.316
8154,2023-12-06 17:00:00,35.433815460013214,5.89,0.181
8155,2023-12-06 18:00:00,36.91022443751377,5.97,0.051
8156,2023-12-06 19:00:00,36.91022443751377,5.35,0.0
8157,2023-12-06 20:00:00,36.54112219313863,4.68,0.0
8158,2023-12-06 21:00:00,34.69561097126293,5.0,0.0
8159,2023-12-06 22:00:00,31.004588527511565,5.2,0.0
8160,2023-12-06 23:00:00,30.635486283136427,5.28,0.0
8161,2023-12-07 00:00:00,30.88721710252198,4.52,0.0
8162,2023-12-07 01:00:00,28.95676603361436,4.66,0.0
8163,2023-12-07 02:00:00,30.115036674958937,4.66,0.0
8164,2023-12-07 03:00:00,30.88721710252198,4.35,0.0
8165,2023-12-07 04:00:00,32.04548774386655,4.24,0.0
8166,2023-12-07 05:00:00,33.20375838521113,4.03,0.0
8167,2023-12-07 06:00:00,34.36202902655571,4.1,0.0
8168,2023-12-07 07:00:00,34.74811924033723,4.08,0.001
8169,2023-12-07 08:00:00,35.52029966790028,3.77,0.076
8170,2023-12-07 09:00:00,36.67857030924485,3.62,0.279
8171,2023-12-07 10:00:00,36.292480095463326,4.26,0.501
8172,2023-12-07 11:00:00,37.064660523026376,4.6,0.649
8173,2023-12-07 12:00:00,37.064660523026376,4.61,0.75
8174,2023-12-07 13:00:00,36.292480095463326,4.64,0.731
8175,2023-12-07 14:00:00,34.74811924033723,4.89,0.652
8176,2023-12-07 15:00:00,34.74811924033723,4.67,0.523
8177,2023-12-07 16:00:00,35.90638988168181,4.63,0.332
8178,2023-12-07 17:00:00,37.064660523026376,4.65,0.179
8179,2023-12-07 18:00:00,38.60902137815248,5.2,0.051
8180,2023-12-07 19:00:00,38.60902137815248,5.37,0.0
8181,2023-12-07 20:00:00,38.22293116437096,6.1,0.0
8182,2023-12-07 21:00:00,36.292480095463326,6.33,0.0
8183,2023-12-07 22:00:00,32.43157795764808,6.62,0.0
8184,2023-12-07 23:00:00,32.04548774386655,6.62,0.0
8185,2023-12-08 00:00:00,30.115036674958937,6.8,0.0
8186,2023-12-08 01:00:00,28.232846882774,7.0,0.0
8187,2023-12-08 02:00:00,29.36216075808496,7.02,0.0
8188,2023-12-08 03:00:00,30.115036674958937,7.15,0.0
8189,2023-12-08 04:00:00,31.24435055026989,7.34,0.0
8190,2023-12-08 05:00:00,32.37366442558085,7.54,0.0
8191,2023-12-08 06:00:00,33.50297830089181,7.67,0.0
8192,2023-12-08 07:00:00,33.879416259328806,8.01,0.001
8193,2023-12-08 08:00:00,34.632292176202775,7.97,0.088
8194,2023-12-08 09:00:00,35.76160605151374,7.24,0.289
8195,2023-12-08 10:00:00,35.38516809307674,7.48,0.5
8196,2023-12-08 11:00:00,36.13804400995072,7.66,0.66
8197,2023-12-08 12:00:00,36.13804400995072,7.29,0.762
8198,2023-12-08 13:00:00,35.38516809307674,7.72,0.794
8199,2023-12-08 14:00:00,33.879416259328806,7.38,0.752
8200,2023-12-08 15:00:00,33.879416259328806,7.34,0.642
8201,2023-12-08 16:00:00,35.008730134639755,7.2,0.472
8202,2023-12-08 17:00:00,36.13804400995072,7.22,0.265
8203,2023-12-08 18:00:00,37.64379584369866,7.55,0.068
8204,2023-12-08 19:00:00,37.64379584369866,8.01,0.0
8205,2023-12-08 20:00:00,37.26735788526168,8.23,0.0
8206,2023-12-08 21:00:00,35.38516809307674,8.58,0.0
8207,2023-12-08 22:00:00,31.62078850870688,8.77,0.0
8208,2023-12-08 23:00:00,31.24435055026989,8.54,0.0
8209,2023-12-09 00:00:00,21.21025198430185,8.28,0.0
8210,2023-12-09 01:00:00,19.88461123528298,8.19,0.0
8211,2023-12-09 02:00:00,20.679995684694298,7.89,0.0
8212,2023-12-09 03:00:00,21.21025198430185,8.1,0.0
8213,2023-12-09 04:00:00,22.005636433713164,8.32,0.0
8214,2023-12-09 05:00:00,22.801020883124483,8.26,0.0
8215,2023-12-09 06:00:00,23.59640533253581,8.46,0.0
8216,2023-12-09 07:00:00,23.861533482339578,8.45,0.001
8217,2023-12-09 08:00:00,24.39178978194712,8.1,0.084
8218,2023-12-09 09:00:00,25.18717423135844,7.84,0.287
8219,2023-12-09 10:00:00,24.92204608155467,7.4,0.492
8220,2023-12-09 11:00:00,25.45230238116222,7.02,0.653
8221,2023-12-09 12:00:00,25.45230238116222,7.47,0.753
8222,2023-12-09 13:00:00,24.92204608155467,7.58,0.768
8223,2023-12-09 14:00:00,23.861533482339578,7.56,0.744
8224,2023-12-09 15:00:00,23.861533482339578,7.48,0.636
8225,2023-12-09 16:00:00,24.656917931750897,7.12,0.469
8226,2023-12-09 17:00:00,25.45230238116222,7.04,0.265
8227,2023-12-09 18:00:00,26.512814980377307,7.62,0.068
8228,2023-12-09 19:00:00,26.512814980377307,8.04,0.0
8229,2023-12-09 20:00:00,26.24768683057354,7.69,0.0
8230,2023-12-09 21:00:00,24.92204608155467,7.38,0.0
8231,2023-12-09 22:00:00,22.270764583516943,7.11,0.0
8232,2023-12-09 23:00:00,22.005636433713164,7.06,0.0
8233,2023-12-10 00:00:00,20.543088094887374,7.23,0.0
8234,2023-12-10 01:00:00,19.25914508895691,7.64,0.0
8235,2023-12-10 02:00:00,20.02951089251519,7.96,0.0
8236,2023-12-10 03:00:00,20.543088094887374,7.98,0.0
8237,2023-12-10 04:00:00,21.31345389844565,7.58,0.0
8238,2023-12-10 05:00:00,22.08381970200393,7.5,0.0
8239,2023-12-10 06:00:00,22.854185505562207,7.5,0.0
8240,2023-12-10 07:00:00,23.11097410674829,8.27,0.001
8241,2023-12-10 08:00:00,23.62455130912048,8.82,0.088
8242,2023-12-10 09:00:00,24.394917112678755,7.67,0.292
8243,2023-12-10 10:00:00,24.138128511492663,7.84,0.495
8244,2023-12-10 11:00:00,24.65170571386485,8.42,0.66
8245,2023-12-10 12:00:00,24.65170571386485,8.28,0.75
8246,2023-12-10 13:00:00,24.138128511492663,7.57,0.76
8247,2023-12-10 14:00:00,23.11097410674829,7.07,0.721
8248,2023-12-10 15:00:00,23.11097410674829,6.74,0.632
8249,2023-12-10 16:00:00,23.88133991030657,6.26,0.472
8250,2023-12-10 17:00:00,24.65170571386485,5.98,0.265
8251,2023-12-10 18:00:00,25.67886011860921,6.48,0.069
8252,2023-12-10 19:00:00,25.67886011860921,7.12,0.0
8253,2023-12-10 20:00:00,25.422071517423124,7.2,0.0
8254,2023-12-10 21:00:00,24.138128511492663,6.94,0.0
8255,2023-12-10 22:00:00,21.570242499631743,6.62,0.0
8256,2023-12-10 23:00:00,21.31345389844565,6.43,0.0
8257,2023-12-11 00:00:00,29.095758510575703,6.59,0.0
8258,2023-12-11 01:00:00,27.277273603664725,6.58,0.0
8259,2023-12-11 02:00:00,28.36836454781132,6.35,0.0
8260,2023-12-11 03:00:00,29.095758510575703,6.43,0.0
8261,2023-12-11 04:00:00,30.186849454722296,6.64,0.0
8262,2023-12-11 05:00:00,31.27794039886889,6.97,0.0
8263,2023-12-11 06:00:00,32.36903134301547,7.32,0.0
8264,2023-12-11 07:00:00,32.73272832439767,7.71,0.001
8265,2023-12-11 08:00:00,33.46012228716206,7.67,0.087
8266,2023-12-11 09:00:00,34.55121323130865,7.24,0.292
8267,2023-12-11 10:00:00,34.18751624992645,8.01,0.5
8268,2023-12-11 11:00:00,34.91491021269084,7.87,0.667
8269,2023-12-11 12:00:00,34.91491021269084,8.14,0.768
8270,2023-12-11 13:00:00,34.18751624992645,8.14,0.799
8271,2023-12-11 14:00:00,32.73272832439767,8.23,0.757
8272,2023-12-11 15:00:00,32.73272832439767,8.1,0.649
8273,2023-12-11 16:00:00,33.82381926854426,7.84,0.48
8274,2023-12-11 17:00:00,34.91491021269084,7.59,0.272
8275,2023-12-11 18:00:00,36.36969813821963,7.33,0.072
8276,2023-12-11 19:00:00,36.36969813821963,7.43,0.0
8277,2023-12-11 20:00:00,36.006001156837435,7.57,0.0
8278,2023-12-11 21:00:00,34.18751624992645,7.6,0.0
8279,2023-12-11 22:00:00,30.550546436104497,7.66,0.0
8280,2023-12-11 23:00:00,30.186849454722296,7.31,0.0
8281,2023-12-12 00:00:00,30.300359977574058,6.62,0.0
8282,2023-12-12 01:00:00,28.406587478975684,6.33,0.0
8283,2023-12-12 02:00:00,29.542850978134712,6.3,0.0
8284,2023-12-12 03:00:00,30.300359977574058,6.0,0.0
8285,2023-12-12 04:00:00,31.43662347673309,5.9,0.0
8286,2023-12-12 05:00:00,32.57288697589212,5.98,0.0
8287,2023-12-12 06:00:00,33.70915047505114,5.83,0.0
8288,2023-12-12 07:00:00,34.08790497477082,5.91,0.0
8289,2023-12-12 08:00:00,34.84541397421017,5.6,0.083
8290,2023-12-12 09:00:00,35.9816774733692,5.12,0.284
8291,2023-12-12 10:00:00,35.60292297364952,5.41,0.5
8292,2023-12-12 11:00:00,36.36043197308887,5.65,0.672
8293,2023-12-12 12:00:00,36.36043197308887,6.84,0.778
8294,2023-12-12 13:00:00,35.60292297364952,6.8,0.812
8295,2023-12-12 14:00:00,34.08790497477082,6.66,0.769
8296,2023-12-12 15:00:00,34.08790497477082,6.48,0.656
8297,2023-12-12 16:00:00,35.22416847392984,6.17,0.484
8298,2023-12-12 17:00:00,36.36043197308887,5.87,0.275
8299,2023-12-12 18:00:00,37.875449971967576,6.02,0.073
8300,2023-12-12 19:00:00,37.875449971967576,6.1,0.0
8301,2023-12-12 20:00:00,37.4966954722479,6.8,0.0
8302,2023-12-12 21:00:00,35.60292297364952,6.78,0.0
8303,2023-12-12 22:00:00,31.81537797645277,6.52,0.0
8304,2023-12-12 23:00:00,31.43662347673309,6.23,0.0
8305,2023-12-13 00:00:00,29.52817955001101,5.98,0.0
8306,2023-12-13 01:00:00,27.68266832813532,6.04,0.0
8307,2023-12-13 02:00:00,28.789975061260733,6.14,0.0
8308,2023-12-13 03:00:00,29.52817955001101,5.97,0.0
8309,2023-12-13 04:00:00,30.635486283136427,5.89,0.0
8310,2023-12-13 05:00:00,31.74279301626184,6.04,0.0
8311,2023-12-13 06:00:00,32.850099749387255,6.33,0.0
8312,2023-12-13 07:00:00,33.21920199376239,6.52,0.0
8313,2023-12-13 08:00:00,33.95740648251267,6.52,0.083
8314,2023-12-13 09:00:00,35.06471321563808,5.98,0.286
8315,2023-12-13 10:00:00,34.69561097126293,6.43,0.491
8316,2023-12-13 11:00:00,35.433815460013214,6.8,0.642
8317,2023-12-13 12:00:00,35.433815460013214,6.4,0.732
8318,2023-12-13 13:00:00,34.69561097126293,6.04,0.755
8319,2023-12-13 14:00:00,33.21920199376239,5.92,0.753
8320,2023-12-13 15:00:00,33.21920199376239,6.23,0.645
8321,2023-12-13 16:00:00,34.3265087268878,6.26,0.473
8322,2023-12-13 17:00:00,35.433815460013214,6.05,0.267
8323,2023-12-13 18:00:00,36.91022443751377,6.21,0.069
8324,2023-12-13 19:00:00,36.91022443751377,6.18,0.0
8325,2023-12-13 20:00:00,36.54112219313863,6.36,0.0
8326,2023-12-13 21:00:00,34.69561097126293,6.62,0.0
8327,2023-12-13 22:00:00,31.004588527511565,7.03,0.0
8328,2023-12-13 23:00:00,30.635486283136427,7.09,0.0
8329,2023-12-14 00:00:00,30.88721710252198,7.72,0.0
8330,2023-12-14 01:00:00,28.95676603361436,7.38,0.0
8331,2023-12-14 02:00:00,30.115036674958937,7.11,0.0
8332,2023-12-14 03:00:00,30.88721710252198,6.94,0.0
8333,2023-12-14 04:00:00,32.04548774386655,6.91,0.0
8334,2023-12-14 05:00:00,33.20375838521113,7.0,0.0
8335,2023-12-14 06:00:00,34.36202902655571,7.22,0.0
8336,2023-12-14 07:00:00,34.74811924033723,7.38,0.0
8337,2023-12-14 08:00:00,35.52029966790028,6.6,0.078
8338,2023-12-14 09:00:00,36.67857030924485,5.88,0.274
8339,2023-12-14 10:00:00,36.292480095463326,5.95,0.485
8340,2023-12-14 11:00:00,37.064660523026376,6.0,0.65
8341,2023-12-14 12:00:00,37.064660523026376,6.58,0.751
8342,2023-12-14 13:00:00,36.292480095463326,6.75,0.778
8343,2023-12-14 14:00:00,34.74811924033723,6.33,0.736
8344,2023-12-14 15:00:00,34.74811924033723,6.33,0.639
8345,2023-12-14 16:00:00,35.90638988168181,6.09,0.472
8346,2023-12-14 17:00:00,37.064660523026376,5.82,0.265
8347,2023-12-14 18:00:00,38.60902137815248,6.35,0.071
8348,2023-12-14 19:00:00,38.60902137815248,7.13,0.0
8349,2023-12-14 20:00:00,38.22293116437096,7.5,0.0
8350,2023-12-14 21:00:00,36.292480095463326,7.59,0.0
8351,2023-12-14 22:00:00,32.43157795764808,7.52,0.0
8352,2023-12-14 23:00:00,32.04548774386655,7.25,0.0
8353,2023-12-15 00:00:00,30.115036674958937,7.43,0.0
8354,2023-12-15 01:00:00,28.232846882774,6.99,0.0
8355,2023-12-15 02:00:00,29.36216075808496,6.67,0.0
8356,2023-12-15 03:00:00,30.115036674958937,6.62,0.0
8357,2023-12-15 04:00:00,31.24435055026989,6.49,0.0
8358,2023-12-15 05:00:00,32.37366442558085,6.35,0.0
8359,2023-12-15 06:00:00,33.50297830089181,6.13,0.0
8360,2023-12-15 07:00:00,33.879416259328806,6.04,0.0
8361,2023-12-15 08:00:00,34.632292176202775,6.32,0.081
8362,2023-12-15 09:00:00,35.76160605151374,5.59,0.261
8363,2023-12-15 10:00:00,35.38516809307674,6.1,0.398
8364,2023-12-15 11:00:00,36.13804400995072,6.44,0.501
8365,2023-12-15 12:00:00,36.13804400995072,7.21,0.618
8366,2023-12-15 13:00:00,35.38516809307674,7.17,0.639
8367,2023-12-15 14:00:00,33.879416259328806,7.28,0.747
8368,2023-12-15 15:00:00,33.879416259328806,7.14,0.644
8369,2023-12-15 16:00:00,35.008730134639755,6.59,0.482
8370,2023-12-15 17:00:00,36.13804400995072,6.33,0.272
8371,2023-12-15 18:00:00,37.64379584369866,5.78,0.07
8372,2023-12-15 19:00:00,37.64379584369866,5.69,0.0
8373,2023-12-15 20:00:00,37.26735788526168,5.54,0.0
8374,2023-12-15 21:00:00,35.38516809307674,5.64,0.0
8375,2023-12-15 22:00:00,31.62078850870688,6.25,0.0
8376,2023-12-15 23:00:00,31.24435055026989,6.77,0.0
8377,2023-12-16 00:00:00,21.21025198430185,6.77,0.0
8378,2023-12-16 01:00:00,19.88461123528298,6.43,0.0
8379,2023-12-16 02:00:00,20.679995684694298,6.84,0.0
8380,2023-12-16 03:00:00,21.21025198430185,7.06,0.0
8381,2023-12-16 04:00:00,22.005636433713164,7.18,0.0
8382,2023-12-16 05:00:00,22.801020883124483,7.72,0.0
8383,2023-12-16 06:00:00,23.59640533253581,7.66,0.0
8384,2023-12-16 07:00:00,23.861533482339578,8.54,0.0
8385,2023-12-16 08:00:00,24.39178978194712,8.34,0.067
8386,2023-12-16 09:00:00,25.18717423135844,8.02,0.243
8387,2023-12-16 10:00:00,24.92204608155467,7.67,0.473
8388,2023-12-16 11:00:00,25.45230238116222,7.65,0.586
8389,2023-12-16 12:00:00,25.45230238116222,8.96,0.764
8390,2023-12-16 13:00:00,24.92204608155467,7.93,0.802
8391,2023-12-16 14:00:00,23.861533482339578,7.29,0.763
8392,2023-12-16 15:00:00,23.861533482339578,7.57,0.656
8393,2023-12-16 16:00:00,24.656917931750897,6.88,0.483
8394,2023-12-16 17:00:00,25.45230238116222,6.51,0.274
8395,2023-12-16 18:00:00,26.512814980377307,6.27,0.076
8396,2023-12-16 19:00:00,26.512814980377307,5.74,0.0
8397,2023-12-16 20:00:00,26.24768683057354,5.54,0.0
8398,2023-12-16 21:00:00,24.92204608155467,5.63,0.0
8399,2023-12-16 22:00:00,22.270764583516943,6.33,0.0
8400,2023-12-16 23:00:00,22.005636433713164,6.24,0.0
8401,2023-12-17 00:00:00,20.543088094887374,6.36,0.0
8402,2023-12-17 01:00:00,19.25914508895691,6.62,0.0
8403,2023-12-17 02:00:00,20.02951089251519,6.84,0.0
8404,2023-12-17 03:00:00,20.543088094887374,6.84,0.0
8405,2023-12-17 04:00:00,21.31345389844565,7.16,0.0
8406,2023-12-17 05:00:00,22.08381970200393,6.54,0.0
8407,2023-12-17 06:00:00,22.854185505562207,6.47,0.0
8408,2023-12-17 07:00:00,23.11097410674829,6.74,0.0
8409,2023-12-17 08:00:00,23.62455130912048,6.41,0.073
8410,2023-12-17 09:00:00,24.394917112678755,6.22,0.27
8411,2023-12-17 10:00:00,24.138128511492663,6.23,0.481
8412,2023-12-17 11:00:00,24.65170571386485,6.31,0.65
8413,2023-12-17 12:00:00,24.65170571386485,6.94,0.757
8414,2023-12-17 13:00:00,24.138128511492663,7.12,0.796
8415,2023-12-17 14:00:00,23.11097410674829,7.22,0.759
8416,2023-12-17 15:00:00,23.11097410674829,7.33,0.653
8417,2023-12-17 16:00:00,23.88133991030657,6.89,0.487
8418,2023-12-17 17:00:00,24.65170571386485,6.41,0.28
8419,2023-12-17 18:00:00,25.67886011860921,6.26,0.078
8420,2023-12-17 19:00:00,25.67886011860921,6.79,0.0
8421,2023-12-17 20:00:00,25.422071517423124,7.21,0.0
8422,2023-12-17 21:00:00,24.138128511492663,6.93,0.0
8423,2023-12-17 22:00:00,21.570242499631743,6.8,0.0
8424,2023-12-17 23:00:00,21.31345389844565,6.8,0.0
8425,2023-12-18 00:00:00,29.095758510575703,7.28,0.0
8426,2023-12-18 01:00:00,27.277273603664725,7.18,0.0
8427,2023-12-18 02:00:00,28.36836454781132,6.78,0.0
8428,2023-12-18 03:00:00,29.095758510575703,6.52,0.0
8429,2023-12-18 04:00:00,30.186849454722296,6.47,0.0
8430,2023-12-18 05:00:00,31.27794039886889,6.51,0.0
8431,2023-12-18 06:00:00,32.36903134301547,6.7,0.0
8432,2023-12-18 07:00:00,32.73272832439767,7.02,0.0
8433,2023-12-18 08:00:00,33.46012228716206,7.29,0.073
8434,2023-12-18 09:00:00,34.55121323130865,7.2,0.259
8435,2023-12-18 10:00:00,34.18751624992645,7.08,0.461
8436,2023-12-18 11:00:00,34.91491021269084,7.09,0.615
8437,2023-12-18 12:00:00,34.91491021269084,7.89,0.709
8438,2023-12-18 13:00:00,34.18751624992645,8.02,0.716
8439,2023-12-18 14:00:00,32.73272832439767,8.24,0.725
8440,2023-12-18 15:00:00,32.73272832439767,8.21,0.646
8441,2023-12-18 16:00:00,33.82381926854426,7.79,0.48
8442,2023-12-18 17:00:00,34.91491021269084,7.41,0.275
8443,2023-12-18 18:00:00,36.36969813821963,7.47,0.077
8444,2023-12-18 19:00:00,36.36969813821963,7.99,0.0
8445,2023-12-18 20:00:00,36.006001156837435,8.01,0.0
8446,2023-12-18 21:00:00,34.18751624992645,7.9,0.0
8447,2023-12-18 22:00:00,30.550546436104497,7.8,0.0
8448,2023-12-18 23:00:00,30.186849454722296,7.72,0.0
8449,2023-12-19 00:00:00,30.300359977574058,7.58,0.0
8450,2023-12-19 01:00:00,28.406587478975684,7.55,0.0
8451,2023-12-19 02:00:00,29.542850978134712,7.41,0.0
8452,2023-12-19 03:00:00,30.300359977574058,7.79,0.0
8453,2023-12-19 04:00:00,31.43662347673309,7.92,0.0
8454,2023-12-19 05:00:00,32.57288697589212,8.1,0.0
8455,2023-12-19 06:00:00,33.70915047505114,8.28,0.0
8456,2023-12-19 07:00:00,34.08790497477082,8.64,0.0
8457,2023-12-19 08:00:00,34.84541397421017,8.36,0.045
8458,2023-12-19 09:00:00,35.9816774733692,8.22,0.187
8459,2023-12-19 10:00:00,35.60292297364952,8.02,0.342
8460,2023-12-19 11:00:00,36.36043197308887,7.89,0.499
8461,2023-12-19 12:00:00,36.36043197308887,8.21,0.56
8462,2023-12-19 13:00:00,35.60292297364952,8.35,0.693
8463,2023-12-19 14:00:00,34.08790497477082,7.92,0.594
8464,2023-12-19 15:00:00,34.08790497477082,7.87,0.51
8465,2023-12-19 16:00:00,35.22416847392984,7.9,0.337
8466,2023-12-19 17:00:00,36.36043197308887,7.26,0.169
8467,2023-12-19 18:00:00,37.875449971967576,7.28,0.043
8468,2023-12-19 19:00:00,37.875449971967576,7.81,0.0
8469,2023-12-19 20:00:00,37.4966954722479,7.85,0.0
8470,2023-12-19 21:00:00,35.60292297364952,7.93,0.0
8471,2023-12-19 22:00:00,31.81537797645277,7.78,0.0
8472,2023-12-19 23:00:00,31.43662347673309,7.99,0.0
8473,2023-12-20 00:00:00,29.52817955001101,8.56,0.0
8474,2023-12-20 01:00:00,27.68266832813532,8.73,0.0
8475,2023-12-20 02:00:00,28.789975061260733,8.81,0.0
8476,2023-12-20 03:00:00,29.52817955001101,8.77,0.0
8477,2023-12-20 04:00:00,30.635486283136427,9.12,0.0
8478,2023-12-20 05:00:00,31.74279301626184,8.94,0.0
8479,2023-12-20 06:00:00,32.850099749387255,8.95,0.0
8480,2023-12-20 07:00:00,33.21920199376239,9.08,0.0
8481,2023-12-20 08:00:00,33.95740648251267,9.01,0.052
8482,2023-12-20 09:00:00,35.06471321563808,8.51,0.113
8483,2023-12-20 10:00:00,34.69561097126293,8.72,0.227
8484,2023-12-20 11:00:00,35.433815460013214,9.13,0.411
8485,2023-12-20 12:00:00,35.433815460013214,9.87,0.705
8486,2023-12-20 13:00:00,34.69561097126293,10.3,0.668
8487,2023-12-20 14:00:00,33.21920199376239,10.59,0.673
8488,2023-12-20 15:00:00,33.21920199376239,10.65,0.477
8489,2023-12-20 16:00:00,34.3265087268878,10.54,0.393
8490,2023-12-20 17:00:00,35.433815460013214,10.76,0.189
8491,2023-12-20 18:00:00,36.91022443751377,10.3,0.066
8492,2023-12-20 19:00:00,36.91022443751377,9.72,0.0
8493,2023-12-20 20:00:00,36.54112219313863,9.63,0.0
8494,2023-12-20 21:00:00,34.69561097126293,9.84,0.0
8495,2023-12-20 22:00:00,31.004588527511565,9.97,0.0
8496,2023-12-20 23:00:00,30.635486283136427,10.11,0.0
8497,2023-12-21 00:00:00,30.88721710252198,10.56,0.0
8498,2023-12-21 01:00:00,28.95676603361436,10.36,0.0
8499,2023-12-21 02:00:00,30.115036674958937,10.12,0.0
8500,2023-12-21 03:00:00,30.88721710252198,9.91,0.0
8501,2023-12-21 04:00:00,32.04548774386655,9.9,0.0
8502,2023-12-21 05:00:00,33.20375838521113,9.97,0.0
8503,2023-12-21 06:00:00,34.36202902655571,9.97,0.0
8504,2023-12-21 07:00:00,34.74811924033723,10.12,0.0
8505,2023-12-21 08:00:00,35.52029966790028,10.22,0.06
8506,2023-12-21 09:00:00,36.67857030924485,10.13,0.247
8507,2023-12-21 10:00:00,36.292480095463326,10.45,0.46
8508,2023-12-21 11:00:00,37.064660523026376,10.68,0.627
8509,2023-12-21 12:00:00,37.064660523026376,10.3,0.72
8510,2023-12-21 13:00:00,36.292480095463326,10.23,0.759
8511,2023-12-21 14:00:00,34.74811924033723,10.15,0.74
8512,2023-12-21 15:00:00,34.74811924033723,9.88,0.608
8513,2023-12-21 16:00:00,35.90638988168181,9.87,0.447
8514,2023-12-21 17:00:00,37.064660523026376,9.88,0.272
8515,2023-12-21 18:00:00,38.60902137815248,9.76,0.076
8516,2023-12-21 19:00:00,38.60902137815248,9.63,0.0
8517,2023-12-21 20:00:00,38.22293116437096,9.69,0.0
8518,2023-12-21 21:00:00,36.292480095463326,9.62,0.0
8519,2023-12-21 22:00:00,32.43157795764808,9.41,0.0
8520,2023-12-21 23:00:00,32.04548774386655,9.27,0.0
8521,2023-12-22 00:00:00,30.115036674958937,9.07,0.0
8522,2023-12-22 01:00:00,28.232846882774,8.98,0.0
8523,2023-12-22 02:00:00,29.36216075808496,9.08,0.0
8524,2023-12-22 03:00:00,30.115036674958937,8.92,0.0
8525,2023-12-22 04:00:00,31.24435055026989,9.1,0.0
8526,2023-12-22 05:00:00,32.37366442558085,9.03,0.0
8527,2023-12-22 06:00:00,33.50297830089181,9.08,0.0
8528,2023-12-22 07:00:00,33.879416259328806,8.79,0.0
8529,2023-12-22 08:00:00,34.632292176202775,9.26,0.063
8530,2023-12-22 09:00:00,35.76160605151374,9.56,0.242
8531,2023-12-22 10:00:00,35.38516809307674,9.15,0.447
8532,2023-12-22 11:00:00,36.13804400995072,8.67,0.627
8533,2023-12-22 12:00:00,36.13804400995072,8.56,0.733
8534,2023-12-22 13:00:00,35.38516809307674,8.63,0.78
8535,2023-12-22 14:00:00,33.879416259328806,8.6,0.717
8536,2023-12-22 15:00:00,33.879416259328806,8.63,0.641
8537,2023-12-22 16:00:00,35.008730134639755,8.54,0.425
8538,2023-12-22 17:00:00,36.13804400995072,8.14,0.244
8539,2023-12-22 18:00:00,37.64379584369866,7.57,0.075
8540,2023-12-22 19:00:00,37.64379584369866,7.5,0.0
8541,2023-12-22 20:00:00,37.26735788526168,7.79,0.0
8542,2023-12-22 21:00:00,35.38516809307674,7.44,0.0
8543,2023-12-22 22:00:00,31.62078850870688,7.29,0.0
8544,2023-12-22 23:00:00,31.24435055026989,7.0,0.0
8545,2023-12-23 00:00:00,21.21025198430185,7.0,0.0
8546,2023-12-23 01:00:00,19.88461123528298,6.65,0.0
8547,2023-12-23 02:00:00,20.679995684694298,6.47,0.0
8548,2023-12-23 03:00:00,21.21025198430185,6.62,0.0
8549,2023-12-23 04:00:00,22.005636433713164,6.86,0.0
8550,2023-12-23 05:00:00,22.801020883124483,6.71,0.0
8551,2023-12-23 06:00:00,23.59640533253581,6.91,0.0
8552,2023-12-23 07:00:00,23.861533482339578,7.38,0.0
8553,2023-12-23 08:00:00,24.39178978194712,7.42,0.063
8554,2023-12-23 09:00:00,25.18717423135844,7.67,0.25
8555,2023-12-23 10:00:00,24.92204608155467,7.78,0.467
8556,2023-12-23 11:00:00,25.45230238116222,7.5,0.639
8557,2023-12-23 12:00:00,25.45230238116222,7.43,0.724
8558,2023-12-23 13:00:00,24.92204608155467,6.88,0.745
8559,2023-12-23 14:00:00,23.861533482339578,6.86,0.711
8560,2023-12-23 15:00:00,23.861533482339578,6.8,0.62
8561,2023-12-23 16:00:00,24.656917931750897,6.86,0.481
8562,2023-12-23 17:00:00,25.45230238116222,6.69,0.283
8563,2023-12-23 18:00:00,26.512814980377307,6.11,0.082
8564,2023-12-23 19:00:00,26.512814980377307,6.01,0.0
8565,2023-12-23 20:00:00,26.24768683057354,6.02,0.0
8566,2023-12-23 21:00:00,24.92204608155467,6.45,0.0
8567,2023-12-23 22:00:00,22.270764583516943,6.65,0.0
8568,2023-12-23 23:00:00,22.005636433713164,6.23,0.0
8569,2023-12-24 00:00:00,20.543088094887374,5.86,0.0
8570,2023-12-24 01:00:00,19.25914508895691,5.08,0.0
8571,2023-12-24 02:00:00,20.02951089251519,4.72,0.0
8572,2023-12-24 03:00:00,20.543088094887374,4.61,0.0
8573,2023-12-24 04:00:00,21.31345389844565,4.52,0.0
8574,2023-12-24 05:00:00,22.08381970200393,4.75,0.0
8575,2023-12-24 06:00:00,22.854185505562207,5.01,0.0
8576,2023-12-24 07:00:00,23.11097410674829,5.1,0.0
8577,2023-12-24 08:00:00,23.62455130912048,5.06,0.056
8578,2023-12-24 09:00:00,24.394917112678755,4.88,0.245
8579,2023-12-24 10:00:00,24.138128511492663,5.12,0.459
8580,2023-12-24 11:00:00,24.65170571386485,5.03,0.628
8581,2023-12-24 12:00:00,24.65170571386485,5.62,0.73
8582,2023-12-24 13:00:00,24.138128511492663,5.42,0.778
8583,2023-12-24 14:00:00,23.11097410674829,4.86,0.744
8584,2023-12-24 15:00:00,23.11097410674829,4.88,0.644
8585,2023-12-24 16:00:00,23.88133991030657,5.05,0.483
8586,2023-12-24 17:00:00,24.65170571386485,5.51,0.282
8587,2023-12-24 18:00:00,25.67886011860921,5.74,0.083
8588,2023-12-24 19:00:00,25.67886011860921,5.7,0.001
8589,2023-12-24 20:00:00,25.422071517423124,5.73,0.0
8590,2023-12-24 21:00:00,24.138128511492663,5.91,0.0
8591,2023-12-24 22:00:00,21.570242499631743,5.68,0.0
8592,2023-12-24 23:00:00,21.31345389844565,5.91,0.0
8593,2023-12-25 00:00:00,29.095758510575703,6.14,0.0
8594,2023-12-25 01:00:00,27.277273603664725,6.18,0.0
8595,2023-12-25 02:00:00,28.36836454781132,5.9,0.0
8596,2023-12-25 03:00:00,29.095758510575703,5.68,0.0
8597,2023-12-25 04:00:00,30.186849454722296,5.41,0.0
8598,2023-12-25 05:00:00,31.27794039886889,5.22,0.0
8599,2023-12-25 06:00:00,32.36903134301547,5.22,0.0
8600,2023-12-25 07:00:00,32.73272832439767,5.46,0.0
8601,2023-12-25 08:00:00,33.46012228716206,5.2,0.06
8602,2023-12-25 09:00:00,34.55121323130865,4.71,0.243
8603,2023-12-25 10:00:00,34.18751624992645,4.83,0.457
8604,2023-12-25 11:00:00,34.91491021269084,5.2,0.624
8605,2023-12-25 12:00:00,34.91491021269084,5.39,0.731
8606,2023-12-25 13:00:00,34.18751624992645,4.99,0.771
8607,2023-12-25 14:00:00,32.73272832439767,4.85,0.74
8608,2023-12-25 15:00:00,32.73272832439767,5.16,0.64
8609,2023-12-25 16:00:00,33.82381926854426,5.59,0.48
8610,2023-12-25 17:00:00,34.91491021269084,5.85,0.281
8611,2023-12-25 18:00:00,36.36969813821963,6.12,0.084
8612,2023-12-25 19:00:00,36.36969813821963,6.38,0.001
8613,2023-12-25 20:00:00,36.006001156837435,6.17,0.0
8614,2023-12-25 21:00:00,34.18751624992645,6.23,0.0
8615,2023-12-25 22:00:00,30.550546436104497,6.29,0.0
8616,2023-12-25 23:00:00,30.186849454722296,6.33,0.0
8617,2023-12-26 00:00:00,30.300359977574058,6.21,0.0
8618,2023-12-26 01:00:00,28.406587478975684,5.95,0.0
8619,2023-12-26 02:00:00,29.542850978134712,5.82,0.0
8620,2023-12-26 03:00:00,30.300359977574058,5.71,0.0
8621,2023-12-26 04:00:00,31.43662347673309,5.64,0.0
8622,2023-12-26 05:00:00,32.57288697589212,5.51,0.0
8623,2023-12-26 06:00:00,33.70915047505114,5.41,0.0
8624,2023-12-26 07:00:00,34.08790497477082,5.35,0.0
8625,2023-12-26 08:00:00,34.84541397421017,5.83,0.048
8626,2023-12-26 09:00:00,35.9816774733692,5.49,0.192
8627,2023-12-26 10:00:00,35.60292297364952,5.7,0.458
8628,2023-12-26 11:00:00,36.36043197308887,5.91,0.63
8629,2023-12-26 12:00:00,36.36043197308887,5.38,0.74
8630,2023-12-26 13:00:00,35.60292297364952,5.28,0.782
8631,2023-12-26 14:00:00,34.08790497477082,5.17,0.752
8632,2023-12-26 15:00:00,34.08790497477082,4.95,0.651
8633,2023-12-26 16:00:00,35.22416847392984,4.88,0.491
8634,2023-12-26 17:00:00,36.36043197308887,4.7,0.289
8635,2023-12-26 18:00:00,37.875449971967576,5.0,0.088
8636,2023-12-26 19:00:00,37.875449971967576,5.49,0.001
8637,2023-12-26 20:00:00,37.4966954722479,6.11,0.0
8638,2023-12-26 21:00:00,35.60292297364952,6.55,0.0
8639,2023-12-26 22:00:00,31.81537797645277,6.68,0.0
8640,2023-12-26 23:00:00,31.43662347673309,6.77,0.0
8641,2023-12-27 00:00:00,29.52817955001101,6.35,0.0
8642,2023-12-27 01:00:00,27.68266832813532,6.53,0.0
8643,2023-12-27 02:00:00,28.789975061260733,6.83,0.0
8644,2023-12-27 03:00:00,29.52817955001101,7.41,0.0
8645,2023-12-27 04:00:00,30.635486283136427,7.6,0.0
8646,2023-12-27 05:00:00,31.74279301626184,7.6,0.0
8647,2023-12-27 06:00:00,32.850099749387255,7.8,0.0
8648,2023-12-27 07:00:00,33.21920199376239,7.8,0.0
8649,2023-12-27 08:00:00,33.95740648251267,7.71,0.062
8650,2023-12-27 09:00:00,35.06471321563808,6.55,0.255
8651,2023-12-27 10:00:00,34.69561097126293,6.31,0.455
8652,2023-12-27 11:00:00,35.433815460013214,6.17,0.63
8653,2023-12-27 12:00:00,35.433815460013214,6.84,0.74
8654,2023-12-27 13:00:00,34.69561097126293,6.62,0.782
8655,2023-12-27 14:00:00,33.21920199376239,6.93,0.751
8656,2023-12-27 15:00:00,33.21920199376239,6.84,0.607
8657,2023-12-27 16:00:00,34.3265087268878,6.87,0.472
8658,2023-12-27 17:00:00,35.433815460013214,6.8,0.289
8659,2023-12-27 18:00:00,36.91022443751377,7.06,0.089
8660,2023-12-27 19:00:00,36.91022443751377,7.82,0.001
8661,2023-12-27 20:00:00,36.54112219313863,7.8,0.0
8662,2023-12-27 21:00:00,34.69561097126293,7.8,0.0
8663,2023-12-27 22:00:00,31.004588527511565,7.9,0.0
8664,2023-12-27 23:00:00,30.635486283136427,8.21,0.0
8665,2023-12-28 00:00:00,30.88721710252198,8.5,0.0
8666,2023-12-28 01:00:00,28.95676603361436,8.7,0.0
8667,2023-12-28 02:00:00,30.115036674958937,8.5,0.0
8668,2023-12-28 03:00:00,30.88721710252198,8.6,0.0
8669,2023-12-28 04:00:00,32.04548774386655,8.9,0.0
8670,2023-12-28 05:00:00,33.20375838521113,9.1,0.0
8671,2023-12-28 06:00:00,34.36202902655571,9.3,0.0
8672,2023-12-28 07:00:00,34.74811924033723,9.0,0.0
8673,2023-12-28 08:00:00,35.52029966790028,8.91,0.062
8674,2023-12-28 09:00:00,36.67857030924485,7.5,0.255
8675,2023-12-28 10:00:00,36.292480095463326,7.75,0.457
8676,2023-12-28 11:00:00,37.064660523026376,7.85,0.625
8677,2023-12-28 12:00:00,37.064660523026376,7.38,0.736
8678,2023-12-28 13:00:00,36.292480095463326,7.17,0.783
8679,2023-12-28 14:00:00,34.74811924033723,7.08,0.737
8680,2023-12-28 15:00:00,34.74811924033723,7.16,0.616
8681,2023-12-28 16:00:00,35.90638988168181,7.35,0.485
8682,2023-12-28 17:00:00,37.064660523026376,7.6,0.222
8683,2023-12-28 18:00:00,38.60902137815248,8.73,0.081
8684,2023-12-28 19:00:00,38.60902137815248,9.0,0.001
8685,2023-12-28 20:00:00,38.22293116437096,8.96,0.0
8686,2023-12-28 21:00:00,36.292480095463326,8.91,0.0
8687,2023-12-28 22:00:00,32.43157795764808,8.76,0.0
8688,2023-12-28 23:00:00,32.04548774386655,8.95,0.0
8689,2023-12-29 00:00:00,30.115036674958937,8.94,0.0
8690,2023-12-29 01:00:00,28.232846882774,8.57,0.0
8691,2023-12-29 02:00:00,29.36216075808496,8.32,0.0
8692,2023-12-29 03:00:00,30.115036674958937,8.37,0.0
8693,2023-12-29 04:00:00,31.24435055026989,8.71,0.0
8694,2023-12-29 05:00:00,32.37366442558085,9.09,0.0
8695,2023-12-29 06:00:00,33.50297830089181,9.59,0.0
8696,2023-12-29 07:00:00,33.879416259328806,9.74,0.0
8697,2023-12-29 08:00:00,34.632292176202775,9.82,0.061
8698,2023-12-29 09:00:00,35.76160605151374,8.42,0.254
8699,2023-12-29 10:00:00,35.38516809307674,8.82,0.462
8700,2023-12-29 11:00:00,36.13804400995072,9.2,0.633
8701,2023-12-29 12:00:00,36.13804400995072,8.3,0.742
8702,2023-12-29 13:00:00,35.38516809307674,7.92,0.781
8703,2023-12-29 14:00:00,33.879416259328806,7.7,0.749
8704,2023-12-29 15:00:00,33.879416259328806,7.71,0.66
8705,2023-12-29 16:00:00,35.008730134639755,7.67,0.499
8706,2023-12-29 17:00:00,36.13804400995072,7.84,0.297
8707,2023-12-29 18:00:00,37.64379584369866,8.91,0.093
8708,2023-12-29 19:00:00,37.64379584369866,9.0,0.001
8709,2023-12-29 20:00:00,37.26735788526168,8.91,0.0
8710,2023-12-29 21:00:00,35.38516809307674,8.94,0.0
8711,2023-12-29 22:00:00,31.62078850870688,8.98,0.0
8712,2023-12-29 23:00:00,31.24435055026989,8.98,0.0
8713,2023-12-30 00:00:00,21.21025198430185,8.47,0.0
8714,2023-12-30 01:00:00,19.88461123528298,7.71,0.0
8715,2023-12-30 02:00:00,20.679995684694298,7.12,0.0
8716,2023-12-30 03:00:00,21.21025198430185,6.63,0.0
8717,2023-12-30 04:00:00,22.005636433713164,6.63,0.0
8718,2023-12-30 05:00:00,22.801020883124483,6.73,0.0
8719,2023-12-30 06:00:00,23.59640533253581,6.94,0.0
8720,2023-12-30 07:00:00,23.861533482339578,7.06,0.0
8721,2023-12-30 08:00:00,24.39178978194712,7.43,0.061
8722,2023-12-30 09:00:00,25.18717423135844,6.91,0.238
8723,2023-12-30 10:00:00,24.92204608155467,6.53,0.462
8724,2023-12-30 11:00:00,25.45230238116222,6.67,0.639
8725,2023-12-30 12:00:00,25.45230238116222,6.71,0.723
8726,2023-12-30 13:00:00,24.92204608155467,7.38,0.773
8727,2023-12-30 14:00:00,23.861533482339578,6.98,0.732
8728,2023-12-30 15:00:00,23.861533482339578,6.54,0.645
8729,2023-12-30 16:00:00,24.656917931750897,6.13,0.503
8730,2023-12-30 17:00:00,25.45230238116222,5.57,0.301
8731,2023-12-30 18:00:00,26.512814980377307,5.61,0.096
8732,2023-12-30 19:00:00,26.512814980377307,6.74,0.001
8733,2023-12-30 20:00:00,26.24768683057354,6.85,0.0
8734,2023-12-30 21:00:00,24.92204608155467,6.87,0.0
8735,2023-12-30 22:00:00,22.270764583516943,6.79,0.0
8736,2023-12-30 23:00:00,22.005636433713164,6.51,0.0
8737,2023-12-31 00:00:00,20.543088094887374,6.0,0.0
8738,2023-12-31 01:00:00,19.25914508895691,5.94,0.0
8739,2023-12-31 02:00:00,20.02951089251519,5.85,0.0
8740,2023-12-31 03:00:00,20.543088094887374,5.63,0.0
8741,2023-12-31 04:00:00,21.31345389844565,5.53,0.0
8742,2023-12-31 05:00:00,22.08381970200393,5.28,0.0
8743,2023-12-31 06:00:00,22.854185505562207,5.28,0.0
8744,2023-12-31 07:00:00,23.11097410674829,5.51,0.0
8745,2023-12-31 08:00:00,23.62455130912048,5.94,0.06
8746,2023-12-31 09:00:00,24.394917112678755,5.26,0.255
8747,2023-12-31 10:00:00,24.138128511492663,4.88,0.468
8748,2023-12-31 11:00:00,24.65170571386485,5.36,0.644
8749,2023-12-31 12:00:00,24.65170571386485,5.96,0.761
8750,2023-12-31 13:00:00,24.138128511492663,6.69,0.805
8751,2023-12-31 14:00:00,23.11097410674829,6.96,0.774
8752,2023-12-31 15:00:00,23.11097410674829,6.69,0.672
8753,2023-12-31 16:00:00,23.88133991030657,6.38,0.51
8754,2023-12-31 17:00:00,24.65170571386485,5.99,0.306
8755,2023-12-31 18:00:00,25.67886011860921,5.82,0.099
8756,2023-12-31 19:00:00,25.67886011860921,5.82,0.002
8757,2023-12-31 20:00:00,25.422071517423124,5.85,0.0
8758,2023-12-31 21:00:00,24.138128511492663,6.68,0.0
8759,2023-12-31 22:00:00,21.570242499631743,6.75,0.0
8760,2023-12-31 23:00:00,21.31345389844565,6.54,0.0
